product_name,categories,brands,quantity,packaging,labels,ingredients_text,nutriments_energy_kcal,nutriments_fat,nutriments_saturated_fat,nutriments_carbohydrates,nutriments_sugars,nutriments_proteins,nutriments_fiber,nutriments_salt,nutriments_sodium,nutrition_grade,price
Weetabix,"Plant-based foods and beverages,Plant-based foods,Breakfasts,Cereals and potatoes,Cereals and their products,Breakfast cereals",Weetabix,430 g,"Box, Container, Card-box, Paper-sleeve","Low or no fat,Low or no salt,Low or no sugar,Low fat,Low salt,Low sugar,Vegetarian,Vegan,Verified","Wholegrain Wheat (95%), Malted Barley Extract, Sugar, Salt, Niacin, Iron, Riboflavin (B2), Thiamin (B1), Folic Acid.",358,2.11,0.526,68.4,4.21,11.8,10,0.257,0.103,a,
cruesly mélange de noix,"Plant-based foods and beverages,Plant-based foods,Breakfasts,Cereals and potatoes,Cereals and their products,Breakfast cereals,Mueslis,Cereals with nuts,Crunchy cereal clusters,Cereal clusters with nuts",Quaker,450 g,"Sachet,Boîte","No artificial flavors,No preservatives,Green Dot,No colorings,No palm oil,Nutriscore,Nutriscore Grade A,Triman","_avoine_ complète (32%), _blé_ complet (18%), sirop de glucose, huile de tournesol, sucre, _amandes_ grillées (4,2%), _noisettes_ (4%), oligofructose, _noix de Pécan_ (1,5%), farine de _blé_, farine de riz, _noix du Brésil_ (1%), miel, arômes naturels, antioxydant (tocophérol).",462,19,2,57,12,8.5,10,0,0,b,
Family Pack,"Aliments et boissons à base de végétaux,Aliments d'origine végétale,Petit-déjeuners,Céréales et pommes de terre,Céréales et dérivés,Céréales pour petit-déjeuner,Céréales pour petit déjeuner riches en fibres",Weetabix,860 g,"Boîte, Carton, en:card-box, en:mixed plastic-bag","Végétarien,Kascher,Source de fibres alimentaires,Assured Food Standards,Union Végétarienne Européenne,Point Vert,Riche en fibres,Beth Din de Londres,Nutriscore,Nutriscore A","Wholegrain _Wheat_ (95%), Malted _Barley_ Extract, Sugar, Salt, Niacin, Iron, Riboflavin (B2), Thiamin (B1), Folic Acid.",362,2,0.6,69,4.2,12,10,0.28,0.112,a,
Aveia em flocos finos Lidl,"Alimente și băuturi pe bază de plante,Alimente pe bază de plante,en:Breakfasts,Cereale și cartofi,en:Cereals and their products,en:Breakfast cereals,en:Flakes,en:Cereal flakes,en:Extruded flakes,en:Rolled flakes,en:Rolled oats,Cereale",CROWNFIELD,500g,"22 PAP,Bolsa","DLG,DLG Goldener Preis,Ballaststoffquelle,DLG Goldener Preis 2014,Grüner Punkt,Ballaststoffreich,Nutriscore,Nutriscore Note A,Triman,en:Verified,es:recicla-azul,fr:medaille-d-or-de-la-societe",100 % wholemeal oat flakes,372,7,1.25,58.8,0.75,13.5,10,0.025,0.01,a,
Flocons d'avoine,"Plant-based foods and beverages,Plant-based foods,Breakfasts,Cereals and potatoes,Cereals and their products,Breakfast cereals,Flakes,Cereal flakes,Rolled flakes,Rolled oats",Bjorg,500 g,"pet-bottle, hdpe-cap, en:paper-carton","Organic,Certified by Ecocert,EU Organic,Source of fibre,Certified B Corporation,DE-ÖKO-001,EU Agriculture,High fibres,Made in Germany,AB Agriculture Biologique,Triman,fr:Riche en magnésium",Flocons d'_avoine_ complète issue de l'agriculture biologique.,362,7.1,1.3,58,1.7,11,11,0.02,0.008,a,
Croustillant Chocolat,"Plant-based foods and beverages,Plant-based foods,Breakfasts,Cereals and potatoes,Cereals and their products,Breakfast cereals,Chocolate cereals,Breakfast cereals rich in fibre,Crunchy cereal clusters,Cereal clusters with chocolate",Bjorg,500 g,Bag,"Organic,EU Organic,Non-EU Agriculture,EU Agriculture,EU/non-EU Agriculture,FR-BIO-01,No palm oil,AB Agriculture Biologique,Triman,fr:Entreprise-b,fr:Planet,Nutriscore Grade B","Flocons d'avoine complète, Flocons de blé complet, Chocolat noir 8% (pâte de cacao, sucre de canne non raffiné, beurre de cacao), Riz extrudé (farine de riz), Sucre de canne non raffiné, Farine de blé, Huile de tournesol, Miel, Stabilisant: gomme d'acacia, Mélasses, Flocons de noix de coco, Sel marin, Cannelle, Antioxydant: extrait riche en tocophérols.",433,14,3.8,62,14,9.8,9.8,0.28,0.112,c,
Weetabix produit à base de blé complet 100%,"Plant-based foods and beverages,Plant-based foods,Breakfasts,Cereals and potatoes,Cereals and their products,Breakfast cereals,Breakfast cereals rich in fibre,fr:Weetabix",Weetabix,430g,Cardboard,"Low or no fat,Low or no sugar,Low fat,Low sugar,Vegetarian,Source of fibre,Vegan,High fibres,Nutriscore,Nutriscore Grade A","_Blé_ complet (95%), extrait d'_orge_ maltée, sucre, sel, niacine, fer, vitamines B2, vitamines B1, vitamines B9.",362,2,0.53,69,4.2,12,10,0.26,0.104,a,
36 Wheat Bisks,"Aliments et boissons à base de végétaux,Aliments d'origine végétale,Petit-déjeuners,Céréales et pommes de terre,Céréales et dérivés,Céréales pour petit-déjeuner,Flocons,Flocons de céréales",Harvest Morn,684 g,"Card-box, Mixed plastic-wrapper","Végétarien,Végétalien","whole wheat (95%), barley malt extract, sugar, salt, niacin, iron, riboflavin, thiamin, folic acid,",353,2.11,0.526,68.4,4.47,11.8,10,0.257,0.103,a,
"Muesli Raisin, Figue, Abricot","Plant-based foods and beverages,Plant-based foods,Breakfasts,Cereals and potatoes,Cereals and their products,Breakfast cereals,Cereals with fruits,Mueslis,Mueslis with fruits",Bjorg,375 g,,"Organic,Certified by Ecocert,EU Organic,Non-EU Agriculture,Source of fibre,Certified B Corporation,DE-ÖKO-001,EU Agriculture,EU/non-EU Agriculture,FR-BIO-01,GB-ORG-05,High fibres,No added sugar,AB Agriculture Biologique,fr:Céréales complètes,fr:Planet Score,fr:Planet Score A","Flocons d'avoine* complète, Flocons de blé* complet, Raisins 8% (raisins*, huile de tournesol*), Figues* séchées 8% (figues*, farine de riz*), Flocons d'épeautre* complet, Pétales de maïs*, Dattes* 4 % (dattes*, farine de riz*), Abricots* secs 3% (abricots*, farine de riz*), Graines de tournesol*, Pétales d'épeautre* complet, Graines de lin*, Graines de courge*.
 Peut contenir des traces de lait, de fruits à coque, de graines de sésame et de soja. *Ingrédients biologiques.",352,5.8,0.9,59,14,11,10,0.03,0.012,a,
Special Muesli 30% fruits & noix,"Aliments et boissons à base de végétaux,Aliments d'origine végétale,Petit-déjeuners,Céréales et pommes de terre,Céréales et dérivés,Céréales pour petit-déjeuner,Céréales aux fruits,Mueslis,Mueslis aux fruits,Müesli",Jordans,750 g,"Etui en carton,Sachet en plastique,Sachet en plastique à jeter,Étui en carton à recycler","Low or no salt,Vegetarian,No artificial flavors,No preservatives,Source of fibre,High fibres,Iron source,Magnesium source,No added salt,No added sugar,No colorings,No palm oil,Nutriscore,Nutriscore Grade A,Phosphore source,Rich in vitamin B1,Triman,fr:Source-de-potassium","Céréales complètes (59%) (flocons d'_avoine_, flocons de _blé_, flocons de _blé_ grillés), fruits secs (raisins secs, raisins de sultanine, abricots secs hachés, tranches de pommes séchées, éclats de noix de coco grillés), noix (_noisettes_ hachées grillées, _amandes_ effilées), flocons d'_orge_, graines de tournesol.",362,7.2,2,60,17,10,8.8,0.03,0.012,a,
Quaker Rolled Oats,"Plant-based foods and beverages, Plant-based foods, Breakfasts, Cereals and potatoes, Cereals and their products, Breakfast cereals, Flakes, Cereal flakes, Rolled flakes, Porridge, Rolled oats",Quaker,1kg,"Carte,en:Card-box","Vegetarian, Source of fibre, Vegan, No added sugar, 100% whole grain, No artificial",100% rolled oats,368,8.5,1.75,63,1,12.3,10,0.00625,0.0025,a,
"Muesli SuperFruits Raisins, cassis,cranberry, myrtille","Plant-based foods and beverages,Plant-based foods,Breakfasts,Cereals and potatoes,Cereals and their products,Breakfast cereals,Cereals with fruits,Mueslis,Mueslis with fruits",Bjorg,375g,fr:Sachet plastique à jeter,"Organic,Certified by Ecocert,EU Organic,Non-EU Agriculture,Source of fibre,DE-ÖKO-001,EU Agriculture,EU/non-EU Agriculture,Green Dot,High fibres,Made in Germany,No added sugar,Nutriscore,Nutriscore Grade A,AB Agriculture Biologique,fr:Entreprise Certifiée B","Flocons d'avoine* complète, Raisins secs* 16% (raisins secs*, huile de tournesol*), Flocons de blé* complet, Flocons d'épeautre complet* (blé), Flocons de blé, Amandes entières*, Cassis lyophilisés* 1%, Cranberries lyophilisées* 0,6%, Myrtilles lyophilisées* 0,5%. Peut contenir des traces de lait, d'autres fruits à coque, de graines de sésame, de soja. *Ingrédients biologiques.",358,6,0.9,60,13,11,10,0.04,0.016,a,
Corn Flakes,"Plant-based foods and beverages, Plant-based foods, Breakfasts, Cereals and potatoes, Cereals and their products, Breakfast cereals, Flakes, Cereal flakes, Extruded cereals, Extruded flakes, Corn flakes",Kellogg's,500 g,"1 Boîte en carton,1 Sachet plastique","Vegetarian, Halal, Kosher, No artificial flavors, Green Dot, Halal Food Authority, Manchester Beth Din, No colorings, Triman","corn, sugar, aroma of malt of barley, salt, vitamins and minerals : vitamin b3/pp, vitamin b6, vitamin b2, vitamin b1, vitamin b9, vitamin d, vitamin b12, iron,",378,0.9,0.2,84,8,7,3,1.1,0.44,d,
Flocons d'avoine complète,"Aliments et boissons à base de végétaux,Aliments d'origine végétale,Petit-déjeuners,Céréales et pommes de terre,Céréales et dérivés,Céréales pour petit-déjeuner,Flocons,Flocons de céréales,Flocons laminés,Flocons d'avoine",Quaker,550 g,"Boîte,Carton,en:pack,en:Green dot,en:Triman,Boîte de carton,Etui en carton,Pensez au tri!","Sans conservateurs,Source de fibres alimentaires,100% naturel,Riche en fibres,Sans sucre ajouté,Nutriscore,Nutriscore A,Triman",100% Flocons d'avoine.,375,8,1.5,60,1.1,11,9,0.01,0.004,a,
Country Crisp 4 noix,"Plant-based foods and beverages,Plant-based foods,Breakfasts,Cereals and potatoes,Cereals and their products,Breakfast cereals,Breakfast cereals rich in fibre,Cereals with nuts,Crunchy cereal clusters,Cereal clusters with nuts",Jordans,550 g,"Plastique,Sachet,Carton,Étui,FSC Recyclé","Low or no salt,Sustainable,Vegetarian,No artificial flavors,No GMOs,No preservatives,FSC,FSC Mix,No added salt,No artificial additives,No colorings,No dyes or preservatives,No palm oil,Triman","Céréales complètes (48%) (flocons d'_avoine_, farine d'_avoine_), sucre, noix (14%) (_noisettes_ grillées en morceaux et entières, _amandes_ effilées et entières, morceaux de _noix du Brésil_, éclats de _noix de pécan_), flocons d'_orge_, huile végétale (huile de colza, huile de tournesol), farine de riz, noix de coco séchée, arôme naturel.",465,20,2.6,58,18,11,6.1,0.03,0.012,c,
Copos de avena,"Plant-based foods and beverages, Plant-based foods, Breakfasts, Cereals and potatoes, Cereals and their products, Breakfast cereals, Flakes, Cereal flakes, Rolled flakes, Rolled oats",Brüggen,500 g,"Paper,Container","Vegetarian, Source of fibre, Vegan, Green Dot, High fibres, Lowers cholesterol",oats,375,7,1.3,59,0.7,14,10,0.02,0.008,a,
simply nutty muesli,"Plant-based foods and beverages,Plant-based foods,Breakfasts,Cereals and potatoes,Cereals and their products,Breakfast cereals,Mueslis,Cereals with nuts,Mueslis with nuts,Nuts",dorset cereals,560 g,,"Vegetarian, Kosher, Vegan, Kashrut division of the London Beth Din, No added sugar, en:vegetarian-society-approved-vegan","wholegrain oat flakes,  chopped dates, barley flakes, wholegrain wheat flakes, chopped roasted hazelnuts, whole almonds, chopped brazil nuts, sunflower seeds",376,6.8,1.1,64.4,14.2,9.9,8.6,0.03,0.012,a,
Muesli Crunchy 0%,"Alimentos y bebidas de origen vegetal,Alimentos de origen vegetal,Desayunos,Cereales y patatas,Semillas,Cereales y derivados,Cereales para el desayuno,Cereales en grano,Muesli,Cereales-muesly",Hacendado,500g,,"Punto Verde,Sin azúcares añadidos","Copos de avena (gluten) (52%), fibras vegetales (achicoria, maiz), harina (20%) (arroz, trigo (gluten)), aceite de girasol alto oleico, extracto de malta de cebada (gluten), aromas, sal. Puede contener trazas de frutos de cáscara, soja, leche, cacahuetes, semillas de sésamo, sulfitos y mostaza.",401,12,1.4,52,3.2,8.8,23,0.08,0.032,a,
Bitesize shredded wheat,"Plant-based foods and beverages,Plant-based foods,Breakfasts,Cereals and potatoes,Cereals and their products,Breakfast cereals,Extruded cereals,Cereals",Nestlé,720 g,"en:card-box, en:hdpeFilm-bag","Vegetarian,Vegan",Whole Grain Wheat (100%),367,2.2,0.5,68.7,0.7,11.8,12.5,0.05,0.02,a,
Wheat Biscuits,"Plant-based foods and beverages,Plant-based foods,Snacks,Breakfasts,Cereals and potatoes,Sweet snacks,Cereals and their products,Breakfast cereals",Tesco,n.48 - 912g,en:card-box,"Vegan,Vegetarian","Wheat (95%), Malted Barley Extract, Sugar, Salt, Niacin, Iron, Riboflavin, Thiamin, Folic Acid. Allergy Advice",358,2,0.6,68,4.4,12,10,0.28,0.112,a,
Super Seedy & Nutty Granola,"Plant-based foods and beverages,Plant-based foods,Breakfasts,Cereals and potatoes,Cereals and their products,Breakfast cereals,Granola",Bio & Me,360g,"en:paper-box, en:hdpe film-bag","no-added-sugar, prebiotic, pt:natural, vegetarian, gut-friendly","Wholegrain Oats (60%), Dates, Chicory Root Fibre, Seeds (5%) (Pumpkin, Sunflower, Brown Linseed), Nuts (4%) (Skin on Almonds, Cashew Nuts), Extra Virgin Olive Oil, Dried Carrot, Puffed Brown Rice, Quinoa, Natural Flavouring.",402,14.4,2.2,50.2,9.6,10.9,14.4,0.03,0.012,a,
Muesli avoine chocolat bio,"Plant-based foods and beverages, Plant-based foods, Breakfasts, Cereals and potatoes, Cereals and their products, Breakfast cereals, Chocolate cereals, Mueslis, Mueslis with chocolate",Bjorg,375 g,"Plástico,Bolsa,en:Dry,fr:Sachet en plastique","Bio,Bio européen,Agriculture non UE,Entreprise B certifiée,DE-ÖKO-001,Agriculture UE,Agriculture UE/Non UE,Point Vert,Fabriqué en Allemagne,en:Planet-Score,AB Agriculture Biologique,Planet-score-b","Flocons d'avoine* complète 35%, Flocons croustillants d'avoine* 33% (avoine complète, miel*), Flocons de blé* complet, Pétales de maïs au chocolat* 7% [pétales de maïs* (maïs*, sucre de canne* brut, sel de mer), sucre de canne* brut, beurre de cacao*, pâte de cacao*, lait* entier en poudre, agent d'enrobage : gomme arabique], Chocolat noir* 7% (pâte de cacao*, sucre de canne* brut, beurre de cacao*), Flocons d'épeautre* complet (blé), Billettes au cacao* (farine de blé*, sucre de canne* brut, farine d'avoine*, poudre de cacao* maigre, farine de malt d'orge*).",390,9.6,3.8,59,8.7,12,10,0.1,0.04,a,
Malt Wheats,"Aliments et boissons à base de végétaux,Aliments d'origine végétale,Petit-déjeuners,Céréales et pommes de terre,Céréales et dérivés,Céréales pour petit-déjeuner,Céréales extrudées,Céréales pour petit déjeuner riches en fibres",Tesco,750 g,"Cardboard, Card-box, Pp-bag","Low or no fat,Low fat,Source of fibre,FSC,FSC Mix,High fibres,Rich in vitamin B12,Rich in vitamin B6,Vegan","Wholewheat Flour, Sugar, Malted Barley Extract, Partially Inverted Sugar Syrup, Salt, Niacin, Iron, Pantothenic Acid, Thiamin, Riboflavin, Vitamin B6, Folic Acid, Vitamin B12.",362,1.25,0.25,82,10,11,11,0.269,0.107,a,
Muesli,"Plant-based foods and beverages,Breakfasts,Cereals and potatoes,Cereals and their products,Breakfast cereals,Mueslis",Alpen,550g,Card-box,No added sugar,"Wholegrain Wheat, Rolled Oats, Raisins, Hazelnuts, Almonds",370,5.5,0.9,65,18,12,8,0.275,0.11,b,
Crispy minis imp,"Plant-based foods and beverages, Plant-based foods, Breakfasts, Cereals and potatoes, Cereals and their products, Breakfast cereals, extruded cereals",Weetabix,500gram,,,"Wholegrain _Wheat_ 88%, Plain Chocolate 12% (Sugar, Cocoa Mass, Cocoa Butter, Emulsifier: Soya Lecithin, Flavouring), Sugar, Salt, Flavouring, Iron, Niacin, Thiamin (B1), Riboflavin (B2), Folic Acid, Vitamin D.",385,5,2.25,70,17,10,10,0.2,0.08,b,
CHOCAPIC BIO Céréales 375g,"Aliments et boissons à base de végétaux,Aliments d'origine végétale,Petit-déjeuners,Céréales et pommes de terre,Céréales et dérivés,Céréales pour petit-déjeuner,Céréales au chocolat,Céréales extrudées,Céréales pour petit déjeuner riches en fibres,Pétales de blé chocolatés,Céréales pour petit déjeuner enrichies en vitamines et minéraux","Nestlé, Chocapic",375 g,"Caixa,Cartão,fr:Conteneur,fr:Etui en carton,fr:Film en plastique,fr:Sachet plastique","Bio,Bio européen,Agriculture non UE,Agriculture UE,Agriculture UE/Non UE,FR-BIO-01,Point Vert,Fabriqué en France,Sans huile de palme,Nutriscore,Nutriscore A,Nutriscore B,Rainforest Alliance,AB Agriculture Biologique,Triman, Végétarien","Farine de BLÉ complet¹ 33,0 %, chocolat en poudre 26,5 % (sucre¹, cacao en poudre¹*) farine de BLÉ¹, semoule de maïs¹, sirop de glucose¹, extrait de malt d'ORGE¹, huile de tournesol¹, sel, arôme naturel de vanille, arôme naturel de cannelle. ¹ ingrédients issus de l'agriculture biologique. Peut contenir du LAIT et des FRUITS À COQUE. *Bilan massique certifié Rainforest Alliance. www.ra.org/fr. Nestlé achète une quantité de cacao certifié Rainforest Alliance équivalente à celle nécessaire pour ce produit.",391,5.5,1.6,72.3,22.5,8.8,7.9,0.22,0.088,c,
Céréales Chocapic,"Aliments et boissons à base de végétaux,Aliments d'origine végétale,Petit-déjeuners,Céréales et pommes de terre,Céréales et dérivés,Céréales pour petit-déjeuner,Céréales au chocolat,Céréales pour petit déjeuner enrichies en vitamines et minéraux,Céréales extrudées,Pétales de blé chocolatés,Céréales chocolatées pour petit déjeuner non fourrées mais enrichies en vitamines et minéraux,Céréales pour petit déjeuner riches en fibres","Nestlé, Chocapic",430 g,"Caixa,1 film plastique à jeter,1 étui carton à recycler","sans-huile-de-palme, nutriscore, triman, en:point-vert, en:sans-arômes-artificiels, fr:sans-colorants-artificiels, en:sans-colorants-ni-arômes-artificiels, fr:sans-conservateurs","Blé complet 35,0%, chocolat en poudre 22,5% (sucre, cacao en poudre), farine de blé 17,0%, semoule de maïs, sirop de glucose, sucre, extrait de malt d'orge (orge, orge malté), contient de l'huile de tournesol et/ou de palme, carbonate de calcium, émulsifiant : lécithines; sel, arômes naturels, fer, vitamines B3, B5, D, B6, B1, B2 et B9.",388,4.8,2,73.6,22.4,8.8,7.5,0.22,0.088,c,
Low Sugar Nuts & Seeds Granola imp,"Granola for breakfast, Liz-granola-no-sugar, en:mueslis",Lizi’s,,,"Vegetarian, Vegan","Wholegrain oat flakes (67%), nuts (10%) [cashew nut pieces, hazelnut pieces, walnut pieces, almond pieces], rapeseed oil, seeds (7%) [sunflower, pumpkin], desiccated coconut, fructose, black treacle. Toasted wholegrain oat, nut and seed granola.",447,16,2.6,56.8,2.9,13.9,10,0.03,0.012,a,
Country Crisp - Chocolat noir 70% cacao,"Plant-based foods and beverages,Plant-based foods,Breakfasts,Cereals and potatoes,Cereals and their products,Breakfast cereals,Chocolate cereals,Breakfast cereals rich in fibre,Crunchy cereal clusters,Cereal clusters with chocolate",Jordans,550 g,"Plastique,Carton","Sustainable,Vegetarian,No artificial flavors,No preservatives,FSC,FSC Mix,No colorings,No palm oil","Céréales complètes (48%) (flocons d'avoine, farine d'avoine), sucre, copeaux de chocolat noir (12%) (cacao: 70% minimum (masse de cacao, sucre, beurre de cacao, émulsifiant (lécithine de soja), arôme naturel)), flocons d'orge, huile de tournesol, farine de riz, noix de coco séchée, arôme naturel. Peut contenir : lait, noix, gluten.",453,16.7,4.6,63.5,20.8,9.2,6,0.03,0.012,d,
Organic Porridge Oats,"Plant-based foods and beverages,Plant-based foods,Breakfasts,Cereals and potatoes,Cereals and their products,Breakfast cereals,Flakes,Cereal flakes,Rolled flakes,Rolled oats,Porridge",Kavanagh's,1 kg,Paper-bag,"Organic, Non-EU Agriculture, EU Agriculture, EU/non-EU Agriculture, Soil Association Organic, en:fsc-mix",Organic oat flakes.,360,6,1,60,0.25,11.2,9.75,0.05,0.02,a,
weetabix,"Aliments et boissons à base de végétaux,Aliments d'origine végétale,Petit-déjeuners,Céréales et pommes de terre,Céréales et dérivés,Céréales pour petit-déjeuner",Weetabix,225 gr,Card-box,,"wholegrain _wheat_ (95%), malted _barley_ extract, sugar, salt, niacin, iron, riboflavin (b2), thiamin (bi), folic acid",349,2.05,0.513,66.7,4.1,11.5,9.74,0.25,0.1,a,
"Crispy Minis Choco, céréales de blé complet enrichies en vitamines et en fer avec du chocolat","Aliments et boissons à base de végétaux, Aliments d'origine végétale, Petit-déjeuners, Céréales et pommes de terre, Céréales et dérivés, Surgelés, Céréales pour petit-déjeuner, Céréales au chocolat",Weetabix,500 g,,"Nutriscore, Nutriscore A","Blé complet (88%), chocolat noir (12%) (sucre, pâte de cacao, beurre de cacao, émulsifiant: lécithine de soja, arôme), sucre, sel, arômes, fer, niacine, thiamine (vitamine B1), riboflavine (vitamine B2), acide folique, vitamine D",386,5.09999990463257,2.29999995231628,70,17,10,10,0.16,0.064,b,
original shredded wheat,"Aliments et boissons à base de végétaux,Aliments d'origine végétale,Petit-déjeuners,Céréales et pommes de terre,Céréales et dérivés,Céréales pour petit-déjeuner,Céréales extrudées,Céréales pour petit déjeuner riches en fibres","Nestlé, Nestlé UK Ltd",675g,"Paper-sleeve, en:card-box","Végétarien,Végétalien,The Vegan Society",whole grain  wheat  (100%),360,2.2,0.5,66.7,0.7,12.2,12.2,0.05,0.02,a,
Cruesli Chocolat noir,"Plant-based foods and beverages,Plant-based foods,Breakfasts,Cereals and potatoes,Cereals and their products,Breakfast cereals,Chocolate cereals,Breakfast cereals rich in fibre,Crunchy cereal clusters,Cereal clusters with chocolate",QUAKER,450 g,"Box,Triman,fr:Etui carton à recycler,fr:Pensez au tri!,fr:Point vert,fr:Sachet plastique à jeter,fr:Triman","No artificial flavors,No preservatives,Green Dot,No palm oil,Nutriscore,Nutriscore Grade C,Triman,fr:Chocolat-belge","full oats (37%), dark chocolate* (12%) (cocoa, sugar, natural vanilla flavour, emulsifiers (soy lecithin, polyglycerol polyricinoleate)),sunflower oil,sugar,complete wheat (9,6%),glucose syrup,oligofructose,rice flours and wheat (1,9%),dried coconut,molasses,salt,cinnamon,caramelized sugar,flavourings,antioxidant (tocopherol),*dark chocolate contains a minimum of 65% cocoa,",455,19,4.9,57,16,8.1,10,0.48,0.192,c,
Country Crisp 4 Baies,"Aliments et boissons à base de végétaux,Aliments d'origine végétale,Petit-déjeuners,Céréales et pommes de terre,Céréales et dérivés,Surgelés,Céréales pour petit-déjeuner,Céréales aux fruits,Mueslis,Mueslis aux fruits,Pépites de céréales croustillantes,Pépites de céréales aux fruits,Céréales pour petit déjeuner riches en fibres",Jordans,550 g,"Sachet en plastique à jeter,Étui en carton à recycler","Peu ou pas de sel,en:Sustainable,Végétarien,Sans arômes artificiels,Sans OGM,Sans conservateurs,Source de fibres alimentaires,FSC,FSC Mix,Riche en fibres,Source de magnésium,Sans sel ajouté,Sans colorants,Sans huile de palme,Nutriscore,Nutriscore B,Source de phosphore,Triman","Céréales complètes (54%) (flocons d’avoine, farine d’avoine), sucre, flocons d’orge, huile végétale (huile de colza et de tournesol en proportions variables), farine de riz, baies lyophilisées (2,5%) (groseilles entières, cassis entiers, myrtilles entières, cranberries en tranches), noix de coco séchée, arôme naturel.",432,13,1.8,67,20,9.1,6,0.03,0.012,c,
Irish Organic Jumbo Oats,"Plant-based foods and beverages, Plant-based foods, Breakfasts, Cereals and potatoes, Seeds, Cereals and their products, Breakfast cereals, Cereal grains, Flakes, Cereal flakes, Rolled flakes, Rolled oats, Oat",Flahavan's,1kg,en:paper-bag,"Organic,EU Organic,EU Agriculture,IE-ORG-03,Green Dot",100% Organic Wholegrain Rolled Oats,370,5.75,1,65,1,11.2,8.25,0.0125,0.005,a,
Wholegrain Wheat Bixies,"Plant-based foods and beverages, Plant-based foods, Snacks, Breakfasts, Cereals and potatoes, Sweet snacks, Cereals and their products, Biscuits and cakes, Breakfast cereals, Biscuits",Crownfield - Lidl,720g - 36,Cardboard box,"Vegetarian, Green Dot","94% wholegrain  wheat ,  barley  malt extract, sugar, salt, niacin, iron, riboflavin, thiamin, folic acid",362,2.25,0.5,67.8,3,12.7,9.5,0.225,0.09,a,
Oat so Simple,"Plant-based foods and beverages, Plant-based foods, Breakfasts, Cereals and potatoes, Cereals and their products, Breakfast cereals, Flakes, Rolled flakes, Porridge, Plain porridge","Quaker, Quaker Oats",270g,en:card-carton,,Wholegrain rolled oats,370,7.78,1.11,59.3,1.11,11.1,8.89,0,0,a,
NESTLE CHOCAPIC Céréales 375g,"Aliments et boissons à base de végétaux,Aliments d'origine végétale,Petit-déjeuners,Céréales et pommes de terre,Céréales et dérivés,Céréales pour petit-déjeuner,Céréales au chocolat,Céréales pour petit déjeuner enrichies en vitamines et minéraux,Céréales extrudées,Pétales de blé chocolatés,Céréales chocolatées pour petit déjeuner non fourrées mais enrichies en vitamines et minéraux,Céréales pour petit déjeuner riches en fibres","Nestlé, Chocapic",375 g,,"Fabriqué en France,Nutriscore,Nutriscore A,Rainforest Alliance,Triman","Farine de BLÉ complet 35,1 %, chocolat en poudre 22,5 % (sucre, cacao en poudre*), farine de BLÉ 17,0 %, semoule de maïs, sirop de glucose, sucre, extrait de malt d'ORGE (ORGE, ORGE malté), huile de tournesol, carbonate de calcium, émulsifiant : lécithines ; sel, arômes naturels, fer, vitamines B3, B5, D, B6, B1, B2 et B9. Peut contenir du LAIT et des FRUITS À COQUE. *Bilan massique certifié Rainforest Alliance. www.ra.org/fr. Nestlé achète une quantité de cacao certifié Rainforest Alliance équivalente à celle nécessaire pour ce produit.",389,4.8,1.3,73.6,22.4,8.9,7.7,0.22,0.088,c,
Hafer Flocken Zart,"Pflanzliche Lebensmittel und Getränke, Pflanzliche Lebensmittel, Frühstücke, Getreide und Kartoffeln, Getreideprodukte, Frühstückscerealien, Getreideflocken, Frühstücksflocken, Gerollte Flocken, Haferflocken","Crownfield,Bio Organic,Lidl",500 g,"22 PAP,fr:Sachet papier","Bio, EU-Öko-Verordnung, Ballaststoffquelle, EG-Öko-Verordnung, DE-ÖKO-001, EU-Landwirtschaft, Grüner Punkt, Ballaststoffreich, Nutriscore, Nutriscore Note A, AB Agriculture Biologique, Triman, es:Recicla azul, pt:Ecoponto azul","100% _Hafervollkornflocken_¹.
¹aus kontrolliert ökologischem Anbau.",371,6.7,1.1,59.5,0.8,13.2,9.7,0,0,a,
,"Aliments et boissons à base de végétaux,Aliments d'origine végétale,Petit-déjeuners,Céréales et pommes de terre,Céréales et dérivés,Céréales pour petit-déjeuner,Flocons,Flocons de céréales,Céréales extrudées,Flocons extrudés,Corn-flakes,Corn flakes natures",Crownfield,500 g,"Container, Card-carton","Point Vert,Nutriscore,Nutriscore C","Maize, Sugar, Barley Malt Extract, Salt. Allergy Advice",386,1.2,0.6,84.9,3,8,1.9,0.78,0.312,c,
All-Bran Original,"Plant-based foods and beverages,Plant-based foods,Breakfasts,Cereals and potatoes,Cereals and their products,Breakfast cereals,Wheat bran sticks","Kellogg,Kellogg's",750 g,"Paper, Box, Cardboard, Card-box, HdpeFilm-bag",,"Wheat bran (86%), sugar, barley malt extract, salt, niacin, iron, vitamin B6, riboflavin, thiamin, folic acid, vitamin D, vitamin B12. For allergens see ingredients highlighted in bold. May contain gluten from other cereals.",,3.5,0.7,48,18,14,27,0.95,0.38,c,
Avena crunchy,"Plant-based foods and beverages,Plant-based foods,Breakfasts,Cereals and potatoes,Cereals and their products,Breakfast cereals",Hacendado,400 g,,"Source of fibre,Green Dot,High fibres,es:Recicla azul,pt:ecoponto-amarelo,pt:ecoponto-azul","Harina integral de avena 85 % (_gluten_) ,sémola de maíz, azúcar, sal, tocoferoles.",390,5.8,1,66,4.6,13,11,0.2,0.08,a,
Bran Flakes Malty Crunch,"Aliments et boissons à base de végétaux,Aliments d'origine végétale,Petit-déjeuners,Céréales et pommes de terre,Céréales et dérivés,Céréales pour petit-déjeuner,Flocons,Flocons de céréales,Céréales extrudées,Flocons extrudés,Pétales de blé,Céréales pour petit déjeuner riches en fibres",Tesco,750g,Carton; bag,Végétarien,"Wholegrain _Wheat_ (69%), _Wheat_ Bran (20%), Sugar, _Barley_ Malt Extract, Salt, Iron, Vitamin E, Niacin, Pantothenic Acid, Vitamin B12, Vitamin D. Thiamin, Folic Acid, Riboflavin, Vitamin B6.",352,2.5,0.5,63.9,10.2,10.6,15.7,0.59,0.236,a,
Simply Delicious Muesli,"Plant-based foods and beverages, Plant-based foods, Breakfasts, Cereals and potatoes, Cereals and their products, Breakfast cereals, Cereals with fruits, Mueslis, Mueslis with fruits",Dorset Cereals,650g,"en:card-box, en:hdpeFilm-packet","Vegetarian, Vegan, No added sugar","Wholegrain oat flakes, wholegrain wheat flakes, dried fruit (20%) [raisins, sultanas, chopped dates (4%)], barley flakes, wholegrain toasted wheat flakes, sunflower seeds (4.5%), nuts (2%) [chopped brazil nuts (1%), roasted whole hazelnuts].",368,7.3,1.1,70.5,14.7,9.6,9,0.03,0.012,b,
Simply Fruity muesli,"Plant-based foods and beverages, Plant-based foods, Breakfasts, Cereals and potatoes, Cereals and their products, Breakfast cereals, Cereals with fruits, Mueslis, Mueslis with fruits",Dorset cereals,630g,Card-box,"Vegetarian,Source of fibre,Vegan,High fibres,Vegetarian Society Approved,Kosher LBD,Kosher","Dried fruit [sweetened dried papaya (9%) (papaya, sugar, acidity regulator (citric acid), preservative (sulphur dioxide)), sultanas (9%), raisins (7%), sweetened dried pineapple (3.5%) (pineapple, sugar, acidity regulator (citric acid), preservative (sulphur dioxide))], barley flakes, wholegrain wheat flakes, wholegrain oat flakes, wholegrain toasted and malted wheat flakes (wheat, barley malt extract).",349,2.89,0.667,68.4,20,8.67,7.33,0.0444,0.0178,b,
Bran Flakes,"Aliments et boissons à base de végétaux,Aliments d'origine végétale,Petit-déjeuners,Céréales et pommes de terre,Céréales et dérivés,Céréales pour petit-déjeuner,Flocons,Flocons de céréales,Céréales extrudées,Flocons extrudés,Pétales de blé,Céréales pour petit déjeuner riches en fibres",Kellogg's,750 g,"Card-box, Ldpe-bag",Kascher,"Wholewheat (59%), wheat bran (18%), wholewheat flour, sugar, barley malt extract, glucose syrup, salt, natural flavouring, niacin, iron, vitamin B6, riboflavin, thiamin, folic acid, vitamin D, vitamin B12",358,2.2,0.4,65,14,11,17,0.66,0.264,b,
Fitness Nature Céréales complètes,"Aliments et boissons à base de végétaux,Aliments d'origine végétale,Petit-déjeuners,Céréales et pommes de terre,Céréales et dérivés,Céréales pour petit-déjeuner,Flocons,Flocons de céréales,Céréales extrudées,Flocons extrudés,Pétales multicéréales,Céréales pour petit déjeuner riches en fibres",Nestle,475 g,"Boîte en carton,Sachet plastique","Sans arômes artificiels,Source de fibres alimentaires,Fabriqué en France,Sans colorants,Nutriscore,Nutriscore A,Blé français,Triman, Végétarien","BLE complet 61.1%, riz 34.5%, sucre, fructo-olligosaccharides, sirop de sucre inverti, carbonate de calcium, extrait de malt d'ORGE (ORGE, ORGE malté), huile de tournesol, sel, mélasse, arômes naturels, fer, antioxydant : extrait riche en tocophérols ; vitamines B5, B3, B2, B9 et B6. Peut contenir du LAIT et FRUITS A COQUE.",368,1.5,0.6,74.7,8.3,9.8,8.5,0.56,0.224,a,
Muesli Croustillant Noix de pécan & noix du Brésil,"Aliments et boissons à base de végétaux, Aliments d'origine végétale, Petit-déjeuners, Céréales et pommes de terre, Céréales et dérivés, Céréales pour petit-déjeuner, Mueslis, Céréales aux fruits à coques, Mueslis aux fruits à coque","Muesli Croustillant, Quaker",500 g,"Plastic,Box,fr:Sachet en plastique","Sans conservateurs, Point Vert, Sans colorants, Nutriscore, Nutriscore A","Avoine complète (60%), sirop de glucose, sucre, oligofructose, pétales de blé (4%) (farine et son de blé, sucre, sirop de Sucre, extrait de malt d'orge, sel), pétales d'orge (3%) [orge, sucre, sel, extrait de malt d'orge, émulsifiant (mono - et diglycérides d'acides gras)], mélasse, graine de courge (2,4%), noix du Brésil (2,3%), noix de pécan (2,2%), huile de tournesol, arômes, antioxydant (tocopherol). Peut contenir des traces de lait.",420,11,1.8,62,13,11,13,0.24,0.096,b,
Granola,"Plant-based foods and beverages, Plant-based foods, Breakfasts, Cereals and potatoes, Cereals and their products, Breakfast cereals",Jordan’s,750g,en:mixed plastic film-packet,"Vegetarian, No palm oil, The Wildlife Trusts","Wholegrain OAT Flakes (81%), Sugar, Vegetable Oil (rapeseed and sunflower in varying proportions), Honey (1%), Sunflower Seeds, Natural Flavouring.",418,11,1.5,66,17,11,6.3,0.03,0.012,c,
Malted Wheaties,"Plant-based foods and beverages, Plant-based foods, Breakfasts, Cereals and potatoes, Cereals and their products, Breakfast cereals, extruded cereals",Harvest Morn,625g,"card-box to recycle, 1 plastic bag to recycle at recycling point","Source of fibre,High fibres,FSC Mix","wholegrain wheat (98%), sugar, inverted sugar syrup, barley malt extract, salt, iron, niacin, pantothenic acid, folic acid, thiamin, riboflavin, vitamin b6, vitamin b12,",370,1.8,0.2,70,10.9,11.7,13.3,0.27,0.108,a,
Special Flakes Classic,"Aliments et boissons à base de végétaux,Aliments d'origine végétale,Petit-déjeuners,Céréales et pommes de terre,Céréales et dérivés,Céréales pour petit-déjeuner,Flocons,Flocons de céréales,Céréales extrudées,Flocons extrudés,Pétales multicéréales,Céréales pour petit déjeuner riches en fibres",Crownfield,500 g,"Non-corrugated cardboard,Ecoponto Azul,Point vert,fr:Sachet en plastique,fr:Étui en carton","Low or no fat, Low fat, Source of fibre, FSC, Green Dot, High fibres, Made in Germany, Nutriscore, Nutriscore Grade A, PEFC, en:vegan","62% Shredded Wholegrain Wheat, Rice, Sugar, Barley Malt Extract, Salt.",388,1.8,0.4,79.5,8.8,9,8.2,0.51,0.204,a,
Scott's Porage Oats Original 1000g,"Plant-based foods and beverages, Plant-based foods, Breakfasts, Cereals and potatoes, Cereals and their products, Breakfast cereals, Flakes, Cereal flakes, Rolled flakes, Porridge, Rolled oats, Plain porridge",Scott,1 kg,Card-box,"Vegetarian, Vegan",100% Rolled Oats,374,8,1.5,60,1,11,9,,,unknown,
Rice Krispies,"Plant-based foods and beverages, Plant-based foods, Breakfasts, Cereals and potatoes, Cereals and their products, Breakfast cereals",Kellogg’s,430g,,"Kosher, en:vegetarian","(EN) TOASTED RICE CEREAL FORTIFIED WITH VITAMINS AND IRON. INGREDIENTS: Rice, sugar, salt, barley malt extract, niacin, iron, vitamin B6, riboflavin, thiamin, folic acid, vitamin D, vitamin B12. For allergens see ingredients highlighted in bold. May contain gluten from other cereals.",389,1.2,0.4,86,7.9,7,2.9,1,0.4,c,
"Low Sugar, Naturally Gut-Loving Granola","Plant-based foods and beverages,Plant-based foods,Breakfasts,Cereals and potatoes,Cereals and their products,Breakfast cereals,Breakfast cereals fortified with vitamins and chemical elements,Breakfast cereals rich in fibre,Breakfast cereals rich in fibre fortified with vitamins and chemical elements,Granolas",Bio & Me,360g,"1 cardboard box to recycle, 1 plastic bag to recycle or throw away","Vegetarian,Source of fibre,Vegan,High fibres","Wholegrain Oats (48%), Seeds (10%) (Sunflower, Pumpkin, Brown Linseed, Chia (Salvia Hispanica), Nuts (8%) (Walnuts, Almonds), Vegetable Fibres (Chickpea, Maize), Chicory Root Fibre, Extra Virgin Olive Oil, Puffed Sorghum, Dates, Coconut, Quinoa, Dried Carrot, Puffed Lentils, Natural Flavourings.",447,17.9,3.7,49.7,7.9,13.2,17,0.06,0.024,a,
Oat flakes,"Aliments et boissons à base de végétaux,Aliments d'origine végétale,Petit-déjeuners,Céréales et pommes de terre,Céréales et dérivés,Céréales pour petit-déjeuner,Flocons,Flocons de céréales,Flocons laminés,Flocons d'avoine",Carrefour,500 g,"fr:1 boîte en carton à recycler,fr:1 sachet en papier à jeter","Source de fibres alimentaires,Riche en fibres,Fabriqué en Allemagne,Nutriscore,Nutriscore A,Triman","100% wholegrain oat flakes,",372,7,1.3,59,0.7,14,10,0,0,a,
Shreddies,"Plant-based foods and beverages, Plant-based foods, Breakfasts, Cereals and potatoes, Cereals and their products, Breakfast cereals, extruded cereals",Nestle,630g,"Card-box, Ldpe-packet","Vegetarian, Vegan, The Vegan Society","whole grain wheat (96%), sugar, invert sugar syrup, barley malt extract, salt, molasses, vitamins and minerals (niacin, iron, pantothenic acid, folic acid, vitamin b6, riboflavin),",364,1.8,0.3,70,13,11,12,0.72,0.288,b,
,"Alimentos e bebidas à base de plantas,Alimentos à base de plantas,Pequenos alomoços,Cereais e Batatas,Cereais e seus produtos,Cereias para pequeno-almoçco,Cereais de chocolate,en:Extruded cereals","Cookie Crisp,Nestlé",375 g,"Plastic,Bag,Box,Cardboard","Sem sabores artificiais,Ponto Verde,Sem cores artificiais,Sem corantes nem aromas artificiais,Nutriscore,Nutri-Score grau C,Triman,es:Recicla amarillo,es:Recicla azul","Farine de _blé_ complet 35,3 %, semoule de maïs, sucre, sirop de glucose, amidon de _blé_, huile de tournesol, carbonate de calcium, cacao maigre en poudre * 1,7%, farine de _blé_, sel, poudre à lever : carbonates de sodium ; arôme naturel, antioxydant : extrait riche en tocophérols ; fer, vitamines B3, B5, D, B9, B6, B2.",393,5.2,0.9,78,22.4,6.7,6,0.66,0.264,b,
Bran Flakes,"Plant-based foods and beverages, Plant-based foods, Breakfasts, Cereals and potatoes, Cereals and their products, Breakfast cereals, Flakes, Cereal flakes, Extruded cereals, Extruded flakes, Breakfast cereals rich in fibre, Extruded wheat flakes","Crownfield, Lidl",500 g,"Plastic, Bag, Cardboard, Non-corrugated cardboard, Card-box","Vegetarian, No artificial flavors, No artificial preservatives, Source of fibre, Green Dot, High fibres, No artificial colors, No artificial colours or flavours, en:nutriscore","80% Shredded Wholegrain Wheat, 16% Wheat Bran, Sugar, Barley Malt Extract, Salt, Honey.",362,2,0.5,66.2,13.2,11.1,17.2,0.63,0.252,b,
Avena Crunchy Cacao,"Alimentos e bebidas à base de plantas,Alimentos à base de plantas,Pequenos alomoços,Cereais e Batatas,Cereais e seus produtos,Cereias para pequeno-almoçco,en:Extruded cereals",Hacendado,400 g,,"Source of fibre,Rico em fibras,es:Recicla amarillo,es:Recicla azul","Cereales [harina integral de _avena_ (_gluten_) (76%), sémola de maíz], cacao en polvo (5,7%), azúcar, cacao magro en polvo (0,5%), sal, aroma natural, antioxidante: extracto rico en tocoferoles.",393,6.4,1.6,65,9,13,11,0.18,0.072,a,
Flocons d'avoine complète,"Aliments et boissons à base de végétaux,Aliments d'origine végétale,Petit-déjeuners,Céréales et pommes de terre,Céréales et dérivés,Céréales pour petit-déjeuner,Flocons,Flocons de céréales,Flocons laminés,Flocons d'avoine",Quaker Oats,800 g,"Point vert,Sec,Étui,Sachet,Carton,Plastique","Sans conservateurs,Source de fibres alimentaires,100% naturel,Point Vert,Riche en fibres,Réduit le cholesterol,Sans sucre ajouté,Nutriscore,Nutriscore A,Triman",100% oatmeal,375,8,1.5,60,1.1,11,9,0.01,0.004,a,
Corn Flakes,"Plant-based foods and beverages, Plant-based foods, Breakfasts, Cereals and potatoes, Cereals and their products, Breakfast cereals, Flakes, Cereal flakes, Extruded cereals, Extruded flakes, Corn flakes",Kellogg's,500g,,"No artificial flavors, No artificial colors, No artificial colours or flavours","Maize, barley malt extract, sugar, salt, niacin, iron, vitamin B6, riboflavin, thiamin, folic acid, vitamin D, vitamin B12.",378,0.9,0.2,84,8,7,3,1.1,0.44,d,
Cheerios Multigrain,"Plant-based foods and beverages,Plant-based foods,Breakfasts,Cereals and potatoes,Cereals and their products,Breakfast cereals,Extruded cereals","Cheerios,Nestle",540 g,"Card-box, Hdpe film-bag",Vegetarian,"whole grain oat flour (29,6%), whole grain wheat (29,6%), whole grain barley flour (17,9%), sugar, wheat starch, invert sugar syrup, whole grain maize flour (2,1%), whole grain rice flour (2,1%), molasses, calcium carbonate, sunflower oit, salt, colours: carotene, annatto norbixin, caramelised sugar syrup, antioxidant: tocopherols, iron, vitamin c, b3, b5, b9, d, b6, b2, allergy advice:      for allergens, including cereals containing gluten, see ingredients in bold, may also contain nuts,",383.3333,4.6667,1,71.3333,10,9.3333,2.7,0.83333,0.333332,c,
Corn Flakes,"Plant-based foods and beverages,Plant-based foods,Breakfasts,Cereals and potatoes,Cereals and their products,Breakfast cereals,Flakes,Cereal flakes,Extruded cereals,Extruded flakes,Corn flakes",Kelloggs,,,"Vegetarian,Kosher","Maize, barley malt extract, sugar, salt, niacin, iron, vitamin B6, riboflavin, thiamin, folic acid, vitamin D, vitamin B12.",378,0.9,0.2,84,8,7,3,1.1,0.44,d,
"Muesli con quinoa, chía y chocolate negro","Plant-based foods and beverages,Plant-based foods,Breakfasts,Cereals and potatoes,Cereals and their products,Breakfast cereals,Chocolate cereals,Mueslis,Mueslis with chocolate",Hacendado,400 g,,en:green-dot,"Muesli crocante com quinoa (45%) [flocos integral laminados (24%) (aveia (18%), cevada (3%), trigo (3%)), açúcar, quinoa tufada (4,5%), óleo de girassol, xarope de glicose-frutose, coco ralado seco, sal, antioxidante: extrato rico em tocoferóis], pedaços de chocolate preto (15%) (pasta de cacau, açúcar, emulsionante: lecitinas), flocos de aveia integral laminados (15%), flocos de centeio integral laminados (8%), flocos de cevada integral laminados (7%), flocos de trigo torrados integral (5%) (trigo integral, açúcar, farelo de trigo, extracto de malte de cevada, sal), sementes de chia (Salvia hispanica) (5%). Contém vestígios de amendoins, frutos de casca rija, produtos de soja, leite e sementes de sésamo.",416,13,4.3,60,18,9.8,10,0.11,0.044,c,
Wheat Biscuits,"Plant-based foods and beverages, Plant-based foods, Snacks, Breakfasts, Cereals and potatoes, Sweet snacks, Cereals and their products, Biscuits and cakes, Breakfast cereals, Biscuits",By Sainsbury's,,,"Vegetarian, Vegan","British Wholegrain Wheat (95%), Malted Barley Extract, Sugar, Salt, Niacin, Iron, Vitamin B2 (Riboflavin), Vitamin B1 (Thiamin), Folic Acid.",358,2,0.6,68.1,4.4,12,10,0.28,0.112,a,
Nutty Granola,"Plant-based foods and beverages,Plant-based foods,Breakfasts,Cereals and potatoes,Cereals and their products,Breakfast cereals,crunchy mueslis",Deliciously Ella,380g,,"Vegetarian, No gluten, No artificial flavors, No preservatives, Vegan, No additives, No artificial colors, No artificial colours or flavours, en:certified-gluten-free","Gluten free oats (60%), chicory fibre syrup, mixed nuts (13%) (cashews (6%), almonds (4%), hazelnuts (3%)), date syrup, rapeseed oil, maple syrup (4%), sunflower seeds (3%). orange juice (3%), pumpkin seeds (2%)",451,18,2.67,60,14.2,11.6,13.1,0.0222,0.00889,c,
,"Plant-based foods and beverages, Plant-based foods, Breakfasts, Cereals and potatoes, Cereals and their products, Breakfast cereals, Mueslis",Weetabix,550g,Card-box,en:nutriscore,"Wholegrain Wheat (39%). Wholegrain Rolled Oats (37%), Raisins (12%), Sugar, Skimmed Milk Powder, Milk Whey Powder, Roasted Sliced Nuts (2.0%) (Hazelnuts, Almonds), Salt.",374,5.6,0.9,66,21,11,7.7,0.25,0.1,c,
Crunchy Oat Granola Raisin & Almond,"Plant-based foods and beverages,Plant-based foods,Breakfasts,Cereals and potatoes,Cereals and their products,Breakfast cereals,Breakfast cereals rich in fibre,Granola",Jordan,750g,Mixed plastic-bag,"The Wildlife Trusts,No palm oil,Vegetarian","Wholegrain OAT Flakes (68%), Sugar, Raisins (7%), Sunflower Oil, Sultanas, Whole & Sliced ALMONDS (3.5%), Honey (1%), Sunflower Seeds, Natural Flavouring.",416,12,1.5,64,21,11,6.2,0.03,0.012,c,
Miel pops,"Plant-based foods and beverages, Plant-based foods, Breakfasts, Cereals and potatoes, Cereals and their products, Breakfast cereals, Extruded cereals, Honey cereal balls, en:cereals-with-honey",KELLOG'S,330g,,"Nutriscore,Nutriscore Grade B","Farine de maïs (80%), sucre, sirop de glucose, fibre de maïs, miel (2%), extrait de malt d'orge, sel, arôme naturel, niacine, fer, vitamine B6, riboflavine, thiamine, acide folique, vitamine D, vitamine B12, colorant (caroténoïdes).",384,1.5,0.1,85,22,5.2,4.6,0.4,0.16,c,
Weetabix,"Plant-based foods and beverages, Plant-based foods, Breakfasts, Cereals and potatoes, Cereals and their products, Breakfast cereals",Weetabix,,Card-box,,"Wholegrain Wheat (95%), Malted Barley Extract, Sugar, Salt, Niacin, Iron, Riboflavin (B2), Thiamin (B1), Folic Acid.",362,2,0.6,69,4.2,12,10,0.28,0.112,a,
"Muesli bio 36% fruits, noix & graines","Plant-based foods and beverages,Plant-based foods,Breakfasts,Cereals and potatoes,Cereals and their products,Breakfast cereals,Cereals with fruits,Mueslis,Mueslis with fruits",Jordans,500 g,"Etui en carton,Sac en plastique à jeter,Sachet en plastique,Étui en carton à recycler","Low or no salt,Low or no sugar,Organic,Certified by Ecocert,EU Organic,Non-EU Agriculture,EU Agriculture,EU/non-EU Agriculture,FR-BIO-01,GB-ORG-05,No added salt,No added sugar,Nutriscore,Nutriscore Grade A,Soil Association Organic,AB Agriculture Biologique,fr:Fsc-c020188","Céréales complètes (64%) (flocons de blé, flocons d'avoine, pétales de blé grillé (13%)), raisins de sultane (16%), raisins secs (11%), copeaux de noix de coco (3,5%), noisettes grillées entières (3%), graines de tournesol (2,5%)",373,8.4,2.8,60.7,18.9,9.3,8.5,0.03,0.012,c,
Corn Flakes,"Plant-based foods and beverages, Plant-based foods, Breakfasts, Cereals and potatoes, Cereals and their products, Breakfast cereals, Flakes, Cereal flakes, Extruded cereals, Extruded flakes, Corn flakes",Tesco,500g,"Card-box, Ldpe-packet","Low or no fat, Low fat, Vegetarian, Source-of-iron","Maize, Sugar, Salt, _Barley_ Malt Extract, Iron, Niacin, Pantothenic Acid, Vitamin B6, Riboflavin, Thiamin, Folic Acid, Vitamin D, Vitamin B12.",387,1.2,0.3,85.2,6.1,7.7,2.5,0.59,0.236,c,
Céréales All Bran Kellogg's Fibre Plus,"Aliments et boissons à base de végétaux,Aliments d'origine végétale,Petit-déjeuners,Céréales et pommes de terre,Céréales et dérivés,Céréales pour petit-déjeuner,Céréales extrudées,Céréales pour petit déjeuner riches en fibres,Bâtonnets de son de blé,Céréales pour petit déjeuner à base de son de blé",Kellogg's,500 g,"Plastique,Sachet,Boîte,Carton","Halal, Source of fibre, Halal Food Authority, High fibres, Nutriscore, Nutriscore Grade B, Nicht-für-deutschland, Source-de-fibres-alimentaires, Végétarien, en:no-artificial-colours-or-flavours","Son de _blé_ (87%), Sucre, Arôme de malt d'_orge_, Sel. Vitamines et Minéraux: Vitamines (Niacine, B6, B2, B1, Acide folique, B12) et Fer.",334,3.5,0.7,48,18,14,27,0.95,0.38,c,
Granola Chocolat,"Plant-based foods and beverages,Plant-based foods,Breakfasts,Cereals and potatoes,Cereals and their products,Breakfast cereals,Chocolate cereals,Mueslis,Mueslis with chocolate",Bjorg,350 g,Paquet en plastique,"Organic,EU Organic,Non-EU Agriculture,EU Agriculture,EU/non-EU Agriculture,Nutriscore,Nutriscore Grade A,AB Agriculture Biologique","Flocons d'avoine complètes71%, sucre de canne non raffiné, huile de tournesol, chocolat noir 5% (pâte de cacao, sucre de canne non raffiné, beurre de cacao), riz extrudé au chocolat noir 3% (chocolat noir [pâte de cacao, sucre de canne non raffiné, beurre de cacao], farine complète de riz), poudre de cacao maigre 2,5%, inuline, antioxydant : extrait riche en tocophérols.",420,13,3.1,62,12,10,7.5,0.01,0.004,c,
Cheerios Multigrain,"Plant-based foods and beverages, Plant-based foods, Breakfasts, Cereals and potatoes, Cereals and their products, Breakfast cereals, Extruded cereals",Cheerios Multigrain,390g,"DON'T FORGET TO RECYCLE Please recycle your box and- bag, your bag can be recycled Recycle Don't recycle with carrier bags at large at home supermarkets. C BOX 20 BAG RECYCLE WITH BAGS AT LARGE SUPERMARKET",vegetarian,"chrictall 332,jpg   面 use, on averadl, chelito reales whole sweet enriched with vitamins (c, niacin, pantothenic acid riboflavin 2) 86 falic acid d) calcium and iron # 134275 87819 igredients cereals (oat flour complete 28 4% whole ble 28 4% dorge flour omplète 17 1% whole corn flour 2% whole rice flour 2%) ble starch brown sugar syrup brown partially inverted,          acidity correcting salt (tripotassium phosphate), sunflower hule caramel dyes (e150 c), annatto (e160b) and carotene (e160a) antioxidant tocopherols (e306), vitamins and minerals (vitamin c niacin acıde pantothenic rboflavin (b2) vitamin b6, folic acıde, vitamin d calcium carbonate iron) may contain traces of nuts coriserver in a dry place to be consumed preferably before the end 1,2kge (2 x 600ge) net weight:          nutritional information medium energy per 30 g with 125 ml of half-skimmed lat (% ar) 733kj/174kcal per 100g (% ar) 1598kj /378kcal 3,2g 1,4g 28g 12g 230 3 7g fats including saturated fatty acids carbohydrates 74g 21g 7 8g protein 8g 0,3g 0,43g salt vtamine d 2,8pg (56%) 43mg (54%) 1,1mg (75%) 12mg (75%) tmp (71%) 155g (78%) 5గాg (19%) 055mg (30%) 37mg (23%) 0,36mg (26%) 51,1ug (26%) 15mg 500mg (30% 3 dmg ( 27% vitamin c ribofiavin (82) neone vitamin b6 tolic acid partotheric acid calcium iron eosmg (63%) reference intake pdoukhadultetype,(8400 /2000ar a pornione30g of ie,cheerce te aumns 1% of the ar for reterence intake lne xtiorn of 30 g ar intake of relerence energt",377,4.67,1,69,17.7,10,9.67,0.783,0.313,c,
Grape-Nuts,"Aliments et boissons à base de végétaux,Aliments d'origine végétale,Petit-déjeuners,Céréales et pommes de terre,Céréales et dérivés,Céréales pour petit-déjeuner,Céréales pour petit déjeuner riches en fibres",Post,580 g,"en:card-box, en:mixed plastic-sleeve","Végétarien,Sans sucre ajouté","Wholegrain _Wheat_ Flour (89%), Malted Barley Flour (9%), Salt, Dried Yeast, Iron, Niacin, Zinc, Vitamin B6, Thiamin (B1), Folic Acid.",362,1.8,0.3,68,8.9,11.2,12,1,0.4,b,
Crousti' Avoine Chocolat,"Plant-based foods and beverages,Plant-based foods,Breakfasts,Cereals and potatoes,Cereals and their products,Breakfast cereals,Chocolate cereals,Mueslis,Mueslis with chocolate,Crunchy cereal clusters,Cereal clusters with chocolate",Bjorg,500 g,"Plastic,Bag,fr:Sachet en plastique","Bio,Bio européen,Agriculture non UE,Entreprise B certifiée,DE-ÖKO-001,Agriculture UE/Non UE,Point Vert,Fabriqué en Allemagne,Sans huile de palme,en:Planet-Score,AB Agriculture Biologique,Planet-score-b","Flocons d'avoine* complète 45%, Sucre de canne* brut, Chocolat noir* 10 % (pâte de cacao*, sucre de canne&quot;, beurre de cacao*), Riz extrudé (farine de riz), Farine d'avoine* 8%, Son d'avoine* 5%, Flocons de blé, Huile de tournesol*, Stabilisant : gomme d'acacia*, Flocons de noix de coco*, Sel marin, Antioxydant : extrait riche en tocophérols.",416,13,4.4,60,14,10,9.5,0.1,0.04,c,
Premium Fruit and Nut Muesli,"Aliments et boissons à base de végétaux,Aliments d'origine végétale,Aliments à base de fruits et de légumes,Petit-déjeuners,Céréales et pommes de terre,Céréales et dérivés,Fruits et produits dérivés,Céréales pour petit-déjeuner,Fruits,Céréales aux fruits,Mueslis,Mueslis aux fruits",Crownfield,750g,en:hdpe film-packet,,"27% Wholegrain Oat Flakes, 15% Barley Flakes, 12% Raisins (Raisins, Sunflower Oil), 10% Sultanas (Sultanas, Sunflower Oil), 8% Wholegrain Toasted and Malted Wheat Flakes (Wheat, Barley Malt Extract), 5% Sweetened Dried Pineapple (Pineapple, Sugar, Acidity Regulator: Citric Acid, Preservative: Sulphur Dioxide), 4.5% Dried Banana Chips (Banana, Coconut Oil, Sugar, Flavouring), 4% Coconut Chips, 3.5% Chopped Dates (Dates, Rice Flour), 3% Pumpkin Seeds, 2.5% Sweetened Dried Papaya (Papaya, Sugar, Acidity Regulator: Citric Acid, Preservative: Sulphur Dioxide), 2% Roasted Whole Hazelnuts, 2% Whole Almonds, 1.5% Chopped Pecan Nuts. Allergy Advice For allergens including Gluten, see",393,11.6,4.67,60.4,24.7,8.89,6.44,0.0444,0.0178,c,
Nutty Granola,"Plant-based foods and beverages, Plant-based foods, Breakfasts, Cereals and potatoes, Cereals and their products, Breakfast cereals, Mueslis",Dorset Cereals,450g,,en:kashrut-division-of-the-london-beth-din,"Wholegrain _OAT_ flakes (62%), golden syrup (partially inverted sugar syrup) (17%), toasted wholegrain _RYE_ flakes, vegetable oil (rapeseed and sunflower oil in varying proportions), whole & sliced _ALMONDS_ (3.5%), roasted chopped _HAZELNUTS_ (2%), _CASHEW_ pieces (2%), desiccated coconut, natural flavouring.",442,15.6,2,62,13.1,10.2,6.22,5.56e-05,2.22e-05,b,
Corn Flakes 0% azúcares añadidos,"Alimentos y bebidas de origen vegetal,Alimentos de origen vegetal,Desayunos,Cereales y patatas,Cereales y derivados,Cereales para el desayuno,Copos,Copos de cereales,en:Extruded cereals,en:Extruded flakes,Copos de maíz tostado",Hacendado,30,,Punto Verde,"Maiz (98%), sal, antioxidante (extracto rico en tocoferoles). Puede contener trazas de gluten, leche, frutos de cascara y soja,",373,1.1,0.4,82,0.9,6.7,4.4,1,0.4,c,
Special K,"Plant-based foods and beverages, Plant-based foods, Breakfasts, Cereals and potatoes, Cereals and their products, Breakfast cereals, en:mixed-cereal-flakes",Kellogg's,440g,,Kosher,"(EN) CRUNCHY RICE, WHOLEWHEAT AND BARLEY FLAKES FORTIFIED WITH VITAMINS AND IRON. INGREDIENTS: Rice (47%), wholewheat (37%), sugar, barley (5%), malted barley flour, salt, barley malt extract, niacin, iron, riboflavin, thiamin, vitamin B6, folic acid, vitamin D, vitamin B12. For allergens see ingredients highlighted in bold. May contain gluten from other cereals, milk. Best before: see top. Store in a cool, dry place.",392,1.3,0.3,84,15,8,6,0.84,0.336,c,
Muesli bio chocolat noir,"Aliments et boissons à base de végétaux, Aliments d'origine végétale, Petit-déjeuners, Céréales et pommes de terre, Céréales et dérivés, Céréales pour petit-déjeuner, Céréales au chocolat, Mueslis, Mueslis au chocolat",Jordans,450 g,"fr:Etui en carton,fr:Sachet en plastique","Bio, Végétarien, Bio européen, Agriculture non UE, Agriculture UE, Agriculture UE/Non UE, FR-BIO-01, Nutriscore","Céréales Complètes (78%) (Flocons d'Avoine*, Pétales de Blé Grillé*, Flocons de Blé*), Pépites de Chocolat Noir (13%) (Cacao : 48.5% Minimum (Masse de Cacao*, Sucre*, Émulsifiant (Lécithine de Soja*)), Graines de Tournesol* (6%), Epeautre (Blé) Soufflé* (3%).",398,11,3.1,61.1,8.9,9.1,4.1,0.03,0.012,c,
Fiocchi di avena integrali,"Plant-based foods and beverages, Plant-based foods, Breakfasts, Cereals and potatoes, Cereals and their products, Breakfast cereals, Flakes, Cereal flakes, Rolled flakes, Rolled oats, en:extruded-flakes","Crownfield, Fortin Mühlenwerke, Lidl",500,Carta,Crownfield,Fiocchi d'avena,372,7,1.3,58.7,0.7,13.5,10,0.03,0.012,a,
Copos de trigo espelta integral 0%,"Alimentos y bebidas de origen vegetal,Alimentos de origen vegetal,Desayunos,Cereales y patatas,Cereales y derivados,Cereales para el desayuno",Hacendado,400 g,Plástico,Sin azúcares añadidos,"Harina de espelta integral (97,2%), harina de malta de cebada, sal.",364,2.7,0.2,66,1.9,14.6,8.8,0.78,0.312,a,
Nesquik Cereal,"Aliments et boissons à base de végétaux,Aliments d'origine végétale,Petit-déjeuners,Céréales et pommes de terre,Céréales et dérivés,Cacao et dérivés,Céréales pour petit-déjeuner,Céréales au chocolat,Cacaos et chocolats en poudre,Céréales au chocolat pour petit-déjeuner équilibré",Nesquik,150g,,,"whole grain wheat flour, sugar, maize semolina, wheat bran, fat-reduced cocoa powder, calcium carbonate, salt, raising agent (sodium bicarbonate), oil (sunflower), malt extract (barley), vitamins (niacin, pantothenic acid, B6, riboflavin (B2), thiamin (B1), folic acid), iron",373,3,0.9,73.6,22.4,8.4,,0.45,0.18,unknown,
No Added Sugar Muesli imp,"Plant-based foods and beverages, Plant-based foods, Breakfasts, Cereals and potatoes, Cereals and their products, Breakfast cereals, Cereals with fruits, Mueslis, Mueslis with fruits","Alpen, Weetabix",560g,"Plastic, Bag",No added sugar,"wholegrain  wheat  (42%), wholegrain rolled  oats  (36%), raisins (15%), skimmed  milk  powder,  milk  whey powder, roasted sliced  nuts  (2,5%) ( hazelnuts ,  almonds ), malted  barley  extract, salt,",369,5.8,0.405,63,16,12,8.3,0.275,0.11,a,
Fine Oat Flakes,"Plant-based foods and beverages,Plant-based foods,Breakfasts,Cereals and potatoes,Cereals and their products,Breakfast cereals,Flakes,Cereal flakes,Rolled flakes,Rolled oats,Cooked oat flakes",Crownfield,500 g,Paper,"Vegetarian, Vegan, European Vegetarian Union, European Vegetarian Union Vegan, Nutriscore, Nutriscore Grade A, en:high-fibres",Hranilna vrednost/Hranjive vrijednosti/ Declarație nutriţională/Hranljive vrednosti/ Хранителни стойности/Датрофик бушот Energiasisaldus/Enerģētiskā vērtība/Energinė vertė/Energetická hodnota/Energia/Energia/Energijska vrednost/Energija/Valoare energetica/Energija/Exеpгийна стойност/Еvéруεɩα Rasvad/Tauki/Riebalai/Tuky/Tuky/Zsír/Maščobe/Masti/Grăsimi/Masti/ Мазнини/Липара millest küllastunud rasvhapped/tostarp: piesātinātās taukskābes/iš kurių sočiųjų riebalų rūgščių/z toho nasycené mastné kyseliny/z toho nasýtené mastné kyseliny/amelyből telített zsírsavak/od tega nasičene maščobe/ od kojih zasićene masne kiseline/din care acizi grași saturați/ od kojih zasićene masne kiseline/om които наситени мастни Kucenuнu/εκ των οποίων κορεσμένα Süsivesikud/Ogļhidrāti/Angliavandeniai/Sacharidy/Sacharidy/ Szénhidrát/Ogljikovi hidrati/Ugljikohidrati/Glucide/Ugljeni Въглехидрати/батáракес 8/100 g 1571 kJ/,364,5.7,1,62,0.7,12,8.5,,,unknown,
Céréales Miel Pops,"Plant-based foods and beverages, Plant-based foods, Breakfasts, Cereals and potatoes, Cereals and their products, Breakfast cereals, Extruded cereals, Honey cereal balls, en:cereals-with-honey",Kellogg's,620 g,"Kunststoff,Kasten,Pappe","Vegetarian, Kosher, No artificial flavors, Green Dot, No colorings, Nutriscore, fr:Mk, fr:Personnage sur l'emballage, en:nutriscore-grade-b","Farine de maïs (80%), sucre, sirop de glucose, fibre de maïs, miel (2%), extrait de malt d'orge, sel, arôme naturel, niacine, fer, vitamine B6, riboflavine, thiamine, acide folique, vitamine D, vitamine B12, colorant (caroténoïdes).",384,1.5,0.1,85,22,5.2,4.6,0.4,0.16,c,
Wheat Biscuits malty & crispy,"Aliments et boissons à base de végétaux,Aliments d'origine végétale,Petit-déjeuners,Céréales et pommes de terre,Céréales et dérivés,Céréales pour petit-déjeuner,en:wheat-biscuits,Céréales pour petit déjeuner riches en fibres",Tesco,24x19g,en:paper-box,,"Wheat (95%), Malted Barley Extract, Sugar, Salt, Niacin, Iron, Riboflavin (B2), Thiamin (B1), Folic Acid",358,2,0.6,68,4.4,12,10,0.3,0.12,a,
Tresor - Choco Nut,"Plant-based foods and beverages, Plant-based foods, Breakfasts, Cereals and potatoes, Cereals and their products, Breakfast cereals, Extruded cereals, Filled cereals, en:chocolate-cereals",Kellogg's,410g,Carton,"No artificial flavors,No colorings,Nutriscore,Nutriscore Grade D","ICE INGREDIENTS DO KNUSPRIGE GETREIDEKISSEN MIT FÜLLUNG MIT SCHOKOLADEN-HASELNUSS-GESCHMACK, ANGEREICHERT MIT VITAMINEN. : Getreidemehle(53%)(Weizen, Hofer, Reis), Füllung mit Schokoladen - und Haselnussgeschmack(lucker, pflanaliche Öle{Palm, Sonnenblume, Raps), Glukosesirup, Schokolade(4%)(Zucker, Kakaomasse), fettarmes Kakaopulver, Süßmolkenpuver, Magermilchpulver, Haselnüsse(196), Emulgator (Sonnenblumenlecithin}, natürliches Aroma), Zucker, Salz, arbstoff(Annatto Norbixin, Carotin), Antioxidationsmittel(Ascorbylpalmitat, Alpha-Tocopherol). VITAMINE: Riboflavin, Thiamin, Vitamin B6, Vitamin B12. Allergene  sind fettgedruckt. Kann enthalten: Gluten anderer Getreidesorten, andere Schalenfrüchte. Mindestens haltbar bis: siehe Deckel. Kühl und trocken lagern. SD O NO BLANDADE KUDDAR AV SÄDESSLAG, INNEHĂLLANDE EN FYLLNING ratuit)",453,15,3.8,71,26,6.6,3.7,0.94,0.376,d,
Granola Sante Czekoladowa,"Żywność i napoje na bazie roślin,Żywność na bazie roślin,Produkty śniadaniowe,Zboża i ziemniaki,Zboża i produkty zbożowe,Płatki śniadaniowe,en:Chocolate cereals,Musli,Musli czekoladowe",nutrition-sante,350 g,Canned,"en:Low or no fat,Low fat,Źródło błonnika,Wysoka zawartość błonnika","Flocons d'_avoine_ à grain entiers 37%, farines: _orge_, _avoine_ 6,8%, maïs, sucre de canne non raffiné, chocolat 10% (sucre, pâte de cacao, graisse de cacao, émulsifiant: lécithine (_soja_): arôme naturel de vanille), huile de tournesol, gruau de maïs, poudre de cacao faible en gras 2,3%, flocons de noix de coco, mélasse de canne, sel de mer, agent levant: carbonates de sodium, émulsifiant: lécithine (_soja_), extrait de malt d'_orge_, arômes,",454.54545454545,16.363636363636,3.6363636363636,72.727272727273,21.818181818182,9.0909090909091,7.2727272727273,0.54545454545455,0.21818181818182,d,
Low Sugar Granola Original,"Plant-based foods and beverages,Plant-based foods,Breakfasts,Cereals and potatoes,Cereals and their products,Breakfast cereals,Mueslis",Crownfield,500g,,,"70% Wholegrain Oat Flakes, 9% Chopped Nuts (Hazelnuts, Almonds, Cashew Nuts, Walnuts), Rapeseed Oil, 4% Pumpkin Seeds, 3% Sunflower Seeds, 2% Desiccated Coconut, Black Treacle, Sugar.",521,23.7,3.3,59.4,3,13.7,7.6,0.03,0.012,a,
Céréales Extra Pépites Chocolat Noisettes,"Aliments et boissons à base de végétaux, Aliments d'origine végétale, Petit-déjeuners, Céréales et pommes de terre, Céréales et dérivés, Céréales pour petit-déjeuner, Céréales au chocolat, Pépites de céréales croustillantes, Pépites de céréales au chocolat, en:Aliments d'origine végétale, en:Aliments et boissons à base de végétaux, en:Céréales au chocolat, en:Céréales et dérivés, en:Céréales et pommes de terre, en:Céréales pour petit-déjeuner, en:Petit-déjeuners, en:Pépites de céréales au chocolat, en:Pépites de céréales croustillantes",Kellogg's,500 g,"en:Point vert, en:Sachet plastique, en:Triman, sachet","en:sustainable, huile-de-palme-durable, halal, nutriscore, nutriscore-d, fr:huile-de-palme-durable, en:ifa-approved, en:sans-arômes-artificiels, nl:vegetarisch, nl:vrij-van-kunstmatige-smaakstoffen, nl:zonder-kleurstoffen","Avoine complète(48%), sucre, huile de palme durable, morceaux de chocolat(11%) (sucre, pâte de cacao, beurre de cacao, graisses végétales{palme, karité} en proportions variables, matière grasse du lait, émulsifiant{lécithine de soja}), farine de blé, noisettes(3%), sel, mélasse, noix de coco séchée, extrait de malt d'orge, Peut contenir gluten provenant d'autres céréales, autres fruits à coque,",497,25,12,57,21,8,5.8,0.68,0.272,e,
Flocons d'avoine,"Aliments et boissons à base de végétaux, Aliments d'origine végétale, Petit-déjeuners, Céréales et pommes de terre, Céréales et dérivés, Céréales pour petit-déjeuner, Flocons, Flocons de céréales, Flocons laminés, Flocons d'avoine",Bjorg,900 g,"Plastique, Sachet, Sachet en plastique","Bio,Ecocert,Bio européen,Entreprise B certifiée,DE-ÖKO-001,Agriculture UE,Fabriqué en Allemagne,en:Planet-Score,AB Agriculture Biologique,Triman,Planet-score-a",Flocons d'_avoine_ biologiques,363.333333333333,8,1,69.1666666666667,0,10.8333333333333,11,0.0833333333333333,0.0333333333333333,a,
shredded wheat,"Plant-based foods and beverages, Plant-based foods, Breakfasts, Cereals and potatoes, Cereals and their products, Breakfast cereals, extruded cereals",Nestlé,370 g,"Card-box, Hdpe film-bag","Vegetarian, Vegan, The Vegan Society",whole grain wheat (100%),367,2.2,0.5,68.7,0.7,11.8,12.5,0.05,0.02,a,
Muesli Bio Superfruits,"Aliments et boissons à base de végétaux, Aliments d'origine végétale, Petit-déjeuners, Céréales et pommes de terre, Céréales et dérivés, Céréales pour petit-déjeuner, Céréales aux fruits, Mueslis, Mueslis aux fruits",Jordans,450 g,Carton,"Bio, Végétarien, Ecocert, Bio européen, Agriculture non UE, Agriculture UE, Agriculture UE/Non UE, en:FSC, FSC Mix, GB-ORG-05, Sans sucre ajouté, Nutriscore, Nutriscore A, AB Agriculture Biologique, Triman","Céréales complètes (82%) (flocons d'_avoine_, flocons de _blé_, pétales de blé grillé), raisins secs (raisins secs, huile de tournesol), graines de courge (3%), fruits lyophilisés (2%) (groseilles, myrtilles, baies entières de cassis)",360,5.5,1,61.8,10.2,11.2,9.4,0.03,0.012,a,
Corn Flakes,"Alimentos e bebidas à base de plantas,Alimentos à base de plantas,Pequenos alomoços,Cereais e Batatas,Cereais e seus produtos,Cereias para pequeno-almoçco,Flocos,Flocos de cereais,en:Extruded cereals,en:Extruded flakes,Flocos de milho",Kellogg's,500 g,en:container,"Vegetariano,Halal,Ponto Verde,en:Halal Food Authority,Sem óleo de palma,en:Enriched with vitamins","Mais, estratto di malto d'_orzo_, zucchero, sale, niacina, ferro, vitamina B6, riboflavina, tiamina, acido folico, vitamina D, vitamina B12.",378,0.9,0.2,84,8,7,3,1.1,0.44,d,
Croustillant 3 noix,"Plant-based foods and beverages, Plant-based foods, Breakfasts, Cereals and potatoes, Cereals and their products, Breakfast cereals, Breakfast cereals rich in fibre, Cereals with nuts, Crunchy cereal clusters, Cereal clusters with nuts, en:mueslis",Bjorg,450 g,,"Bio,Bio européen,Agriculture non UE,DE-ÖKO-001,Agriculture UE,Agriculture UE/Non UE,Sans huile de palme,Nutriscore,Nutriscore B,AB Agriculture Biologique","Flocons d'avoine complète*, flocons de blé complet*, sucre de canne non raffiné*, huile de tournesol oléique*, noisettes 4,4%, amandes 3,3%, noix de cajou* 2,2%, stabilisant: gomme d'acacia*, antioxydant: extrait riche en tocopherols.
*Ingrédients biologiques",441,17,2.1,56,14,11,9.9,0.02,0.008,b,
Granola con frutos secos,"Alimentos y bebidas de origen vegetal,Alimentos de origen vegetal,Desayunos,Cereales y patatas,Cereales y derivados,Cereales para el desayuno,Muesli",Hacendado,400 g,Frasco,"Bajo en sal o sin sal,Bajo o sin azúcar,Bajo en sal,Bajo contenido de azúcar,Fuente de fibra alimentaria,Punto Verde,Rico en fibra,Recicla amarillo,pt:Ecoponto amarelo","Flocos de aveia (glúten) integral 72,4%, óleo de girassol, sementes 7.7% (sementes de girassol, sementes de abóbora), frutos secos 7% (amêndoa, avelã torrada, castanha de caju, noz pecan), coco desidratado, açúcar, melaço, antioxidante: extracto rico em tocoferóis. Os ingredientes em negrito contém alergénios Pode conter vestígios de outros frutos de casca rija, leite e soja.",477,22.7,3.5,50.2,4.7,13.6,8.5,0.02,0.008,a,
Jumbo Rolled Oats,"Plant-based foods and beverages,Plant-based foods,Breakfasts,Cereals and potatoes,Cereals and their products,Breakfast cereals,Flakes,Cereal flakes,Rolled flakes,Porridge,Rolled oats",Quaker,1kg,Card-box,No added sugar,100% Rolled Oats.,375,8,1.5,60,1,11,9,0,0,a,
Tesco No Added Sugar or Salt Swiss Style Muesli,"Plant-based foods and beverages, Plant-based foods, Breakfasts, Cereals and potatoes, Cereals and their products, Breakfast cereals, Mueslis",Tesco,1 kg,,"Vegetarian, No added sugar, en:source-of-fibre","Oat Flakes, Malted Toasted Wheat Flakes [Wheat, Barley Malt Extract], Raisins (15%), Whey Powder (Milk), Hazelnut (1%), Almond.",362,4.2,0.8,66.3,13.3,10.5,8.5,0.03,0.012,a,
High Protein Granola Honey & Seed,"Plant-based foods and beverages, Plant-based foods, Breakfasts, Cereals and potatoes, Cereals and their products, Breakfast cereals, Mueslis, Cereals with honey",Crownfield,400 g,,Vegetarian,"30% Wholegrain Oat Flakes, 25% Soya Protein Crisps (Soya Protein Isolate, Rice Semolina, Soya Flour, Salt), Sugar, 9.5% Pumpkin Seeds, Rapeseed Oil, Oat Bran, Desiccated Coconut, 2% Sunflower Seeds, 2% Golden Linseeds, 1.3% Honey.",436,16,2.67,45.1,17.3,24.9,5.56,0.00156,0.000622,c,
Wholegrain Bran Flakes,"Plant-based foods and beverages,Plant-based foods,Breakfasts,Cereals and potatoes,Cereals and their products,Breakfast cereals,extruded wheat flakes",By sainsbury's,750 g,"Card-box,Mixed plastic-bag",,"Wholegrain _Wheat_ (76%), _Wheat_ Bran (13%), Sugar, _Barley_ Malt Extract, Salt, Niacin, Vitamin E, Ferric Diphosphate, Pantothenic Acid, Riboflavin, Vitamin B6, Thiamin, Folic Acid, Vitamin B12.",347,2.6,0.9,60.8,8.1,12.2,15.7,0.54,0.216,a,
Wholegrain Malties,"Plant-based foods and beverages, Plant-based foods, Breakfasts, Cereals and potatoes, Cereals and their products, Breakfast cereals, extruded cereals",Sainsbury's,,"Card-box, Ldpe-bag, en:ldpe-packet",,"Wholewheat, Sugar, Barley Malt Extract, Invert Sugar Syrup, Salt, Vitamins and Mineral Mix (Niacin, Thiamin, Iron, Vitamin D, Vitamin B12, Pantothenic Acid, Riboflavin, Folic Acid, Vitamin B6).",366,1.7,0.4,69.6,10.6,11.3,10.9,0.42,0.168,a,
Knusper Müsli Schoko,"Pflanzliche Lebensmittel und Getränke, Pflanzliche Lebensmittel, Frühstücke, Getreide und Kartoffeln, Getreideprodukte, Frühstückscerealien, Schokoflocken, Müslis, Müslis mit Schokolade","Crownfield, Lidl",500 g,"Plástico,Saco,Cartão,Pacote,Papel cartonado,en:PP/PE","Bio, EU-Öko-Verordnung, Nachhaltige Agrikultur, EG-Öko-Verordnung, DE-ÖKO-005, Ohne Palmöl, Nutriscore, Nutriscore C, Rainforest Alliance, Rainforest Alliance Kakao, UTZ Zertifiziert, UTZ Zertifizierter Kakao, AB Agriculture Biologique","_Hafervollkornflocken_, Zartbitterschokolade (Kakaomasse, Rohrzucker, Kakaobutter, Emulgator: Sonnenblumenlecithin), Glukosesirup, _Weizenvollkornflocken_, Sonnenblumenöl, fettarmes Kakaopulver, _Weizenmehl_, Rohrzucker, _Dinkelweizenmehl_, Kokosraspel, Honig, Vollmilchschokoladenstückchen (Zucker, Kakaomasse, _Vollmilchpulver_, Kakaobutter, Emulgator: Lecithine), Meersalz, _Gerstenmalzextrakt_",447,16.2,5.8,59.8,13.7,10.9,9.1,0.41,0.164,c,
"Granola Coconut, Cashew & Almond","Plant-based foods and beverages, Plant-based foods, Breakfasts, Cereals and potatoes, Cereals and their products, Breakfast cereals, Mueslis, Breakfast cereal fortified with vitamins, en:cereals-with-fruits",Crownfield,500g,,"Vegetarian, Vegan, No added sugar","65% Cereals (33% Wholegrain Oat Flakes, 18% Wholegrain Barley Flakes, 7% Whole Rye Flakes, Rice Flour, Wheat Flour (Wheat Flour, Calcium Carbonate, Iron, Niacin, Thiamin), Malted Barley Flour), 15% Date Syrup, Rapeseed Oil, Banana Purée, 3% Flaked and Chopped Almonds, 2% Cashew Pieces, 2% Desiccated Coconut, Flavouring, Sunflower Oil.",427,12.5,2.2,65.5,15.5,9.3,7.6,0.05,0.02,c,
Quaker Cruesli Chocolat au lait,"Aliments et boissons à base de végétaux,Aliments d'origine végétale,Petit-déjeuners,Céréales et pommes de terre,Céréales et dérivés,Céréales pour petit-déjeuner,Céréales au chocolat,Pépites de céréales croustillantes,Pépites de céréales au chocolat,Céréales pour petit déjeuner riches en fibres",Quaker,450 g,"Plástico,Bolsa,Caja,en:Cardboard","Sans arômes artificiels,Sans conservateurs,Point Vert,Nutriscore,Nutriscore C,Triman","AVOINE complète (37%),chocolat au lait* (13%) [sucre, LAIT en poudre, pâte de cacao, beurre de cacao, émulsifiant (lécithine de SOJA)],huile de tournesol,sucre,BLÉ complet (9%),sirop de glucose,oligofructose,farine de riz,farine de BLÉ,noix de coco,mélasse,sel,arôme naturel de caramel aux pommes et autre arôme naturel,antioxydant (tocophérol),* Le chocolat au lait contient 30% de cacao minimum.",457,19,4.8,59,20,7.7,8.7,0.51,0.204,d,
Harvest Morn Granola Raisin & Almond,"Plant-based foods and beverages, Plant-based foods, Breakfasts, Cereals and potatoes, Cereals and their products, Breakfast cereals, Mueslis",Aldi,1kg,en:ldpe-packet,"No artificial flavors, No artificial colors, No artificial colours or flavours","WHOLEGRAIN OAT FLAKES (70%), Sugar, RAISINS (6%), Rapeseed Oil, CHOPPED AND FLAKED ALMONDS (2.5%), HONEY (1%), Flavouring, Sunflower Seeds.",426,12.1,1.5,64.9,18.6,11.1,6.8,0.03,0.012,c,
Organic Porridge Oats,"Plant-based foods and beverages, Plant-based foods, Breakfasts, Cereals and potatoes, Cereals and their products, Breakfast cereals, Flakes, Cereal flakes, Rolled flakes, Rolled oats, en:porridge",Flahavan's,1 kg,"Papier, en:biodegradable-carton","Organic, EU Organic, EU Agriculture, IE-ORG-03, Recycle, en:green-dot",100% Organic Wholegrain Rolled _Oats_,370,5.75,1,65,,11.3,8.25,,,unknown,
NESTLE CHOCAPIC Céréales 750g,"Aliments et boissons à base de végétaux,Aliments d'origine végétale,Petit-déjeuners,Céréales et pommes de terre,Céréales et dérivés,Céréales pour petit-déjeuner,Céréales au chocolat,Céréales pour petit déjeuner enrichies en vitamines et minéraux,Céréales extrudées,Pétales de blé chocolatés,Céréales chocolatées pour petit déjeuner non fourrées mais enrichies en vitamines et minéraux,Céréales pour petit déjeuner riches en fibres",Nestlé,750 g,"Plástico,Bolsa,Caja,en:Cardboard,23 PBD,fr:Etui en carton,fr:Film en plastique","Sans arômes artificiels,Point Vert,Fabriqué en France,Sans huile de palme,Nutriscore,Nutriscore B,Rainforest Alliance,Triman,Personnage-sur-l-emballage","BLE complet 35,0%, chocolat en poudre 22,5% (sucre, cacao en poudre*), farine de BLE 17,0%, semoule de maïs, sirop de glucose, sucre, extrait de malt d'ORGE (ORGE, ORGE malté), contient de l'huile de tournesol et/ou de palme, carbonate de calcium, émulsifiant : lécithine ; sel, arômes naturels, fer, vitamines B3, B5, D, B6, B1, B2 et B9. Peut contenir du LAIT et des FRUITS A COQUE.* Bilan massique certifié rainforest Alliance www.ra.org/fr.",388,4.8,2,73.6,22.4,8.8,7.5,0.22,0.088,c,
chocapic,"Aliments et boissons à base de végétaux,Aliments d'origine végétale,Petit-déjeuners,Céréales et pommes de terre,Céréales et dérivés,Céréales pour petit-déjeuner,Céréales au chocolat,Céréales pour petit déjeuner enrichies en vitamines et minéraux,Céréales extrudées,Pétales de blé chocolatés,Céréales chocolatées pour petit déjeuner non fourrées mais enrichies en vitamines et minéraux,Céréales pour petit déjeuner riches en fibres","Nestlé, Chocapic",1000 g,"Conteneur, en:container","Fabriqué en France,Sans huile de palme,Nutriscore,Nutriscore A,Rainforest Alliance,Rainforest Alliance Cacao,Too good to go,Blé français,Triman, Végétarien, Point Vert","Farine de BLÉ complet 35,1 %, chocolat en poudre 22,5 % (sucre, cacao en poudre*), farine de BLÉ 17,0 %, semoule de maïs, sirop de glucose, sucre, extrait de malt d'ORGE (ORGE, ORGE malté), huile de tournesol, carbonate de calcium, émulsifiant : lécithines ; sel, arômes naturels, fer, vitamines B3, B5, D, B6, B1, B2 et B9. Peut contenir du LAIT et des FRUITS À COQUE. *Bilan massique certifié Rainforest Alliance. www.ra.org/fr. Nestlé achète une quantité de cacao certifié Rainforest Alliance équivalente à celle nécessaire pour ce produit.",389,4.8,1.3,73.6,22.4,8.9,7.7,0.22,0.088,c,
Weetabix 72S 1362G,"Plant-based foods and beverages,Plant-based foods,Breakfasts,Cereals and potatoes,Cereals and their products,Breakfast cereals",Weetabix,1.3 kg,Card-box,"Vegetarian,Vegan","wholegrain wheat (95%), malted barley extract, sugar, salt, niacin, iron, riboflavin (b2), thiamin (b1), folic acid",363,2.13,0.533,69.3,4.27,12,10.1,0.267,0.107,a,
Dorset cereals nutty muesli,"Plant-based foods and beverages, Plant-based foods, Breakfasts, Cereals and potatoes, Cereals and their products, Breakfast cereals, Cereals with fruits, Mueslis, Mueslis with fruits",Dorset cereals,500g,"en:card-box,en:hdpeFilm-packet","Vegetarian, Vegan, No added sugar","Wholegrain wheat flakes, nuts (whole almonds 9%, cashew nuts 4%, roasted whole hazelnuts 3.5%, chopped brazil nuts 1.5%), dried fruit 15% (chopped dates, diced dried apricots (apricots, preservative (sulphur dioxide)), raisins, golden raisins (golden raisins, preservative (sulphur dioxide))), wholegrain toasted wheat flakes, barley flakes, wholegrain oat flakes, pumpkin seeds, flavoured oat flakes (oat flakes, natural flavouring).",415,14.3,2,54.4,8.4,13.2,8.1,0.03,0.012,a,
Wholewheat biscuits,"Aliments et boissons à base de végétaux,Aliments d'origine végétale,Petit-déjeuners,Céréales et pommes de terre,Céréales et dérivés,Céréales pour petit-déjeuner,Céréales pour petit déjeuner riches en fibres",By Sainsbury's,,"Card-box,Mixed plastic-wrapper",,"British Wholegrain Wheat (95%), Malted Barley Extract, Sugar, Salt, Niacin, Iron, Vitamin B2 (Riboflavin), Vitamin B1 (Thiamin), Folic Acid.",358,2,0.6,68.6,4.4,12,10,0.28,0.112,a,
Muesli aux fruits,"Plant-based foods and beverages,Plant-based foods,Breakfasts,Cereals and potatoes,Cereals and their products,Breakfast cereals,Cereals with fruits,Mueslis,Bircher-style mueslis,Mueslis with fruits,Bircher-style mueslis with fruits",Bjorg,750 g,"Plástico,Bolsa,fr:Sachet en plastique","Organic,EU Organic,Non-EU Agriculture,Certified B Corporation,DE-ÖKO-001,EU Agriculture,EU/non-EU Agriculture,FR-BIO-01,Made in Germany,Nutriscore,Nutriscore Grade A,AB Agriculture Biologique,Triman","Flocons d'avoine complète, flocons de seigle, flocons d'orge, flocons d'épeautre (blé), raisins 7% (raisins, huile de tournesol), flocons de blé, dattes 4% (dattes, farine de riz), pommes 3,5%, lamelles de bananes 3,5% (bananes, sucre de canne brut, huile de coco), copeaux de noix de coco 1.5%.",358,6,2.5,60,10,11,10,0.02,0.008,a,
Super smooth porridge imp,"Plant-based foods and beverages, Plant-based foods, Breakfasts, Cereals and potatoes, Cereals and their products, Breakfast cereals, Porridge","Ready break, Weetabix",450g,"en:card-box, en:ldpe-bag",No added sugar,"wholegrain rolled oats (60%), wholegrain oat flour (38%), calcium, niacin, iron, riboflavin (b2), vitamin b6, thiamin (b1), folic acid, vitamin d, vitamin b12,",374,8.7,,58,,12,,,,unknown,
FUEL10K Protein Boosted Chunky Chocolate Granola imp,"Aliments et boissons à base de végétaux,Aliments d'origine végétale,Petit-déjeuners,Céréales et pommes de terre,Céréales et dérivés,Céréales pour petit-déjeuner,Céréales pour petit déjeuner riches en fibres",Fuel,400 g,Card-box,"Végétarien,Végétalien,Pur beurre de cacao,The Vegan Society,À l'huile de tournesol","Wholegrain Oat Flakes (44%). Sugar, Dark Chocolate (8%) (Cocoa mass. Sugar. Cocoa Butter. Emulsifier: Sunflower Lecithins). Wheat Gluten. Rice Flour. Sunflower Oil. Glucose-Fructose Syrup. Wholegrain Wheat Flakes. Pumpkin Seeds. Grated Coconut, Fat Reduced Cocoa Powder. Dextrose. Natural Flavouring, Caramelized Sugar Syrup. Vitamin Mix (Niacin. Vitamin E. Pantothenic Acid. Vitamin B6. Riboflavin. Thiamin. Folic Acid. Vitamin B12), Salt, Antioxidant: Tocopherol-rich extract.",441,13.7,2.8,60.4,17.5,15.8,6.6,0.03,0.012,c,
Rice Snaps,"Plant-based foods and beverages, Plant-based foods, Breakfasts, Cereals and potatoes, Cereals and their products, Breakfast cereals, Puffed grains, Puffed cereals",Tesco,375g,Card-box,Vegetarian,"Rice, Sugar, Salt, Barley Malt Extract, Iron, Niacin, Pantothenic Acid, Riboflavin, Vitamin B6, Thiamin, Folic Acid, Vitamin D, Vitamin B12.",387,1.33,0.333,84.7,5,8,1.67,0.658,0.263,c,
bio organic oat flakes,"Растителни храни и напитки,Растителни храни,en:Breakfasts,Зърнени храни и картофи,Зърнени продукти,Зърнени закуски,en:Flakes,en:Cereal flakes,en:Rolled flakes,Овесени ядки,en:fine-oats,Овес",Crownfield,500g,DISPOSE OF CORRECTLY COLECTARE CORECTĂ ИЗХВЪРЛЯЙ ПРАВИЛНО 23 PAP,"Без антибиотици,Био,Вегетарианско,ЕС Био,Без ГМО,Източник на влакнини,Веган,High fibres,LV-BIO-02,Без добавки,Без палмово масло,en:Non GMO project,100% whole grain","bg organic oatmeal, ingredients: 100% whole grain oatmeal1, from controlled organic production, high content of dietary fiber,
without palm oil,",364,6.9,1,55.1,1.2,14.2,12.3,0.01,0.004,a,
Oat So Simple Golden Syrup Flavour Porridge,Porridge,Quaker,"360 g, 10 servings",Card-box,,"Quaker Wholegrain Rolled Oats (81%), Sugar, Natural Flavourings, Salt.",375,6.39,1.11,66.7,17.8,8.89,7.22,0.549,0.219,c,
Porridge Oats,"Plant-based foods and beverages, Plant-based foods, Breakfasts, Cereals and potatoes, Cereals and their products, Breakfast cereals, Flakes, Cereal flakes, Rolled flakes",Tesco - The Grower's Harvest,1kg,Hdpe film-packet,,oat flakes,376,8.1,1.6,60.4,1.5,11,8.5,0.01,0.004,a,
,"Plant-based foods and beverages,Plant-based foods,Breakfasts,Cereals and potatoes,Cereals and their products,Breakfast cereals,Cereals with fruits,Mueslis,Mueslis with fruits","Hacendado, Mercadona",500 g,"Plástico,Bolsa","Source of fibre,Green Dot,High fibres",", whole barley laminated flakes (34%), sultana raisins (20%), whole oat rolled flakes (10%), sugary banana chip pieces (5%) (banana, coconut oil, sugar), dried date pieces, toasted wheat flakes (5%), ( wheat, sugar, salt, barley malt extract), sugary and dried pineapple chunks (5%) (pineapple, sugar, acidulant: citric acid), chunks of sugary coconut chips (cocoa, sugar), sugary and dried papaya pieces (3%) (papaya,  sugar), pumpkin seeds, almonds (1%), pecan nut pieces, pieces of bleached hazelnuts and toast,",367,9.3,5.1,60,26,6.8,7.8,0.11,0.044,c,
High Protein Granola Nuts & Seeds,"Plant-based foods and beverages,Plant-based foods,Breakfasts,Cereals and their products,Breakfast cereals,Mueslis,Granola-vegan-vegetarian,Granola",Lizi's,350 g,Plastic Bag,"27-rdi-protein,Gut-friendly-fibre,Wholegrain-oats,Vegan","28 % VollkornHAFERflocken, Sojaeiweiß-Flocken (SOJAeiweiß-Isolat, Reismehl, HAFERmehl, GERSTENmehl, brauner Reissirup), Sojaeiweiß-Crispies (SOJAeiweiß-Isolat, Reisgrieß, SOJAmehl, Salz), 7 % Kürbiskerne, 6 % Nüsse (WALNUSSstücke, MANDELstücke), konzentrierter Apfelsaft, Rapsöl, HAFERkleie, schwarze Melasse, Zichorienfasern, getrocknete Kokosnuss, Fruktose, natürliches Aroma.",442,17.6,3.1,40.7,10.3,26.9,6.7,0.81,0.324,d,
Cereales special K original,"Aliments et boissons à base de végétaux,Aliments d'origine végétale,Petit-déjeuners,Céréales et pommes de terre,Céréales et dérivés,Céréales pour petit-déjeuner,Flocons,Flocons de céréales,Céréales extrudées,Flocons extrudés,Pétales multicéréales,Céréales pour petit déjeuner riches en fibres",Kellogg's,500 g,"Plastique, Sachet, Boîte, Carton","Sans arômes artificiels,Sans conservateurs,Point Vert,Sans colorants,Sans huile de palme,Nutriscore,Nutriscore B","Riz (47%), blé complet (37%), sucre, orge (5%), farine d'orge maltée, sel, extrait de malt d'orge, niacine, fer, riboflavine, thiamine, vitamine B6, acide folique, vitamine D, vitamine B12.",392,1.3,0.3,84,15,8,6,0.84,0.336,c,
Original Nuts & Seeds imp,"Plant-based foods and beverages, Plant-based foods, Breakfasts, Cereals and potatoes, Cereals and their products, Breakfast cereals, Mueslis, Cereals with nuts, Mueslis with nuts",Lizi's,450g,,,"Wholegrain oat flakes (62%), seeds (7%) [sunflower, golden linseeds, pumpkin], nuts (7%) [cashew nut pieces, almond pieces, hazelnut pieces, walnut pieces], desiccated coconut, rapeseed oil, fructose, black treacle, chicory fibre.",471,22.6,5,50.7,7.2,12.5,7.3,0.03,0.012,c,
NESTLE LION céréales 400g​,"Aliments et boissons à base de végétaux, Aliments d'origine végétale, Petit-déjeuners, Céréales et pommes de terre, Céréales et dérivés, Céréales pour petit-déjeuner, Céréales au chocolat, Céréales extrudées, Céréales au caramel","Nestlé, Lion",400 g,"Plastic,Box,Cardboard,fr:Conteneur,fr:Etui en carton,fr:Film en plastique","No artificial flavors, No preservatives, Green Dot, Nutriscore, Nutriscore Grade C, Rainforest Alliance, Triman, fr:Garantie avec du blé complet, fr:Personnage sur l'emballage, en:no-palm-oil, Végétarien","BLÉ complet 41,3 %, farine de BLÉ, sucre, sirop de glucose, huile de tournesol, chocolat 3,0 % (cacao maigre en poudre*, sucre, pâte de cacao*), carbonate de calcium, sel, arômes naturels, émulsifiant : lécithines, sirop de sucre caramélisé, fer, vitamines B3, B5, D, B6, B1, B2, B9. Peut contenir du LAIT et des FRUITS À COQUE. *Bilan massique certifié Rainforest Alliance. www.ra.org/fr.",405,7.4,1.1,73.1,24.5,8.1,7,0.48,0.192,d,
Bio Knusper Müsli Früchte,"Pflanzliche Lebensmittel und Getränke, Pflanzliche Lebensmittel, Frucht- und gemüsebasierte Lebensmittel, Frühstücke, Getreide und Kartoffeln, Getreideprodukte, Fruchtbasierte Lebensmittel, Frühstückscerealien, Früchte, Frühstückscerealien mit Früchten, Müslis, Beeren, en:Crunchy mueslis, Müslis mit Früchten, en:Crunchy mueslis with fruits","Crownfield, Lidl",500 g,"Carton,Papier cartonné","Bio, EU-Öko-Verordnung, Nicht EU-Landwirtschaft, USDA Organic, EG-Öko-Verordnung, DE-ÖKO-005, EU-Landwirtschaft, EU-/Nicht-EU-Landwirtschaft, Ohne Palmöl, Nutriscore, Nutriscore C, AB Agriculture Biologique, Triman, Bio Organic","46% Hafervollkornflocken, 14% Weizenvollkornflocken, Rohrzucker, Glukosesirup, Sonnenblumenöl, Kokosraspel, Hafervollkornmehl, Honig, 1,5% gefriergetrocknete Brombeeren, 0,5% gefriergetrocknete Himbeere, 0,5% gefriergetrocknete Erdbeerstücke, Meersalz, Antioxidationsmittel: stark tocopherolhaltige Extrakte",441,14.6,4.1,63.5,15.8,9.7,8.3,0.1975,0.079,c,
Shreddies,"Aliments et boissons à base de végétaux,Aliments d'origine végétale,Petit-déjeuners,Céréales et pommes de terre,Céréales et dérivés,Céréales pour petit-déjeuner,Céréales extrudées",Nestle,460g,"en:card-box,en:hdpeFilm-packet","Végétarien,Végétalien,The Vegan Society","Whole Grain Wheat 96.2%, Sugar, Invert Sugar Syrup, Barley Malt Extract, Salt, Molasses, Iron, Vitamin B3, Vitamin B5, Vitamin B9, Vitamin B6, Vitamin B2.",364,1.8,0.3,70.4,12.5,10.8,12,0.72,0.288,b,
Multigrain Alpha Bites,"Aliments d'origine végétale,Petit-déjeuners,Céréales et dérivés,Céréales pour petit-déjeuner,Céréales extrudées",Bear,350g,,,"whole grain ground wheat (35%), whole grain ground oats (20%),coarsely ground corn (18%), coconut blossom nectar, ground rice & whole grain ground barley (3%)",380,2.7,0.5,76,11,9.3,7,0.02,0.008,a,
Cereal Mix,"Alimentos y bebidas de origen vegetal,Alimentos de origen vegetal,Desayunos,Cereales y patatas,Cereales y derivados,Cereales para el desayuno,Granos inflados,Cereales inflados",Hacendado,375 g,,"Fuente de fibra alimentaria,Punto Verde","puffed oats (gluten) (40%), cornflakes (40%) (corn, salt, emulsifier: sunflower lecithin), puffed quinoa (10%), puffed rice (10%), bold ingredients contain allergens,",372,2.7,0.7,80.4,17.1,9.4,5.6,0,0,c,
Muesli Protéines,"Aliments et boissons à base de végétaux,Aliments d'origine végétale,Petit-déjeuners,Céréales et pommes de terre,Céréales et dérivés,Céréales pour petit-déjeuner,Céréales aux fruits,Mueslis,Mueslis aux fruits",bjorg,375 g,"Plastique,Sachet,Sec","Bio,Ecocert,Bio européen,Agriculture non UE,Source de protéines,Entreprise B certifiée,DE-ÖKO-001,Agriculture UE,Agriculture UE/Non UE,FR-BIO-01,Point Vert,Riche en protéines,Fabriqué en Allemagne,Sans sucre ajouté,Nutriscore,Nutriscore A,AB Agriculture Biologique","Flocons de soja* 33%, flocons d'avoine* 26%, flocons de blé* 25%, raisins secs* 8% (raisins*, huile de tournesol*), dattes* 5% (dattes*, farine de riz*), fruits rouges* lyophilisés 1,4% (groseilles*, cassis*, fraises*), graines de sarrasin* 1%. *Ingrédients biologiques",382,12,1.9,41,11,21,13,0.03,0.012,a,
Muesli 4 nuts,"Plant-based foods and beverages,Plant-based foods,Breakfasts,Cereals and their products,Breakfast cereals,Mueslis,Cereals with nuts,Mueslis with nuts",Crownfield,600 g,"Plastique, Carton","Source of fibre, FSC, FSC Mix, Green Dot, High fibres, Nutriscore, Nutriscore Grade C, en:rainforest-alliance","38% flocons d'avoine complète, 22% flocons de blé complet, sucre, 8% farine (5% blé, 3% blé complet), huile de palme, 4% amande, 4% noisette, sirop de glucose, 1% noix de pécan, 1% noix du Brésil, miel, caramel, sel, arômes naturels. Traces éventuelles d'autres céréales contenant du gluten, de lait, d'autres fruits à coque et d'arachides.",454,16.9,4.9,61.1,18.1,10.3,8.1,0.08,0.032,c,
Granola Amandes Noisettes & Graines,"Aliments et boissons à base de végétaux,Aliments d'origine végétale,Petit-déjeuners,Céréales et pommes de terre,Céréales et dérivés,Céréales pour petit-déjeuner,Mueslis,Céréales pour petit déjeuner riches en fibres",Jordans,400 g,"Sachet en plastique, Sachet en plastique à jeter","Peu ou pas de sel,Sans arômes artificiels,Sans OGM,Sans conservateurs,Sans sel ajouté,Sans colorants artificiels,Sans colorants ni arômes artificiels,Sans colorants,Sans huile de palme,Nutriscore,Nutriscore A,Moins-de-5-de-sucres","Flocons d'avoine complète (56%), flocons d’orge (24%), fibre de racine de chicorée, noix (8%) (amandes effilées & amandes entières, noisettes grillées hachées), huile de tournesol et huile colza en proportion variable , graines (1,5%) (graines de courge, graines de tournesol), noix de coco séchée, arôme naturel.

Informations sur les allergènes : les allergènes, y compris les céréales contenant du gluten sont indiqués en gras.

Peut contenir également : Autres sources de gluten, autres noix.",451,14.8,2.4,58.9,2.5,12.6,16.1,0.03,0.012,a,
Crownfield Special Flakes Red Fruit,"Plant-based foods and beverages, Plant-based foods, Breakfasts, Cereals and potatoes, Cereals and their products, Breakfast cereals, Cereals with fruits, Extruded cereals, Breakfast cereals rich in fibre, Cereal flakes with fruits","Crownfield, Lidl",425 g,"Karton,21 PAP,fr:Ecoponto azul,fr:Food safe,fr:Point vert,fr:Tidyman wastebasket","Vegetarian, Source of fibre, Vegan, European Vegetarian Union, Green Dot, High fibres, Made in Germany, Nutriscore, Nutriscore Grade B, en:low-fat","59% Wholegrain Wheat, Ground Rice, Sugar, 4,5% Freeze Dried Fruit in Varying Proportions (Strawberries, Cherries), Salt, Barley Malt Extract",382,2.6,0.7,77.5,11.5,8.9,6.5,0.37,0.148,b,
Muesli pépites croustillantes chocolat-noissette réduit en sucre,"Aliments et boissons à base de végétaux, Aliments d'origine végétale, Petit-déjeuners, Céréales et pommes de terre, Céréales et dérivés, Céréales pour petit-déjeuner, Céréales au chocolat, Mueslis, Mueslis croustillants, Mueslis au chocolat, Mueslis croustillant au chocolat, Muesli croustillant au chocolat non enrichi en vitamines et minéraux","Marque Repère, Grainéa",350 g,Carton,"Source de fibres alimentaires, en:FSC, FSC Mix, Riche en fibres, Nutriscore, Nutriscore A, Triman, Aux céréales complètes, Réduit en sucres","Flocons d'avoine 48%, flocons de blé 12 %, fructo-oligosaccharide, huile de tournesol, morceaux de chocolat 6 % (pâte de cacao, sucre, matière grasse laitière anhydre, émulsifiant: lécithines (tournesol)), farine d'avoine complète 5,5 %, sucre, farine de riz complet 4,2 %, noisettes 4%, sirop de glucose, farine de blé 0,9 %, son de blé 0,3 %, sucre caramélisé, miel, malt d'orge 0,1 %, cannelle, sel, arôme naturel, antioxydant: extrait riche en tocopherols. Traces d'autres fruits à coque et soja.",432,16,2.9,56,9.3,10,12,0.07,0.028,a,
Country Crisp with Sun-Ripe Strawberries imp,"Plant-based foods and beverages, Plant-based foods, Breakfasts, Cereals and potatoes, Cereals and their products, Breakfast cereals, Cereals with fruits, Mueslis, Mueslis with fruits",Jordans,500 g,,"Low or no salt, Sustainable, Vegetarian, No GMOs, Sustainable Palm Oil, No added salt, No artificial additives","Wholegrain Cereals (53%) (_Oat_ Flakes, _Oat_ Flour), Sugar, _Barley_ Flakes, Vegetable Oils (Rapeseed Oil, Palm Oil), Rice Flour, Freeze Dried Strawberry Pieces (2.5%), Desiccated Coconut, Natural Flavouring",447,14.9,4.7,66.5,20.8,8.1,6.4,0.03,0.012,d,
Multi-Grain Hoops,"Plant-based foods and beverages, Plant-based foods, Breakfasts, Cereals and potatoes, Cereals and their products, Breakfast cereals, Extruded cereals","Harvest Morn, Aldi",375g,"Card-box, Mixed plastic-bag, en:card-carton, en:hdpeFilm-bag",,"Wholegrain _oat_ flour (30%), wholegrain _wheat_ flour (30%), wholegrain _barley_ flour (18%), sugar, _wheat_ starch, invert sugar syrup, oligofructose, wholegrain maize flour (2%), wholegrain rice flour (2%), sunflower oil, colour: paprika extract, salt, stabiliser: calcium carbonate, caramelised sugar syrup, vitamin c, antioxidant: tocopherol-rich extract, carrot concentrate, ferrous fumarate, niacin, pantothenic acid, riboflavin, vitamin b6, thiamin, folic acid, vitamin b12
May also contain _nuts_, _peanuts_, _milk_, _sesame_ and _soya_.",370,3.33,0.667,68.7,14,10.7,12.3,0.558,0.223,a,
Bran Flakes,"Plant-based foods and beverages,Plant-based foods,Breakfasts,Cereals and potatoes,Cereals and their products,Breakfast cereals,extruded wheat flakes",Harvest Morn,750 g,,"Vegetarian,No artificial flavors,Vegan,No artificial colors,No artificial colours or flavours","wholegrain wheat (80%), wheat bran (20%), sugar, malted barley extract, salt, niacin, iron, pantothenic acid, thiamin, riboflavin, vitamin b6, folic acid, vitamin b12",359,2.5,0.5,64,11,12,16,0.28,0.112,a,
Cocoa Alpha Bites,"Plant-based foods and beverages,Plant-based foods,Breakfasts,Cereals and potatoes,Cereals and their products,Breakfast cereals,Extruded cereals",BEAR,350g,,,"Whole grain ground wheat (38%), coarsely ground corn (19%), ground oats (18%), coconut blossom nectar, ground rice, fat reduced cocoa powder (4%).",385,2.4,0.8,78,12,10,6.7,0.1,0.04,a,
Honey Granola,"Plant-based foods and beverages, Plant-based foods, Breakfasts, Cereals and potatoes, Cereals and their products, Breakfast cereals, Mueslis, Cereals with nuts, Mueslis with nuts",Dorset Cereals,450 g,,,"Wholegrain OAT flakes (46%), nuts & seeds (28%) [sliced ALMONDS, sunflower seeds, pumpkin seeds, chopped PECAN NUTS], honey (16%), toasted wholegrain RYE flakes, vegetable oil (rapeseed and sunflower in varying proportions), natural flavouring.",494,26.7,2.7,49.2,12.6,13.1,7,0.03,0.012,c,
rice crispies,"Plant-based foods and beverages, Plant-based foods, Breakfasts, Cereals and potatoes, Cereals and their products, Breakfast cereals, Puffed grains, Puffed cereals, Puffed rice, Rice crispies",Kellogg’s,,,Kosher,"(EN) TOASTED RICE CEREAL FORTIFIED WITH VITAMINS AND IRON. INGREDIENTS: Rice, sugar, salt, barley malt extract, niacin, iron, vitamin B6, riboflavin, thiamin, folic acid, vitamin D, vitamin B12. For allergens see ingredients highlighted in bold. May contain gluten from other cereals. Best before: see top.",390,1.33,0.333,86.7,8,7,3,0.983,0.393,c,
Oreo O's,"Plant-based foods and beverages,Plant-based foods,Breakfasts,Cereals and potatoes,Cereals and their products,Breakfast cereals,Chocolate cereals,Extruded cereals",OREO,350g,"Plastique,en:container","Vegetarian,Green Dot,Triman","Getreidemehle (66%) (WEIZENmehl (45%), Reismehl (21%)), Zucker, fettarmes Kakaopulver (7.5%), zerkleinerte Kekse (2.9%) (WEIZENmehl, Zucker, Rapsöl, fettarmes Kakaopulver (0.2%), Glukose-Fruktose-Sirup, WEIZENstärke, Backtriebmittel (Kaliumcarbonat, Ammoniumcarbonat, Natriumcarbonat), Palmöl, Salz, Emulgator: SOJAlecithin, Säureregulator: Natriumhydroxid, Aromen), WEIZENstärke (2.5%), Aromen, Salz, Niacin, Eisen, Riboflavin (B2), Vitamin B6, Thiamin (B1), Folsäure, Vitamin D, Vitamin B12. Allergiehinweis: Siehe Zutaten in FETT für Allergene. Kann NÜSSE und MILCH enthalten.",382,2.1,0.8,81,27,7.9,3.9,0.56,0.224,d,
Flocons d'avoine,"Aliments et boissons à base de végétaux,Aliments d'origine végétale,Petit-déjeuners,Céréales et pommes de terre,Céréales et dérivés,Céréales pour petit-déjeuner,Flocons,Flocons de céréales,Flocons laminés,Flocons d'avoine","Marque Repère, Grainéa",500 g,"Papier,Sachet,Sec,Etui en carton","Source de fibres alimentaires,Riche en fibres,Source de fer,Nutriscore,Nutriscore A,Source de phosphore,Riche en vitamine B1","Flocons d'avoine,",372,7,1.3,59,0.7,14,10,0.025,0.01,a,
Weetabix Oatiflakes,"Plant-based foods and beverages,Plant-based foods,Breakfasts,Cereals and potatoes,Cereals and their products,Breakfast cereals,Flakes,Cereal flakes,Rolled flakes,Rolled oats",Weetabix,550 g,,"Nutriscore,Nutriscore Grade B","Wholegrain Oats (93%), Sugar, Malted Barley Extract, Potassium Chloride, Salt, Niacin, Iron, Pantothenic Acid (B5), Thiamin (B1), Riboflavin (B2), Vitamin B6, Folic Acid, Vitamin B12. ALLERGY ADVICE: NUTE For allergens, see ingredients in bold. Also, may contain nuts, wheat and rye. For BEST BEFORE, see top flap. This pack contains approximately eighteen 30g servings. CONTAINS F FOLI ACID SUITA Energy FOR EGETARIANS Fat of wh Carbol of wh Fibre Protein VEGAN & Salt Vitamin Thiami Ribofla Niacin Vitamin Folic Ac Vitamin Pantoth Iron **RI-Refe *Enjoy as part of a healthy diet and lifestyle. Beta-glucans contribute to the maintenance is 40% of the suggested daily intake (3g). Oat beta-glucan has been shown to lower/red has many risk factors and altering one of these may or may not have a beneficial effect.",405,8.6,1.4,67,14,11,8,0.258,0.103,b,
Copos de trigo integral y arroz 0% azúcares añadidos,"Alimentos y bebidas de origen vegetal,Alimentos de origen vegetal,Desayunos,Cereales y patatas,Cereales y derivados,Cereales para el desayuno","Hacendado,Mercadona",500 g,"Papel,Caixa","Vegetariano,Fuente de fibra alimentaria,Vegano,Punto Verde,Rico en fibra,Sin azúcares añadidos,Recicla amarillo,Recicla azul","Cereales [trigo integral 65%, arroz 43%], extracto de malta de cebada, sal. Puede contener trazas de soja, productos lácteos y otros frutos de cáscara.",373,1.6,0.3,75,1,10.3,7.9,1,0.4,a,
Nougat Bits,"Plant-based foods and beverages,Plant-based foods,Breakfasts,Cereals and potatoes,Cereals and their products,Breakfast cereals,Extruded cereals,Filled cereals","Crownfield, Lidl, Nordgetreide",750g,papier,"Sustainable,Fair trade,Vegetarian,Fairtrade International,No artificial flavors,Sustainable Palm Oil,Vegan,Fairtrade cocoa,Green Dot,Made in Germany,No colorings,Nutriscore,Nutriscore Grade C,Roundtable on Sustainable Palm Oil","Mehl (25% Weizenvollkorn, 14% Weizen, 2% Reisvollkorn), Zucker, getrockneter Glukosesirup, Rapsöl, Palmöl, 4% fettarmer Kakao, 4% Haselnüsse, Maisvollkorngrieß, Füllstoff: Calciumcarbonat, Speisesalz, Emulgator: Lecithine, natürliche Aromen, Kann Spuren von anderen glutenhaltigen Getreiden, anderen Schalenfrüchten, Erdnüssen, Milch und Soja enthalten,",443,16.3,3.5,65.6,26.6,6.1,4.9,0.39,0.156,d,
Rice Krispies,"Aliments et boissons à base de végétaux,Aliments d'origine végétale,Petit-déjeuners,Céréales et pommes de terre,Céréales et dérivés,Céréales pour petit-déjeuner,Grains soufflées,Céréales soufflées,Riz soufflé,Riz soufflé nature",Kellogg's,360g,,"Végétarien,Halal,Kascher,Sans arômes artificiels,en:Halal Food Authority,Beth Din de Manchester,Sans colorants,Nutriscore,Nutriscore B,Source de vitamine D,Triman","riz, sucre, sel, extrait de malt d'_orge_, niacine, fer, vitamine B6, riboflavine, thiamine, acide folique, vitamine D, vitamine B12",389,1.2,0.4,86,7.9,7,2.9,1,0.4,c,
Céréales Extra Kellogg's Pépites Chocolat au lait,"Aliments et boissons à base de végétaux, Aliments d'origine végétale, Petit-déjeuners, Céréales et pommes de terre, Céréales et dérivés, Céréales pour petit-déjeuner, Céréales au chocolat, Pépites de céréales croustillantes, Pépites de céréales au chocolat",Kellogg's,500 g,"Plastique,Sachet","Sustainable, No artificial flavors, Sustainable Palm Oil, Green Dot, No colorings, Roundtable on Sustainable Palm Oil, Triman, en:nutriscore-grade-d","avoine complète(48%), sucre, morceaux de chocolat au lait( 14%)(sucre, all ights resene beune e acao, lait entier en poudre, päte de cacao, graisses végétales{palme, karité) en proportions variables, émulsifiant{lécithine de soja}), huile de palme durable, farine de ble se, mélasse, noix de coco séchée, extrait de malt d'orge",484,22,12,62,25,7,4.9,0.68,0.272,e,
Shredded Wheat,"Plant-based foods and beverages, Plant-based foods, Breakfasts, Cereals and potatoes, Cereals and their products, Breakfast cereals, extruded cereals",Nestlé,625 g,"Card-box, Hdpe film-bag","Vegetarian, Vegan",Whole Grain Wheat (100%).,367.5,2.25,0.5,68.75,0.75,11.75,,0.05,0.02,a,
Special K The Original,"Aliments et boissons à base de végétaux,Aliments d'origine végétale,Petit-déjeuners,Céréales et pommes de terre,Céréales et dérivés,Céréales pour petit-déjeuner,Flocons,Flocons de céréales,Céréales extrudées,Flocons extrudés,Pétales multicéréales,Céréales pour petit déjeuner riches en fibres",Kellogg's,750 g,"Card-carton, en:hdpe film-bag","Végétarien,Halal,Kascher,Sans arômes artificiels,Sans conservateur artificiel,Point Vert,en:Halal Food Authority,Beth Din de Manchester,Sans colorants artificiels,Sans colorants ni arômes artificiels","Rice (47%), wholewheat (37%), sugar, barley (5%), malted barley flour, salt, barley malt extract, niacin, iron, riboflavin, thiamin, vitamin B6, folic acid, vitamin D, vitamin B12.",392,1.3,0.3,84,15,8,6,2.1,0.84,d,
Super Berry Granola,Granola,Bio & Me,360g,,"No added sugar,High fibres,Certified B Corporation,Vegetarian,Vegan","Wholegrain _Oats_ 60%, Dates, Chicory Root Fibre, Seeds 6% (Sunflower, Pumpkin, Brown Linseed), Dried Carrot, Skin on _Almonds_, Extra Virgin Olive Oil, Puffed Brown Rice, Freeze Dried Berries 2% (Blackcurrant, Cherry, Strawberry), Beetroot and Carrot Extract, Dried Beetroot, Quinoa, Natural Flavourings.",382,12,1.7,50,9.7,11,15,0.04,0.016,a,
Céréales Trésor Kellogg's Chocolat Noisettes - 1kg,"Aliments et boissons à base de végétaux,Aliments d'origine végétale,Petit-déjeuners,Céréales et pommes de terre,Céréales et dérivés,Céréales pour petit-déjeuner,Céréales au chocolat,Céréales extrudées,Céréales fourrées,Céréales pour petit déjeuner fourrées au chocolat-noisettes",Kellogg's,1000 g,"Plastique, Carton","Sans arômes artificiels,Sans colorants,Triman","Farines de céréales(53%)(BLÉ, BLÉ complet, Maïs), Fourrage goût chocolat NOISETTES (Sucre, Huiles végétales (Palme, Tournesol, Colza) en proportions variables, Chocolat (3.5%)(Sucre, Pâte de cacao), Sirop de glucose, Maltodextrine, Cacao maigre en poudre, Petit-LAIT en poudre, LAIT écrémé en poudre, Purée de NOISETTES (0.5%), Emulsifiant(Lécithine de tournesol), Arôme naturel), Sucre, Sel, Colorants(Caroténoïdes, Rocou), Antioxydants(Palmitate d'ascorbyle, Alpha-tocophérol). Vitamines et Minéraux: Vitamines (Niacine, B6, B2, B1, Acide folique, B12) et Fer.",456,14,3.5,69,26,7,3.5,1.1,0.44,e,
Shredded Wheat,"Aliments et boissons à base de végétaux,Aliments d'origine végétale,Petit-déjeuners,Céréales et pommes de terre,Céréales et dérivés,Céréales pour petit-déjeuner,Céréales extrudées,Céréales pour petit déjeuner riches en fibres",Nestlé,500g,"Card-box, Mixed plastic-bag",,"Whole Grain Wheat (84%)
Sugar, Nut Premix (Peanuts (9.2%),
Desiccated Coconut (Coconut Sugar)
Hazelnuts (0.3%),
Honey (1.9%), 
Glucose Syrup, Molasses, Natural Flavourings.",387,5.4,1.2,68,15,12,9.8,0.04,0.016,a,
Muesli Frutas,"Alimentos e bebidas à base de plantas,Alimentos à base de plantas,Pequenos alomoços,Cereais e Batatas,Cereais e seus produtos,Cereias para pequeno-almoçco,Cereais com frutos,Muesli,Mueslis com frutos","Hacendado, Mercadona",1000 g,"Plástico,Bolsa","Ponto Verde,es:Recicla,Alto teor em fibra","Copos laminados de _trigo_ integral (23%), copos laminados de _centeno_ integral (23%), copos laminados de _avena_ integral (17%), trozos de chips de banana (12%) (banana, aceite de coco, azúcar, uvas pasas sultanas (12%), trozos de higo desecados (3%), copos tostados de maiz (2%) (maíz, azúcar, sal, extracto de malta de _cebada_), semillas de lino, trozos de dátil desecado (2%), semillas de girasol, trozos de chips de coco (coco, azúcar), trozos de albaricoque desecado, _avellanas_ tostadas picadas, trozos de pera desecada, trozos de manzana desecada.",361,7.6,3.9,59,15,9.1,10,0.08,0.032,c,
Muesli,"Aliments d'origine végétale,Céréales pour petit-déjeuner,Céréales aux fruits,Mueslis,Mueslis aux fruits",Bjorg,750g,"Bag, fr:Sachet en plastique","Bio, Bio européen, Agriculture non UE, DE-ÖKO-001, Agriculture UE, Agriculture UE/Non UE, Fabriqué en Allemagne, Sans sucre ajouté, AB Agriculture Biologique","Flocons d'avoine* complète, Flocons de blé* complet, Raisins* 8% (raisins*, huile de tournesol*), Figues* séchées 8% (figues*, farine de riz, Flocons d'épeautre* complet (blé), Pétales de maïs*, Dattes* 4% (dattes*, farine de riz*), Abricots* secs 3% (abricots*, farine de riz*), Graines de tournesol*, Pétales d'épeautre* complet (blé), Graines de lin*, Graines de courge*.",352,5.8,0.9,59,14,11,10,0.03,0.012,a,
Simply porridge oats,"Plant-based foods and beverages, Plant-based foods, Breakfasts, Cereals and potatoes, Cereals and their products, Breakfast cereals, Flakes, Cereal flakes, Rolled flakes, Porridge, Rolled oats",Lidl,1 kg,,,wholegrain rolled oats,368,8.5,1.25,56,1,12,9,0.025,0.01,a,
Flocons d'avoine complets,"Aliments et boissons à base de végétaux,Aliments d'origine végétale,Petit-déjeuners,Céréales et pommes de terre,Céréales et dérivés,Céréales pour petit-déjeuner,Flocons,Flocons de céréales,Flocons laminés,Flocons d'avoine",Terres & Céréales BIO,500 g,"Plastic,Bag","Fair trade, Organic, EU Organic, EU Agriculture, Nutriscore, AB Agriculture Biologique, fr:Bio équitable en France, en:nutriscore-grade-a",Flocons d'avoine complets*.,371,7,1.3,60,0.9,12,10,0.01,0.004,a,
Crunchy Muesli Multi Fruit,"Alimentos e bebidas à base de plantas,Alimentos à base de plantas,Pequenos alomoços,Cereais e Batatas,Cereais e seus produtos,Cereias para pequeno-almoçco,Cereais com frutos,Muesli,en:Crunchy mueslis,Mueslis com frutos,en:Crunchy cereal clusters,en:Crunchy mueslis with fruits",CROWNFIELD,600 g,"Karton,21 PAP","Green Dot, Nutriscore, en:no-colorings","44% flocons d'avoine complète, 16% raisins secs sultanines (raisins secs sultanines, huile de tournesol), sucre, huile de palme, 5% cornflakes (4,8% semoule de maïs, sel, extrait de malt d'orge, émulsifiant: lécithines (tournesol), 4,5 % chips de banane (3,37% banane, graisse de coco, sucre, arôme naturel de banane), 4,5 % chips de noix de coco grillés, 4% billes de céréales (morceaux de maïs, farine de blé, sucre, farine de riz, sel), farine de blé, sirop de glucose, 2% morceaux de pommes déshydratées (1,98% morceaux de pommes, antioxydants: acide citrique, acide ascorbique), oligofructose, miel, extrait de malt d'orge, sel, sucre caramélisé, cannelle, arôme naturel, Traces éventuelles d'autres céréales contenant du gluten, de soja, de lait, de fruits à coque et d'arachides,",426,13.9,7,63.5,24.1,7.9,7.6,0.245,0.098,d,
KitKat Cereal,"Aliments et boissons à base de végétaux,Aliments d'origine végétale,Petit-déjeuners,Céréales et pommes de terre,Céréales et dérivés,Céréales pour petit-déjeuner,Céréales extrudées,Céréales chocolatées pour petit déjeuner non fourrées mais enrichies en vitamines et minéraux",Nestlé,330 g,,"Point Vert,Nutriscore,Nutriscore C,Vérifié Rainforest Alliance,Rainforest Alliance Cacao,Triman,de:Blé français,de:Nouveau,de:Rainforest Alliance Cacao","31,4% VOLLKORNWEIZENMEHL, Maisgrieß, Zucker, Dextrose, Palmöl, WEIZENMEHL, 5,4% Kakaopulver*, Glukosesirup, WEIZENSTÄRKE, MAGERMILCHPULVER, Sonnenblumenöl, Calciumcarbonat, GERSTENMALZEXTRAKT, fettarmes Kakaopulver*, natürliche Aromen, Kakaobutter*, Salz, Kakaomasse*, Emulgator (Lecithine), MOLKENERZEUGNIS, BUTTERREINFETT, Antioxidationsmittel (stark tocopherolhaltige Extrakte), Eisen, Niacin, Pantothensäure, Vitamin B6, Riboflavin (Vit. B2), Folsäure.Kann NÜSSE enthalten. *Rainforest Alliance-zertifiziert.",420,10.9,4,69.4,24.7,7.8,6.4,0.37,0.148,d,
Muesli Swiss Style,"Plant-based foods and beverages, Plant-based foods, Breakfasts, Cereals and potatoes, Cereals and their products, Breakfast cereals, Mueslis, Bircher-style mueslis, Muesli flakes not fortified with vitamins and chemical elements",Harvest Morn,1.1kg,"Plastic, en:mixed plastic film-pouch","No added sugar, Aldi","oat flakes, toasted wheat flakes (wheat, barley malt extract, salt), raisins 15%, whey powder (milk), hazelnut halves 2%, flaked almonds 1%",362,4.89,0.889,64.7,12.4,11.3,16,0.0222,0.00889,a,
,"Aliments et boissons à base de végétaux,Aliments d'origine végétale,Petit-déjeuners,Céréales et pommes de terre,Céréales et dérivés,Céréales pour petit-déjeuner,Céréales extrudées,Céréales au caramel,Céréales pour petit déjeuner riches en fibres","Golden grahams,Nestlé",375 g,"Plástico,Saco,Caixa,Cartão","Sans arômes artificiels,Source de fibres alimentaires,Point Vert,Sans colorants artificiels,Nutriscore,Nutriscore C,Blé français,Triman,pt:Ecoponto azul, Végétarien, Sans colorants","_Blé_ complet 35,7%, semoule de maïs, sucre, sirop de glucose, sirop de sucre inverti, dextrose, amidon de BLE, huile de tournesol, carbonate de calcium, poudre à lever : bicarbonate de sodium ; mélasse, sel, fer, arôme naturel, vitamines B3, B5, B9, B6 et B2.",378,3.3,0.4,76.8,24.5,6.9,6.5,0.97,0.388,d,
Muesli croustillant tradition,"Plant-based foods and beverages,Plant-based foods,Breakfasts,Cereals and potatoes,Cereals and their products,Breakfast cereals,Mueslis",Terres et Céréales,1 kg,"Plastic,Bag","Organic,EU Organic,Non-EU Agriculture,EU Agriculture,EU/non-EU Agriculture,FR-BIO-01,Made in France,No palm oil,Nutriscore,AB Agriculture Biologique,Triman","Flocons d'avoine complets, sucre de canne, huile de tournesol, billettes de céréales (riz, blé, avoine, sucre de canne, sel), sirop de riz, farine de blé, sirop de malt d’orge.",440,13,1.7,68,20,9.1,5.9,0.05,0.02,c,
Raisin Wheats,"Plant-based foods and beverages, Plant-based foods, Breakfasts, Cereals and potatoes, Cereals and their products, Breakfast cereals, Extruded cereals",Kellogg's,,en:bag,"Végétarien, Végétalien","Wholewheat(73%), raisins(23%), humectant(glycerol).",359,1.8,0.2,71,13,11,7.6,0.01,0.004,a,
Really Nutty Granola,"Plant-based foods and beverages, Plant-based foods, Breakfasts, Cereals and potatoes, Cereals and their products, Breakfast cereals, Mueslis, Cereals with nuts, Mueslis with nuts",Specially Selected,500,,,"oat flakes  (65%), sugar, flaked, nibbed , whole  almonds  (7%),  cashew nuts  (4,5%),  hazelnuts  (3,5%), rapeseed oil,  honey  (1%), flavouring, sunflower seeds,",452,17.4,2,58.5,14.6,11.9,6.4,0.03,0.012,b,
Cherry Bakewell Oat Boosts,"Snacks,Sweet snacks,Bars,Cereal bars,Oat-biscuits,Cooked oat flakes",Graze,120g (4×30g),,"Sustainable,Sustainable Palm Oil,FSC,FSC Mix,Vegan","oats (41%), chicory root fibre, vegetable oils (rapeseed, palm**), golden syrup, liquid sugar, dried cranberries (sugar, cranberries, sunflower oil), humectant: glycerine, flaked almonds (2.3%), palm fat, soluble corn fibre, apple juice infused dried sour cherries (1%) (sour cherries [48%), apple juice concentrate, rice flour, lemon juice concentrate, sunflower oil), soya flour, cherry juice powder, demerara sugar, potato starch, sea salt, emulsifier: soy lecithin, citrus fibre, natural flavouring, stabiliser: xanthan gum, molasses.",437,22.3,3.67,46.7,12.7,6.33,15.3,0.2,0.08,c,
Smacks,"Aliments et boissons à base de végétaux, Aliments d'origine végétale, Petit-déjeuners, Céréales et pommes de terre, Céréales et dérivés, Céréales pour petit-déjeuner, Grains soufflées, Céréales soufflées, Blé soufflé, Blé soufflé au caramel, Céréales au caramel","Kellogg's, Smacks",400 g,"1 boîte en carton à recycler
1 sachet plastique à recycler","Végétarien, Halal, Kascher, Sans arômes artificiels, Point Vert, Kascher pareve, Sans colorants artificiels, Sans colorants ni arômes artificiels, Riche en vitamine D, Triman, HFA approuvés","Blé (54%), sucre, sirop de glucose. VITAMINES ET MINÉRAUX: Niacine, fer, vitamine B6, riboflavine, thiamine, acide folique, vitamine D, vitamine B12.",377,1.6,0.3,81,34,7.1,5,0.02,0.008,d,
Crunchy Nut Corn Flakes Cereal,"Aliments et boissons à base de végétaux,Aliments d'origine végétale,Petit-déjeuners,Céréales et pommes de terre,Céréales et dérivés,Fruits à coques et dérivés,Céréales pour petit-déjeuner,Fruits à coques,Flocons,Flocons de céréales,Céréales extrudées,Flocons extrudés,Corn-flakes,Céréales au miel",Kellogg's,500 g,"Plastic, Bag, Box, Container, Card-box, Ldpe-bag",Végétarien,"Maize, sugar, peanuts (6%), barley malt extract, molasses, honey (1%), salt, niacin, iron, vitamin B6, riboflavin, thiamin, folic acid, vitamin D, vitamin B12.",397,4.67,0.667,83.3,36.7,6,2.67,0.767,0.307,d,
Muesli croustillant duo pépites,"Aliments et boissons à base de végétaux,Aliments d'origine végétale,Petit-déjeuners,Céréales et pommes de terre,Céréales et dérivés,Céréales pour petit-déjeuner,Céréales aux fruits,Céréales au chocolat,Mueslis,Mueslis au chocolat,Mueslis aux fruits,Mueslis croustillants au chocolat,Mueslis croustillants aux fruits",Terres et céréales bio,100,"Plastique, Sachet, Film en plastique","Bio,Bio européen,Agriculture non UE,Agriculture UE,Agriculture UE/Non UE,FR-BIO-01,Fabriqué en France,Sans huile de palme,Nutriscore,AB Agriculture Biologique","flocons d'avoine, sucre de canne, billes de céréales (riz, _blé_, _avoine_), miel, chocolat au lait, flocons de blé ,d'_orge_ et seigle complets, huile de tournesol, farine de _blé_, noix de coco séchée, amandes grillées, graines de _sésame_, pétales de maïs",433,13,4,67,25,9.2,7,0.05,0.02,d,
,"Plant-based foods and beverages,Plant-based foods,Breakfasts,Cereals and potatoes,Cereals and their products,Breakfast cereals,Cereals with fruits,Mueslis,Mueslis with fruits",Crownfield,750 gram,en:07 inne,"Source of fibre,High fibres,Nutriscore","45% mistura de frutos [14,5% sultanas (sultanas, óleos vegetais (girassol, algodão)), 6% uva-passa (uva-passa, óleo de girassol), 5,8% rodelas de banana seca (banana, gordura de coco, açúcar). 5,2% tâmaras secas (tâmara, farinha de arroz), 5% pedaços de ananás cristalizados (ananás, açúcar, regulador de acidez: ácido citrico; antioxidante: dióxido de enxofre); 5% rodelas de coco tostadas, 3,5% papaia cristalizada [papaia, açúcar], 34,5% flocos de cevada, 10,5% flocos de avela, flocos de cereais torrados e maltados (trigo, malte de cevada, emulsificante: lecitina de girassol), 2,3% sementes de abóbora, 1% amêndoa, 1% miolo de noz-peca, 0,75% miolo de avelã. Pode conter vestígios de outros frutos de casca rija, leite e soja. Conservar em local seco",377,9.7,5.1,60.5,24.8,7.9,8.2,0.07,0.028,d,
FRUIT & FIBRE FRUITY CRUNCH,"Plant-based foods and beverages,Plant-based foods,Breakfasts,Cereals and potatoes,Cereals and their products,Breakfast cereals,Cereals with fruits,Mueslis,Mueslis with fruits",TESCO,750 g,"Card-carton, en:mixed plastic film-bag",,"toasted wheat flakes (73%) [wheat, sugar, barley malt extract, salt, iron, vitamin e, niacin, pantothenic acid, vitamin b12, vitamin d, thiamin, folic acid, riboflavin, vitamin b6], mixed fruits (26%) (raisins, sweetened dried bananas [banana, coconut oil, sugar, flavouring), toasted coconut, dried apple), hazelnut (1%),",367,5.1,2.9,66,22,9.4,9.8,0.5,0.2,c,
Jordans Natural Muesli,"Plant-based foods and beverages, Plant-based foods, Breakfasts, Cereals and potatoes, Cereals and their products, Breakfast cereals, Mueslis",Jordans,1 kg,,No added sugar,"Wholegrain Cereals (67%) (WHEAT Flakes, OAT Flakes), BARLEY Flakes, Dried Fruit & Nuts (16%) (Sultanas, Raisins, Chopped Dates, Whole & Sliced ALMONDS, Chopped Roasted HAZELNUTS) ALLERGY ADVICE For allergens, including cereals containing gluten, see ingredients in BOLD. MAY ALSO CONTAIN: Other Gluten Sources, Other Nuts.",354,3.6,0.7,62.6,15.8,12,11.6,0.03,0.012,a,
Multigrain Hoops,"Aliments et boissons à base de végétaux,Aliments d'origine végétale,Petit-déjeuners,Céréales et pommes de terre,Céréales et dérivés,Céréales pour petit-déjeuner,Céréales extrudées,Céréales pour petit déjeuner riches en fibres",Crownfield,375 g,,"Végétarien,Végétalien,Point Vert,PAP 21,pt:ecoponto-azul","59% flour (82% wholegrain wheat, 9% wheat, 7% wholegrain oat, wholegrain barley, wholegrain rice), 32% wholegrain maize semolina, sugar, glucose syrup, invert sugar syrup, salt, carob flour, colour: annatto norbixin, allergy advice: for allergens, including cereals containing gluten, see ingredients in bold, may also contain milk, nuts, peanuts and soya,",376,2.7,0.4,74.6,17.1,9.4,8,0.6875,0.275,c,
Porridge Oat,"plant-based-foods-and-beverages, plant-based-foods, breakfasts, cereals-and-potatoes, seeds, cereals-and-their-products, breakfast-cereals, cereal-grains, flakes, cereal-flakes, oat, it:avena, en:rolled-oats","Everyday essentials,Aldi",1kg,"Plastic, Mixed plastic-bag",,oat flakes,375,7.75,1.5,60.2,1,11.2,9.25,0,0,a,
cornflakes,"Plant-based foods and beverages,Plant-based foods,Breakfasts,Cereals and potatoes,Cereals and their products,Breakfast cereals,Flakes,Cereal flakes,Extruded cereals,Extruded flakes,Corn flakes",Sainsbury's,500g,en:hdpe film-bag,Vegetarian,"Maize (93%), Sugar, Salt, Barley Malt Extract, Niacin, Vitamin E, Ferric Diphosphate (Iron), Pantothenic Acid, Riboflavin, Vitamin B6, Thiamin, Folic Acid, Vitamin B12.",384,1.2,0.5,85.1,4.9,7,2.5,0.94,0.376,c,
Swiss Style Muesli,"Pflanzliche Lebensmittel und Getränke, Pflanzliche Lebensmittel, Frühstücke, Getreide und Kartoffeln, Getreideprodukte, Frühstückscerealien, Frühstückscerealien mit Früchten, Müslis, en:Bircher-style mueslis, Müslis mit Früchten, en:Bircher-style mueslis with fruits, en:Cereals with nuts, Müslis mit Nüssen",Alpen,560 g,"Plástico,Papel","Mit wenig oder keinem Salz, Zuckerarm oder zuckerfrei, Salzarm, Vegetarisch, Ballaststoffquelle, 100% natürlich, Grüner Punkt, Ballaststoffreich, Ohne Zuckerzusatz, Ohne Palmöl, Nutriscore, Nutriscore Note A, Triman","_Vollkornweizen_ (43%), _Vollkornhaferflocken_ (37%), Rosinen (15%), Mager_milch_pulver, Süß_molken_pulver, Geröstete gehackte _Nüsse_ (2%) (_Haselnüsse_, _Mandeln_), Salz.",375,4.46,0.893,69.6,12.5,12.5,8.93,0.268,0.107,a,
Céréales trésor - chocolat au lait,"Aliments et boissons à base de végétaux, Aliments d'origine végétale, Petit-déjeuners, Céréales et pommes de terre, Céréales et dérivés, Céréales pour petit-déjeuner, Céréales au chocolat, Céréales extrudées, Céréales fourrées, Céréales pour petit déjeuner fourrées au chocolat",Kellogg's,410g,,"Sans arômes artificiels, Sans colorants, Nutriscore, Nutriscore D","Farines de céréales(55%)(BLÉ, BLÉ complet, Maïs), Fourrage au chocolat au LAIT (Sucre, Huiles végétales{Palme, Tournesol, Colza} en proportions variables, Chocolat au LAIT{8,5%}{Sucre, Pâte de cacao, Petit-LAIT en poudre, Matière grasse du LAIT, LAIT entier en poudre, Beurre de cacao}, Sirop de glucose, Cacao maigre en poudre, LAIT entier en poudre, LAIT écrémé en poudre, Emulsifiant{Lécithine de SOJA}, Acidifiant{Acide citrique}), Sucre, Sel, Colorant(Rocou, Caroténoïdes), Antioxydants(Palmitate d'ascorbyle, Alpha-tocophérol). Vitamines et Minéraux: Vitamines (Niacine, B6, B2, B1, Acide folique, B12) et Fer.",448,15,4.7,71,25,7,3.7,0.96,0.384,e,
Lion cereal with caramel and chocolate,"Aliments et boissons à base de végétaux,Aliments d'origine végétale,Petit-déjeuners,Céréales et pommes de terre,Céréales et dérivés,Céréales pour petit-déjeuner,Céréales au chocolat,Céréales extrudées,Céréales au caramel,Céréales pour petit déjeuner riches en fibres",Nestlé,400 g,"Plastique, Sachet, Boîte, Carton",Sans sucre ajouté,"Whole Grain WHEAT (41%), WHEAT Flour, Sugar, Glucose Syrup, Non-hydrogenated Vegetable Oil (Sunflower), Fat-Reduced Cocoa Powder (1.7%), Calcium, Cocoa Mass, Salt, Natural Caramel Chocolate Flavouring, Natural Flavouring with Vanilla Taste, Emulsifier: Lecithin (from Plant Origin), Caramelised Sugar Syrup, Iron, Vitamins: Niacin (B3), Pantothenic acid (B5), Riboflavin (B2), Vitamin B6, Thiamin (B1), Folic acid (B9) and Vitamin D. Contains Cereals containing GLUTEN. May contain Cow's MILK and NUTS.",405,7.4,1.1,73.1,24.5,8.1,7,0.48,0.192,d,
Kelloggs Fruit & Fibre 700g,"Plant-based foods and beverages, Plant-based foods, Breakfasts, Cereals and potatoes, Cereals and their products, Breakfast cereals, Cereals with fruits, Extruded cereals, Cereal flakes with fruits",Kellogg's,700g,"paper,Bag-in-box,Dry,Recycle in paper bin","Vegetarian, Vegan","wholewheat(70%), dried fruit(26%)(raisins, coconut, banana(banana, coconut oil, sugar), apple, hazelnuts), sugar, salt, barley malt flavouring. vitamins & minerals: niacin, iron, vitamin b6, vitamin b2(riboflavin), vitamin b1(thiamin), folic acid, vitamin d, vitamin b12. for allergens see ingredients highlighted in bold. may contain other nuts.",408,4.7,3,78,23,9,8.8,1.0825,0.433,d,
Shreddies,"Aliments et boissons à base de végétaux,Aliments d'origine végétale,Petit-déjeuners,Céréales et pommes de terre,Céréales et dérivés,Céréales pour petit-déjeuner,Céréales extrudées,Céréales pour petit déjeuner riches en fibres",Nestlé,1. 1kg,,,"Whole Grain Wheat (96.1%), Sugar, Invert Sugar Syrup, Barley Malt Extract, Salt, Molasses, Iron, Vitamin B3, B5, B9, B6, B2. ALLERGY ADVICE: For allergens, including cereals containing gluten, see ingredients in bold. May also contain Peanuts and other Nuts. %",364,1.8,0.3,70.4,12.5,10.8,12,0.72,0.288,b,
Very Berry Granola,"Plant-based foods and beverages, Plant-based foods, Breakfasts, Cereals and potatoes, Cereals and their products, Breakfast cereals, Mueslis, en:cereals-with-fruits",Specially Selected,,,,"oat flakes (72%), sugar, palm oil, flaked almonds (1,5%), pumpkin seeds, freeze dried blackcurrant pieces (1,5%), honey (1%), freeze dried blueberries (0,5%), freeze dried cranberry slices (0,5%), sunflower seeds, chopped roasted almonds, flavouring, allergy advice: for allergens, including cereals containing gluten, see ingredients in bold, may contain other nuts, milk and other gluten sources, dietary advice : suitable for vegetarians, warning: although every effort has been made to remove shell and stones, some small fragments may remain, small children can choke on nuts,",418,11.3,1.56,64.4,16.2,10.9,7.78,0.0222,0.00889,b,
Muesli Crunchy Chocolate,"Alimentos e bebidas à base de plantas,Alimentos à base de plantas,Pequenos alomoços,Cereais e Batatas,Cereais e seus produtos,Cereias para pequeno-almoçco,Cereais de chocolate,Muesli,Mueslis com chocolate",Hacendado,500 g,,es:Recicla amarillo,"Copos de avena _gluten_ (42%), chocolate (15%) (pasta de cacao, azúcar, emulgente (lecitina de soja)), azúcar, grasas y aceites vegetales, copos de maíz (6%) (maíz, azúcar, sal, antioxidante (extracto rico en tocoferoles), vitaminas (B3, B5, B8, B1, B2, B6, B12, B9), hierro), harina de trigo _gluten_ (5%), copos de arroz tostado (3,8%) (arroz, azúcar, extracto de malta de cebada _gluten_, sal), cacao desgrasado en polvo (2,7%) fibra de avena _gluten_, jarabe de melaza de caña, sal, aroma.",434,16,4.5,61,24,8.4,6,0.43,0.172,d,
Corn Flakes,"Plant-based foods and beverages, Plant-based foods, Breakfasts, Cereals and potatoes, Cereals and their products, Breakfast cereals, Flakes, Cereal flakes, Extruded cereals, Extruded flakes, Corn flakes",Kellogg's,375 g,Cardboard,"Vegetarian, Vegan, en:no-palm-oil","corn 98%, sugar, barley malt aroma, salt",378,0.9,0.2,84,8,7,3,1.1,0.44,d,
"Weetabix, Crunchy Bran","Aliments et boissons à base de végétaux,Aliments d'origine végétale,Petit-déjeuners,Céréales et pommes de terre,Céréales et dérivés,Céréales pour petit-déjeuner,Céréales extrudées,Céréales pour petit déjeuner riches en fibres",Weetabix,,,,"Wheat Bran (52%), Wholegrain Wheat (30%), Oat Bran (12%), Sugar, Malted Wheat Flour, Salt, Calcium, Niacin, Iron, Riboflavin (B2), Vitamin B6, Thiamin (B1), Folic Acid, Vitamin D, Vitamin B12.",351,4.3,0.8,54,14,13,22,0.58,0.232,a,
Rice crispies multigrain shapes,"Aliments et boissons à base de végétaux,Aliments d'origine végétale,Petit-déjeuners,Céréales et pommes de terre,Céréales et dérivés,Céréales pour petit-déjeuner,Céréales extrudées,Céréales pour petit déjeuner riches en fibres",Kellogg's,350g,"Bag, Green dot, Card-box","Végétarien,Halal,Kascher,Point Vert,en:Halal Food Authority,Beth Din de Manchester","Cereal flours (rice 54%, _oat_ 28%, maize 5%), sugar, corn fibre, caramelised sugar, salt, natural flavouring, colour (annatto norbixin), antioxidant (alpha tocopherol, ascorbyl palmitate), vitamins and minerals (calcium carbonate, niacin, iron, vitamin B6, vitamin B2 (riboflavin), vitamin B1 (thiamin), folic acid, vitamin D, vitamin B12).",397,3.1,0.6,83.3,15,7.5,7.5,0.18,0.072,a,
Scottish Oats,"Plant-based foods and beverages,Plant-based foods,Breakfasts,Cereals and potatoes,Cereals and their products,Breakfast cereals,Flakes,Cereal flakes,Rolled flakes,Rolled oats",Tesco,1 kg,1npaper bag to recycle,"High fibres,Contains Beta-Glucans",Rolled oat flakes,370,7.5,1.3,59.6,1,11.7,8.4,0.01,0.004,a,
Bran Flakes,"Plant-based foods and beverages,Plant-based foods,Breakfasts,Cereals and potatoes,Cereals and their products,Breakfast cereals,extruded wheat flakes",Kellogg's,500g,,"Vegetarian, en:no-artificial-colours-or-flavours","Wholewheat (59%), wheat bran (18%), wholewheat flour, sugar, barley malt extract, glucose syrup, salt, natural flavouring.",358,2.2,0.4,65,14,11,17,0.66,0.264,b,
Muesli Crunchy,"Aliments et boissons à base de végétaux, Aliments d'origine végétale, Petit-déjeuners, Céréales et pommes de terre, Céréales et dérivés, Céréales pour petit-déjeuner, Céréales au chocolat, Mueslis, Mueslis au chocolat","Crownfield, Lidl",500gr,,"Sans arômes artificiels, Nutriscore, Nutriscore B","37% flocons d'avoine complète, 19% flocons de blé complet, sirop de glucose, huile de tournesol (huile de tournesol, antioxydant: extrait riche en tocophérols), sucre, farine (8% blé, riz, blé complet) morceaux de chocolat fourrés au chocolat au lait et praliné (sucre, pâte de cacao, noisettes, beurre de cacao, lait en poudre entier, beurre (lait) concentré, émulsifiants: lécithines, tristéarate de sorbitane; lactosérum (lait) doux en poudre), oligofructose, 1,5% noisettes grillées en morceaux, miel, sel, arôme naturel. Traces éventuelles d'autres céréales contenant du gluten, d'autres fruits à coque et d'arachides. Malgré le soin apporté à son élaboration, ce produit peut contenir des résidus de corps étrangers (morceaux de coques). Ce produit est conditionné selon son poids et non selon son volume. Les variations de la hauteur de remplissage sont dues au transport.",445,15.8,3,62,16,8.9,9.8,0.00013,5.2e-05,c,
Ready brek original,"plant-based-foods-and-beverages, plant-based-foods, breakfasts, cereals-and-potatoes, seeds, cereals-and-their-products, breakfast-cereals, cereal-grains, flakes, cereal-flakes, rolled-flakes, rolled-oats, oat, it:avena",Ready brek,750g,"Box, en:card-box, en:hdpe film-packet","No added sugar, en:high-in-calcium","wholegrain rolled oats (60%), wholegrain oat flour (38%), calcium, niacin, iron, riboflavin (b2), vitamin b6, thiamin (b1), folic acid, vitamin d, vitamin b12,",374,8.7,1.2,58,1,12,7.9,0.03,0.012,a,
Special K Chocolat noir,"Aliments et boissons à base de végétaux,Aliments d'origine végétale,Petit-déjeuners,Céréales et pommes de terre,Céréales et dérivés,Céréales pour petit-déjeuner,Céréales au chocolat,Céréales extrudées,Pétales de céréales au chocolat,Céréales pour petit déjeuner riches en fibres",Kellogg's,500g,,"Nutriscore,Nutriscore C","Riz (41%), blé complet (32%), chocolat noir (13%) (pâte de cacao, sucre, matière grasse du lait, émulsifiant {lécithines}), sucre, orge (4%), farine d'orge maltée, sel, extrait de malt d'orge, niacine, fer, riboflavine, thiamine, vitamine B6, acide folique, vitamine D, vitamine B12.",424,6.1,3.2,81,17,8.2,6,0.64,0.256,d,
"Low Sugar Granola, Wholegrain Oats, Almonds & Seeds","Plant-based foods and beverages, Plant-based foods, Breakfasts, Cereals and potatoes, Cereals and their products, Breakfast cereals, Mueslis",Eat Natural,450 g,"en:card-box, en:mixed plastic-bag","Vegetarian, Vegan","Whole grain _OATS_ 36%, sunflower seeds 11%, shredded coconut 10%, rapeseed oil, chicory root fibre, _ALMONDS_ 8%, buckwheat 6%, pumpkin seeds 5%, coconut blossom nectar 3%, crisped rice (rice), sea salt.",495,31.4,9.2,33,4.4,13.7,12.8,0.05,0.02,d,
PROTEIN,"Plant-based foods and beverages,Plant-based foods,Breakfasts,Cereals and potatoes,Cereals and their products,Breakfast cereals",Weetabix,24 biscuits,"Bag, Card-box","Vegetarian,Vegan","wholegrain wheat (92%), wheat gluten, malted barley extract, sugar, rice flour, wheat starch, wheat germ, salt, cocoa powder, niscin, iron, riboflavin (B2), thiamin (B1), folic acid, vitamin d",365,2.5,0.5,62.5,4.75,19,10,0.25,0.1,a,
Malt wheaties,"Plant-based foods and beverages,Plant-based foods,Breakfasts,Cereals and potatoes,Cereals and their products,Breakfast cereals,extruded cereals",Crownfield,625 g,"Cardboard, Card-box",,"Shredded Wholegrain Wheat, Sugar, Barley Malt Extract, Brown Invert Sugar Syrup, Salt. 100 g Shredded Wholegrain Wheat has been used for the production of 100 g product. Allergy Advice",373,2.67,0.667,84.7,10.3,9.67,12.7,0.458,0.183,a,
Grainéa Muesli - 4 Noix,"Aliments et boissons à base de végétaux,Aliments d'origine végétale,Petit-déjeuners,Céréales et pommes de terre,Céréales et dérivés,Céréales pour petit-déjeuner,Mueslis,Céréales aux fruits à coques,Mueslis aux fruits à coque","Marque Repère, Grainéa",500 g,fr:Sachet en plastique,"Nutriscore, Nutriscore Grade C, en:nutriscore-grade-b","Flocons d'avoine 48%, sucre, huile de tournesol, farine de blé 6,7%, flocons de blé 6,4%, maïs 3,7%, noisettes 3,6 %, amandes 3,6%, noix de pécan 3,6 %, semoule de riz 2%, sirop de glucose, noix de coco en poudre, noix du Brésil en lamelles 1,2 %, sel, arôme naturel, extrait de malt d'orge, colorant : caramel ordinaire, farine de malt de blé, émulsifiant: E471, antioxydant: extrait riche en tocophérols, sucre caramélisé en poudre. Traces de soja et lait.",463,18,2.4,60,16,11,8.5,0.15,0.06,c,
Corn Flakes Cereal,"Plant-based foods and beverages, Plant-based foods, Breakfasts, Cereals and potatoes, Cereals and their products, Breakfast cereals, Flakes, Cereal flakes, Extruded cereals, Extruded flakes, Corn flakes, Sugar iced corn flakes, Sugar iced corn flakes fortified with vitamins and chemical elements",Kellogg's,720 g,"Card-box, Card-carton, Mixed plastic-bag","Kosher, Green Dot, ${labels}","Maize, barley malt extract, sugar, salt, niacin, iron, vitamin B6, riboflavin, thiamin, folic acid, vitamin D, vitamin B12.",378,0.9,0.2,84,8,7,3,1.1,0.44,d,
,"Aliments et boissons à base de végétaux,Aliments d'origine végétale,Petit-déjeuners,Céréales et pommes de terre,Céréales et dérivés,Céréales pour petit-déjeuner,Céréales au chocolat,Mueslis,Mueslis au chocolat,Pépites de céréales croustillantes,Pépites de céréales au chocolat",QUAKER,900 g,"Boîte, Carton, Etui en carton, Pensez au tri!, Point vert, Sachet en plastique, Sachet plastique à jeter, Triman, Étui carton à recycler","Sans arômes artificiels,Sans conservateurs,Point Vert,Sans huile de palme,Nutriscore,Nutriscore C,Triman","whole oats (37%), dark chocolate (12%) [cacao, sugar, natural vanilla aroma, emulsifiers (soy lecithin, polyglycerol polyricinoleate)] , sunflower oil, sugar, whole wheat (9,6%) glucose syrup, oligofructose, rice and wheat flours (1,9%), dried coconut, molasses, salt, cinnamon, caramelized sugar, aromas, antioxidant (tocopherol)",455,19,4.9,57,16,8.1,10,0.48,0.192,c,
Weetabix organic imp,"Plant-based foods and beverages, Plant-based foods, Breakfasts, Cereals and potatoes, Cereals and their products, Breakfast cereals",Weetabix,24,en:card-box,"Organic, EU Organic","Organic Wholegrain Wheat (95%), Organic Malted Barley Extract, Organic Sugar, Salt.",358,2,0.6,70,4.4,10,10,0.3,0.12,a,
CHEERIOS BIO Céréale 375g,"Aliments et boissons à base de végétaux,Aliments d'origine végétale,Petit-déjeuners,Céréales et pommes de terre,Céréales et dérivés,Céréales pour petit-déjeuner,Céréales extrudées,Céréales pour petit déjeuner riches en fibres","Nestlé, Cheerios",375 g,"Conteneur,Etui en carton,Film en plastique, en:container","Bio,Bio européen,FR-BIO-01,Point Vert,Sans huile de palme,Nutriscore,Nutriscore A,AB Agriculture Biologique,Triman","Farine d'AVOINE complète* 29,7%, Farine de BLE complet* 29,7%, farine d'ORGE complète* 18,3%, sucre*, farine de BLE*, miel* 3,8%, huile de tournesol*, sirop de sucre inverti*, sel, arôme naturel de miel, mélasse*, antioxydant : extrait riche en tocophérols. *Ingrédients issus de l'agriculture biologique. Peut contenir du LAIT et des FRUITS A COQUE.",388,6.6,0.9,68.2,18,9.1,9.9,0.65,0.26,c,
Flocons d'avoine complète 500g,"Alimentos e bebidas à base de plantas,Alimentos à base de plantas,Pequenos alomoços,Cereais e Batatas,Cereais e seus produtos,Cereias para pequeno-almoçco,Flocos,Flocos de cereais,en:Rolled flakes,Flocos de aveia",Chabrior,500 g,"Papier,Boîte,Carton,Point vert,Sachet plastique à jeter,Écolo pass,Étui carton à recycler","Etiquetas de distribuidor,Source of fibre,Ponto Verde,Rico em fibras,High in magnesium,Fonte de ferro,Nutriscore,Nutri-Score grau A,Rico em vitamina B1,fr:Sélection Intermarché",Flocons d'avoine complète.,369,6.8,1.2,60,1.1,12,10,0.05,0.02,a,
Muesli con frutos secos,"Plant-based foods and beverages,Plant-based foods,Breakfasts,Cereals and potatoes,Cereals and their products,Breakfast cereals,Cereals with fruits,Mueslis,Mueslis with fruits",Hacendado,500 g,"Plástico,Saco","Source of fibre, High fibres, en:green-dot","Flocos de aveia (glúten) (43%), açúcar, frutos secos em proporções variáveis (10%) (amêndoas, nozes, avelãs), óleo de girassol alto oleico, flocos de milho (7%) (milho, sal, antioxidante (extracto rico em tocoferóis)), farinha de trigo (glúten) (6%), flocos de arroz tostado (4,8%) (arroz, açúcar, extracto de malte de cevada (glúten), sal), fibra de aveia (glúten), xarope de melaço de cana, sal, aroma. Pode conter vestígios de leite, soja, amendoins, sulfitos, sementes de sésamo e mostarda.",458,18,2,63,22,8,6,0.5,0.2,d,
