RecipeId,Name,AuthorId,AuthorName,CookTime,PrepTime,TotalTime,DatePublished,Description,Images,RecipeCategory,Keywords,RecipeIngredientQuantities,RecipeIngredientParts,AggregatedRating,ReviewCount,Calories,FatContent,SaturatedFatContent,CholesterolContent,SodiumContent,CarbohydrateContent,FiberContent,SugarContent,ProteinContent,RecipeServings,RecipeYield,recipe,Unnamed: 1
1,Pani Puri,109,Chef Chen,87,8,95,2025-06-07,A delicious Indian dish featuring pani puri.,https://example.com/pani-puri.jpg,Dessert,"Indian, pani puri",1 cups rice,"tomato, vegetables",4.3,421,720,33,11,111,1035,73,14,14,16,3,3 servings,"Recipe for Pani Puri: Mix ingredients, cook for 87 minutes.",
2,Satay,101,Chef Raj,94,31,125,2025-07-09,A delicious Vietnamese dish featuring satay.,https://example.com/satay.jpg,Main Dish,"Vietnamese, satay",4 cups rice,"tomato, beef",4.2,386,543,10,19,102,571,42,5,23,15,7,7 servings,"Recipe for Satay: Mix ingredients, cook for 94 minutes.",
3,Pad Thai,112,Chef Liu,88,50,138,2025-06-17,A delicious Vietnamese dish featuring pad thai.,https://example.com/pad-thai.jpg,Appetizer,"Vietnamese, pad thai",3 cups chicken,"ginger, beef",4.8,389,397,33,17,143,434,82,14,7,13,8,8 servings,"Recipe for Pad Thai: Mix ingredients, cook for 88 minutes.",
4,Kung Pao Chicken,108,Chef Lee,69,35,104,2025-04-24,A delicious Chinese dish featuring kung pao chicken.,https://example.com/kung-pao-chicken.jpg,Main Dish,"Chinese, kung pao chicken",1 cups vegetables,"ginger, tofu",4.1,82,448,27,8,120,1753,74,14,7,38,8,8 servings,"Recipe for Kung Pao Chicken: Mix ingredients, cook for 69 minutes.",
5,Ramen,105,Chef Park,48,57,105,2025-05-12,A delicious Japanese dish featuring ramen.,https://example.com/ramen.jpg,Side Dish,"Japanese, ramen",2 cups chicken,"onion, tofu",4.1,233,548,37,20,134,1384,43,3,15,12,6,6 servings,"Recipe for Ramen: Mix ingredients, cook for 48 minutes.",
6,Pad Thai,103,Chef Li,22,47,69,2024-11-08,A delicious Japanese dish featuring pad thai.,https://example.com/pad-thai.jpg,Main Dish,"Japanese, pad thai",2 cups rice,"onion, vegetables",4.7,405,605,29,7,74,650,94,13,23,35,7,7 servings,"Recipe for Pad Thai: Mix ingredients, cook for 22 minutes.",
7,Paneer Tikka,103,Chef Li,92,41,133,2024-11-18,A delicious Indian dish featuring paneer tikka.,https://example.com/paneer-tikka.jpg,Main Dish,"Indian, paneer tikka",3 cups spices,"ginger, tofu",4.3,275,541,29,13,26,1950,70,11,24,40,7,7 servings,"Recipe for Paneer Tikka: Mix ingredients, cook for 92 minutes.",
8,Sushi,110,Chef Kumar,75,35,110,2024-12-29,A delicious Japanese dish featuring sushi.,https://example.com/sushi.jpg,Main Dish,"Japanese, sushi",1 cups spices,"garlic, vegetables",4.2,287,756,30,15,134,568,64,9,15,27,4,4 servings,"Recipe for Sushi: Mix ingredients, cook for 75 minutes.",
9,Kimchi Jjigae,107,Chef Sharma,26,16,42,2024-11-02,A delicious Korean dish featuring kimchi jjigae.,https://example.com/kimchi-jjigae.jpg,Dessert,"Korean, kimchi jjigae",3 cups spices,"onion, tofu",4.6,125,737,38,12,126,1652,97,4,10,26,7,7 servings,"Recipe for Kimchi Jjigae: Mix ingredients, cook for 26 minutes.",
10,Wonton Soup,112,Chef Liu,104,8,112,2025-08-07,A delicious Chinese dish featuring wonton soup.,https://example.com/wonton-soup.jpg,Dessert,"Chinese, wonton soup",3 cups chicken,"ginger, chicken",4.3,207,582,40,17,76,776,95,8,23,13,7,7 servings,"Recipe for Wonton Soup: Mix ingredients, cook for 104 minutes.",
11,Sushi,109,Chef Chen,40,21,61,2025-05-16,A delicious Thai dish featuring sushi.,https://example.com/sushi.jpg,Side Dish,"Thai, sushi",5 cups chicken,"garlic, chicken",4.6,232,757,41,17,128,1755,51,9,27,40,6,6 servings,"Recipe for Sushi: Mix ingredients, cook for 40 minutes.",
12,Pani Puri,115,Chef Zhang,92,32,124,2025-03-27,A delicious Indian dish featuring pani puri.,https://example.com/pani-puri.jpg,Soup,"Indian, pani puri",3 cups vegetables,"ginger, tofu",5.0,452,781,30,10,32,1378,35,9,25,12,8,8 servings,"Recipe for Pani Puri: Mix ingredients, cook for 92 minutes.",
13,Aloo Gobi,109,Chef Chen,87,58,145,2025-09-03,A delicious Indian dish featuring aloo gobi.,https://example.com/aloo-gobi.jpg,Dessert,"Indian, aloo gobi",2 cups rice,"onion, tofu",4.4,173,551,30,12,60,1599,57,4,22,21,2,2 servings,"Recipe for Aloo Gobi: Mix ingredients, cook for 87 minutes.",
14,Hot Pot,114,Chef Yoon,90,47,137,2025-03-18,A delicious Chinese dish featuring hot pot.,https://example.com/hot-pot.jpg,Side Dish,"Chinese, hot pot",3 cups rice,"onion, tofu",4.3,89,715,34,7,126,1535,37,11,8,30,2,2 servings,"Recipe for Hot Pot: Mix ingredients, cook for 90 minutes.",
15,Rogan Josh,118,Chef Wu,119,48,167,2024-11-12,A delicious Indian dish featuring rogan josh.,https://example.com/rogan-josh.jpg,Breakfast,"Indian, rogan josh",1 cups spices,"tomato, vegetables",4.2,138,562,47,9,103,1288,91,15,7,13,4,4 servings,"Recipe for Rogan Josh: Mix ingredients, cook for 119 minutes.",
16,Nasi Goreng,114,Chef Yoon,88,53,141,2025-06-10,A delicious Vietnamese dish featuring nasi goreng.,https://example.com/nasi-goreng.jpg,Snack,"Vietnamese, nasi goreng",3 cups chicken,"tomato, vegetables",4.7,286,435,43,14,145,510,33,7,28,17,2,2 servings,"Recipe for Nasi Goreng: Mix ingredients, cook for 88 minutes.",
17,Tom Yum,110,Chef Kumar,62,13,75,2025-08-04,A delicious Japanese dish featuring tom yum.,https://example.com/tom-yum.jpg,Soup,"Japanese, tom yum",1 cups spices,"garlic, beef",4.7,50,327,15,19,107,1070,31,11,16,16,4,4 servings,"Recipe for Tom Yum: Mix ingredients, cook for 62 minutes.",
18,Tempura,120,Chef Jung,93,16,109,2024-11-28,A delicious Vietnamese dish featuring tempura.,https://example.com/tempura.jpg,Side Dish,"Vietnamese, tempura",2 cups rice,"ginger, vegetables",4.6,310,314,46,11,107,644,35,7,16,37,8,8 servings,"Recipe for Tempura: Mix ingredients, cook for 93 minutes.",
19,Banh Mi,107,Chef Sharma,22,23,45,2025-04-01,A delicious Japanese dish featuring banh mi.,https://example.com/banh-mi.jpg,Dessert,"Japanese, banh mi",1 cups vegetables,"garlic, beef",4.1,456,450,49,18,81,997,82,13,10,33,3,3 servings,"Recipe for Banh Mi: Mix ingredients, cook for 22 minutes.",
20,Rogan Josh,105,Chef Park,98,22,120,2025-09-28,A delicious Indian dish featuring rogan josh.,https://example.com/rogan-josh.jpg,Breakfast,"Indian, rogan josh",4 cups spices,"onion, tofu",4.2,136,702,17,16,82,1392,97,5,13,13,5,5 servings,"Recipe for Rogan Josh: Mix ingredients, cook for 98 minutes.",
21,Satay,114,Chef Yoon,89,49,138,2025-01-26,A delicious Thai dish featuring satay.,https://example.com/satay.jpg,Soup,"Thai, satay",3 cups rice,"onion, beef",4.5,369,766,23,18,59,1473,50,10,16,30,3,3 servings,"Recipe for Satay: Mix ingredients, cook for 89 minutes.",
22,Sushi,107,Chef Sharma,92,26,118,2025-09-13,A delicious Thai dish featuring sushi.,https://example.com/sushi.jpg,Snack,"Thai, sushi",1 cups vegetables,"onion, beef",4.3,166,434,46,13,36,1414,55,12,6,22,8,8 servings,"Recipe for Sushi: Mix ingredients, cook for 92 minutes.",
23,Ramen,107,Chef Sharma,41,49,90,2025-06-29,A delicious Japanese dish featuring ramen.,https://example.com/ramen.jpg,Soup,"Japanese, ramen",5 cups rice,"garlic, beef",4.1,147,640,28,18,32,977,93,5,28,28,7,7 servings,"Recipe for Ramen: Mix ingredients, cook for 41 minutes.",
24,Green Curry,113,Chef Patel,50,50,100,2025-04-16,A delicious Japanese dish featuring green curry.,https://example.com/green-curry.jpg,Main Dish,"Japanese, green curry",4 cups chicken,"ginger, chicken",4.1,400,211,29,7,41,634,67,9,20,29,4,4 servings,"Recipe for Green Curry: Mix ingredients, cook for 50 minutes.",
25,Sweet and Sour Pork,118,Chef Wu,12,29,41,2025-09-21,A delicious Chinese dish featuring sweet and sour pork.,https://example.com/sweet-and-sour-pork.jpg,Appetizer,"Chinese, sweet and sour pork",1 cups rice,"tomato, tofu",4.6,330,544,10,5,70,1725,95,12,30,17,3,3 servings,"Recipe for Sweet and Sour Pork: Mix ingredients, cook for 12 minutes.",
26,Biryani,115,Chef Zhang,24,45,69,2025-06-11,A delicious Indian dish featuring biryani.,https://example.com/biryani.jpg,Side Dish,"Indian, biryani",1 cups rice,"tomato, beef",4.9,418,328,18,5,134,1980,38,5,17,14,7,7 servings,"Recipe for Biryani: Mix ingredients, cook for 24 minutes.",
27,Ramen,117,Chef Han,103,20,123,2025-02-19,A delicious Japanese dish featuring ramen.,https://example.com/ramen.jpg,Breakfast,"Japanese, ramen",3 cups spices,"ginger, vegetables",4.5,378,229,32,17,23,455,82,15,6,32,3,3 servings,"Recipe for Ramen: Mix ingredients, cook for 103 minutes.",
28,Kung Pao Chicken,117,Chef Han,14,14,28,2025-06-10,A delicious Chinese dish featuring kung pao chicken.,https://example.com/kung-pao-chicken.jpg,Appetizer,"Chinese, kung pao chicken",2 cups spices,"tomato, vegetables",4.9,172,702,10,13,51,590,44,9,10,10,4,4 servings,"Recipe for Kung Pao Chicken: Mix ingredients, cook for 14 minutes.",
29,Tom Yum,101,Chef Raj,72,22,94,2025-02-24,A delicious Japanese dish featuring tom yum.,https://example.com/tom-yum.jpg,Side Dish,"Japanese, tom yum",4 cups spices,"tomato, beef",4.7,436,583,39,14,65,791,50,7,9,31,4,4 servings,"Recipe for Tom Yum: Mix ingredients, cook for 72 minutes.",
30,Ramen,117,Chef Han,13,38,51,2025-07-16,A delicious Japanese dish featuring ramen.,https://example.com/ramen.jpg,Side Dish,"Japanese, ramen",1 cups chicken,"ginger, beef",4.4,223,635,38,16,114,1329,84,10,13,23,4,4 servings,"Recipe for Ramen: Mix ingredients, cook for 13 minutes.",
31,Sushi,101,Chef Raj,61,59,120,2024-11-25,A delicious Vietnamese dish featuring sushi.,https://example.com/sushi.jpg,Appetizer,"Vietnamese, sushi",3 cups chicken,"ginger, chicken",4.5,333,796,32,16,25,1131,73,5,13,16,7,7 servings,"Recipe for Sushi: Mix ingredients, cook for 61 minutes.",
32,Pho,117,Chef Han,45,8,53,2024-11-29,A delicious Japanese dish featuring pho.,https://example.com/pho.jpg,Snack,"Japanese, pho",5 cups rice,"onion, tofu",4.5,166,542,36,13,122,760,80,11,13,32,8,8 servings,"Recipe for Pho: Mix ingredients, cook for 45 minutes.",
33,Pad Thai,109,Chef Chen,89,31,120,2024-12-19,A delicious Vietnamese dish featuring pad thai.,https://example.com/pad-thai.jpg,Snack,"Vietnamese, pad thai",2 cups chicken,"garlic, tofu",4.4,226,480,41,17,142,1325,73,13,11,14,5,5 servings,"Recipe for Pad Thai: Mix ingredients, cook for 89 minutes.",
34,Tempura,119,Chef Gupta,111,39,150,2025-07-17,A delicious Thai dish featuring tempura.,https://example.com/tempura.jpg,Dessert,"Thai, tempura",3 cups vegetables,"onion, tofu",4.2,177,373,26,9,46,585,78,10,30,37,4,4 servings,"Recipe for Tempura: Mix ingredients, cook for 111 minutes.",
35,Tom Yum,120,Chef Jung,29,35,64,2024-11-13,A delicious Japanese dish featuring tom yum.,https://example.com/tom-yum.jpg,Snack,"Japanese, tom yum",4 cups spices,"ginger, vegetables",4.2,328,485,14,13,64,1649,56,6,9,30,4,4 servings,"Recipe for Tom Yum: Mix ingredients, cook for 29 minutes.",
36,Pad Thai,102,Chef Kim,80,56,136,2025-09-12,A delicious Thai dish featuring pad thai.,https://example.com/pad-thai.jpg,Snack,"Thai, pad thai",5 cups chicken,"ginger, beef",4.7,364,397,10,14,81,822,73,15,23,20,2,2 servings,"Recipe for Pad Thai: Mix ingredients, cook for 80 minutes.",
37,Nasi Goreng,108,Chef Lee,51,21,72,2025-08-31,A delicious Thai dish featuring nasi goreng.,https://example.com/nasi-goreng.jpg,Dessert,"Thai, nasi goreng",5 cups rice,"tomato, vegetables",4.0,325,794,41,18,103,871,30,14,28,31,3,3 servings,"Recipe for Nasi Goreng: Mix ingredients, cook for 51 minutes.",
38,Spring Rolls,115,Chef Zhang,99,35,134,2025-09-25,A delicious Chinese dish featuring spring rolls.,https://example.com/spring-rolls.jpg,Side Dish,"Chinese, spring rolls",1 cups chicken,"ginger, tofu",4.7,490,374,14,15,105,1915,37,5,16,23,5,5 servings,"Recipe for Spring Rolls: Mix ingredients, cook for 99 minutes.",
39,Rajma,116,Chef Singh,112,56,168,2025-03-20,A delicious Indian dish featuring rajma.,https://example.com/rajma.jpg,Appetizer,"Indian, rajma",1 cups chicken,"garlic, tofu",4.8,114,669,31,7,117,564,60,8,22,28,3,3 servings,"Recipe for Rajma: Mix ingredients, cook for 112 minutes.",
40,Nasi Goreng,117,Chef Han,55,49,104,2025-05-22,A delicious Thai dish featuring nasi goreng.,https://example.com/nasi-goreng.jpg,Soup,"Thai, nasi goreng",2 cups vegetables,"tomato, vegetables",4.1,206,427,13,6,101,822,53,15,25,39,4,4 servings,"Recipe for Nasi Goreng: Mix ingredients, cook for 55 minutes.",
41,Nasi Goreng,104,Chef Ahmed,39,40,79,2025-07-07,A delicious Japanese dish featuring nasi goreng.,https://example.com/nasi-goreng.jpg,Breakfast,"Japanese, nasi goreng",4 cups chicken,"tomato, beef",4.2,265,483,11,9,52,801,44,9,12,13,7,7 servings,"Recipe for Nasi Goreng: Mix ingredients, cook for 39 minutes.",
42,Nasi Goreng,119,Chef Gupta,100,11,111,2025-04-10,A delicious Vietnamese dish featuring nasi goreng.,https://example.com/nasi-goreng.jpg,Soup,"Vietnamese, nasi goreng",4 cups rice,"ginger, beef",4.3,236,480,14,16,96,802,30,5,13,38,2,2 servings,"Recipe for Nasi Goreng: Mix ingredients, cook for 100 minutes.",
43,Biryani,106,Chef Wang,62,59,121,2025-09-11,A delicious Indian dish featuring biryani.,https://example.com/biryani.jpg,Breakfast,"Indian, biryani",2 cups vegetables,"onion, vegetables",4.7,68,650,33,13,141,877,45,15,22,35,2,2 servings,"Recipe for Biryani: Mix ingredients, cook for 62 minutes.",
44,Pho,110,Chef Kumar,46,55,101,2025-03-27,A delicious Thai dish featuring pho.,https://example.com/pho.jpg,Breakfast,"Thai, pho",5 cups spices,"onion, tofu",4.1,430,368,18,20,133,1407,32,5,17,17,4,4 servings,"Recipe for Pho: Mix ingredients, cook for 46 minutes.",
45,Banh Mi,110,Chef Kumar,117,6,123,2025-05-19,A delicious Thai dish featuring banh mi.,https://example.com/banh-mi.jpg,Snack,"Thai, banh mi",3 cups rice,"garlic, chicken",4.4,362,592,10,6,123,916,88,3,9,28,4,4 servings,"Recipe for Banh Mi: Mix ingredients, cook for 117 minutes.",
46,Pad Thai,112,Chef Liu,49,29,78,2024-11-14,A delicious Japanese dish featuring pad thai.,https://example.com/pad-thai.jpg,Snack,"Japanese, pad thai",3 cups spices,"ginger, vegetables",4.7,423,705,42,13,128,921,44,10,19,38,4,4 servings,"Recipe for Pad Thai: Mix ingredients, cook for 49 minutes.",
47,Ramen,107,Chef Sharma,28,18,46,2025-04-18,A delicious Japanese dish featuring ramen.,https://example.com/ramen.jpg,Side Dish,"Japanese, ramen",3 cups vegetables,"garlic, tofu",4.2,379,701,28,9,70,1074,54,7,25,30,2,2 servings,"Recipe for Ramen: Mix ingredients, cook for 28 minutes.",
48,Tempura,103,Chef Li,94,27,121,2025-09-27,A delicious Vietnamese dish featuring tempura.,https://example.com/tempura.jpg,Soup,"Vietnamese, tempura",3 cups rice,"ginger, tofu",4.8,150,538,28,9,47,1906,95,11,9,19,6,6 servings,"Recipe for Tempura: Mix ingredients, cook for 94 minutes.",
49,Bulgogi,107,Chef Sharma,57,30,87,2025-05-10,A delicious Korean dish featuring bulgogi.,https://example.com/bulgogi.jpg,Side Dish,"Korean, bulgogi",5 cups chicken,"ginger, chicken",4.7,179,438,44,16,106,424,83,12,26,23,3,3 servings,"Recipe for Bulgogi: Mix ingredients, cook for 57 minutes.",
50,Tom Yum,114,Chef Yoon,72,16,88,2025-07-02,A delicious Vietnamese dish featuring tom yum.,https://example.com/tom-yum.jpg,Breakfast,"Vietnamese, tom yum",3 cups vegetables,"garlic, chicken",4.9,295,754,36,7,129,451,99,5,7,12,8,8 servings,"Recipe for Tom Yum: Mix ingredients, cook for 72 minutes.",
51,Japchae,111,Chef Choi,68,33,101,2025-09-03,A delicious Korean dish featuring japchae.,https://example.com/japchae.jpg,Breakfast,"Korean, japchae",1 cups vegetables,"garlic, chicken",4.4,182,497,30,8,41,679,100,3,7,36,5,5 servings,"Recipe for Japchae: Mix ingredients, cook for 68 minutes.",
52,Hot Pot,117,Chef Han,16,15,31,2025-04-29,A delicious Chinese dish featuring hot pot.,https://example.com/hot-pot.jpg,Snack,"Chinese, hot pot",4 cups spices,"tomato, vegetables",4.7,73,254,30,5,91,1075,81,9,10,14,8,8 servings,"Recipe for Hot Pot: Mix ingredients, cook for 16 minutes.",
53,Biryani,119,Chef Gupta,67,46,113,2025-06-06,A delicious Indian dish featuring biryani.,https://example.com/biryani.jpg,Snack,"Indian, biryani",3 cups vegetables,"garlic, vegetables",4.5,50,371,50,20,98,1351,41,6,18,16,6,6 servings,"Recipe for Biryani: Mix ingredients, cook for 67 minutes.",
54,Dosa,102,Chef Kim,65,60,125,2025-05-05,A delicious Indian dish featuring dosa.,https://example.com/dosa.jpg,Soup,"Indian, dosa",2 cups chicken,"onion, vegetables",4.8,331,215,46,18,142,1689,50,10,25,18,8,8 servings,"Recipe for Dosa: Mix ingredients, cook for 65 minutes.",
55,Paneer Tikka,101,Chef Raj,75,18,93,2025-04-07,A delicious Indian dish featuring paneer tikka.,https://example.com/paneer-tikka.jpg,Dessert,"Indian, paneer tikka",5 cups spices,"ginger, beef",4.3,370,660,46,19,60,1093,30,3,30,38,7,7 servings,"Recipe for Paneer Tikka: Mix ingredients, cook for 75 minutes.",
56,Nasi Goreng,112,Chef Liu,108,54,162,2025-07-26,A delicious Thai dish featuring nasi goreng.,https://example.com/nasi-goreng.jpg,Appetizer,"Thai, nasi goreng",2 cups spices,"ginger, vegetables",4.2,65,532,46,5,140,1822,54,12,13,21,5,5 servings,"Recipe for Nasi Goreng: Mix ingredients, cook for 108 minutes.",
57,Banh Mi,107,Chef Sharma,73,31,104,2024-12-04,A delicious Japanese dish featuring banh mi.,https://example.com/banh-mi.jpg,Snack,"Japanese, banh mi",3 cups spices,"tomato, tofu",4.2,482,652,18,18,127,697,66,7,29,37,6,6 servings,"Recipe for Banh Mi: Mix ingredients, cook for 73 minutes.",
58,Kimchi Jjigae,117,Chef Han,117,57,174,2025-03-25,A delicious Korean dish featuring kimchi jjigae.,https://example.com/kimchi-jjigae.jpg,Main Dish,"Korean, kimchi jjigae",1 cups vegetables,"tomato, vegetables",4.8,450,262,22,5,57,1404,83,14,14,14,5,5 servings,"Recipe for Kimchi Jjigae: Mix ingredients, cook for 117 minutes.",
59,Sweet and Sour Pork,107,Chef Sharma,46,51,97,2025-10-16,A delicious Chinese dish featuring sweet and sour pork.,https://example.com/sweet-and-sour-pork.jpg,Soup,"Chinese, sweet and sour pork",5 cups spices,"tomato, beef",4.0,95,377,16,14,66,1221,79,4,27,21,8,8 servings,"Recipe for Sweet and Sour Pork: Mix ingredients, cook for 46 minutes.",
60,Nasi Goreng,102,Chef Kim,56,15,71,2025-01-10,A delicious Japanese dish featuring nasi goreng.,https://example.com/nasi-goreng.jpg,Breakfast,"Japanese, nasi goreng",1 cups rice,"ginger, vegetables",4.7,334,274,48,8,79,1580,57,14,9,13,8,8 servings,"Recipe for Nasi Goreng: Mix ingredients, cook for 56 minutes.",
61,Beijing Duck,112,Chef Liu,49,35,84,2025-01-19,A delicious Chinese dish featuring beijing duck.,https://example.com/beijing-duck.jpg,Appetizer,"Chinese, beijing duck",4 cups rice,"tomato, tofu",4.8,124,466,31,19,45,638,52,4,12,19,4,4 servings,"Recipe for Beijing Duck: Mix ingredients, cook for 49 minutes.",
62,Nasi Goreng,106,Chef Wang,27,35,62,2025-01-09,A delicious Japanese dish featuring nasi goreng.,https://example.com/nasi-goreng.jpg,Snack,"Japanese, nasi goreng",5 cups vegetables,"tomato, beef",4.3,164,270,50,8,100,1370,49,10,28,13,2,2 servings,"Recipe for Nasi Goreng: Mix ingredients, cook for 27 minutes.",
63,Nasi Goreng,111,Chef Choi,107,34,141,2024-12-02,A delicious Thai dish featuring nasi goreng.,https://example.com/nasi-goreng.jpg,Dessert,"Thai, nasi goreng",3 cups spices,"ginger, tofu",4.8,402,300,13,8,123,1468,89,11,6,10,2,2 servings,"Recipe for Nasi Goreng: Mix ingredients, cook for 107 minutes.",
64,Dumplings,108,Chef Lee,39,21,60,2025-05-07,A delicious Chinese dish featuring dumplings.,https://example.com/dumplings.jpg,Snack,"Chinese, dumplings",1 cups vegetables,"tomato, chicken",4.8,83,704,27,20,27,424,54,12,11,30,4,4 servings,"Recipe for Dumplings: Mix ingredients, cook for 39 minutes.",
65,Ramen,101,Chef Raj,25,54,79,2024-10-29,A delicious Japanese dish featuring ramen.,https://example.com/ramen.jpg,Soup,"Japanese, ramen",5 cups rice,"ginger, tofu",4.6,438,224,18,18,117,597,36,4,20,11,5,5 servings,"Recipe for Ramen: Mix ingredients, cook for 25 minutes.",
66,Tempura,119,Chef Gupta,66,13,79,2025-08-10,A delicious Vietnamese dish featuring tempura.,https://example.com/tempura.jpg,Soup,"Vietnamese, tempura",1 cups rice,"onion, beef",4.5,135,565,50,16,60,1755,83,10,19,40,4,4 servings,"Recipe for Tempura: Mix ingredients, cook for 66 minutes.",
67,Tom Yum,103,Chef Li,49,8,57,2025-07-30,A delicious Japanese dish featuring tom yum.,https://example.com/tom-yum.jpg,Dessert,"Japanese, tom yum",2 cups chicken,"ginger, chicken",4.2,93,456,48,18,67,1349,92,10,15,26,8,8 servings,"Recipe for Tom Yum: Mix ingredients, cook for 49 minutes.",
68,Mapo Tofu,119,Chef Gupta,16,54,70,2025-02-26,A delicious Chinese dish featuring mapo tofu.,https://example.com/mapo-tofu.jpg,Side Dish,"Chinese, mapo tofu",2 cups rice,"ginger, vegetables",4.6,210,323,25,10,54,1171,43,8,9,28,2,2 servings,"Recipe for Mapo Tofu: Mix ingredients, cook for 16 minutes.",
69,Banh Mi,114,Chef Yoon,80,58,138,2024-12-21,A delicious Japanese dish featuring banh mi.,https://example.com/banh-mi.jpg,Soup,"Japanese, banh mi",3 cups spices,"onion, beef",4.5,445,715,24,9,128,1128,95,13,15,30,8,8 servings,"Recipe for Banh Mi: Mix ingredients, cook for 80 minutes.",
70,Dosa,118,Chef Wu,115,38,153,2024-12-22,A delicious Indian dish featuring dosa.,https://example.com/dosa.jpg,Dessert,"Indian, dosa",3 cups chicken,"tomato, tofu",4.9,468,690,22,16,70,1233,43,14,5,37,8,8 servings,"Recipe for Dosa: Mix ingredients, cook for 115 minutes.",
71,Tteokbokki,106,Chef Wang,32,55,87,2025-03-10,A delicious Korean dish featuring tteokbokki.,https://example.com/tteokbokki.jpg,Soup,"Korean, tteokbokki",5 cups chicken,"tomato, chicken",4.3,298,300,39,19,59,1098,79,12,14,22,2,2 servings,"Recipe for Tteokbokki: Mix ingredients, cook for 32 minutes.",
72,Japchae,113,Chef Patel,33,5,38,2025-08-13,A delicious Korean dish featuring japchae.,https://example.com/japchae.jpg,Appetizer,"Korean, japchae",5 cups chicken,"onion, vegetables",4.9,182,632,29,15,121,596,67,6,26,27,8,8 servings,"Recipe for Japchae: Mix ingredients, cook for 33 minutes.",
73,Tempura,101,Chef Raj,39,53,92,2025-01-17,A delicious Japanese dish featuring tempura.,https://example.com/tempura.jpg,Soup,"Japanese, tempura",4 cups vegetables,"onion, beef",4.3,197,653,11,6,138,697,59,5,9,19,3,3 servings,"Recipe for Tempura: Mix ingredients, cook for 39 minutes.",
74,Pad Thai,111,Chef Choi,11,6,17,2025-10-17,A delicious Thai dish featuring pad thai.,https://example.com/pad-thai.jpg,Dessert,"Thai, pad thai",3 cups chicken,"tomato, chicken",4.6,229,489,44,20,65,868,89,7,20,31,6,6 servings,"Recipe for Pad Thai: Mix ingredients, cook for 11 minutes.",
75,Nasi Goreng,105,Chef Park,73,41,114,2025-03-30,A delicious Japanese dish featuring nasi goreng.,https://example.com/nasi-goreng.jpg,Main Dish,"Japanese, nasi goreng",1 cups rice,"tomato, chicken",4.1,376,351,29,19,40,1674,81,4,29,37,7,7 servings,"Recipe for Nasi Goreng: Mix ingredients, cook for 73 minutes.",
76,Green Curry,113,Chef Patel,61,33,94,2024-10-20,A delicious Japanese dish featuring green curry.,https://example.com/green-curry.jpg,Snack,"Japanese, green curry",2 cups vegetables,"onion, vegetables",4.9,475,240,16,15,25,426,55,5,20,25,8,8 servings,"Recipe for Green Curry: Mix ingredients, cook for 61 minutes.",
77,Satay,118,Chef Wu,76,12,88,2025-07-25,A delicious Japanese dish featuring satay.,https://example.com/satay.jpg,Soup,"Japanese, satay",4 cups rice,"onion, beef",4.2,279,212,29,5,130,1384,44,13,8,19,3,3 servings,"Recipe for Satay: Mix ingredients, cook for 76 minutes.",
78,Satay,118,Chef Wu,106,41,147,2025-05-26,A delicious Thai dish featuring satay.,https://example.com/satay.jpg,Side Dish,"Thai, satay",3 cups chicken,"garlic, chicken",4.4,212,335,50,18,128,1744,66,3,11,31,5,5 servings,"Recipe for Satay: Mix ingredients, cook for 106 minutes.",
79,Japchae,101,Chef Raj,90,23,113,2025-03-17,A delicious Korean dish featuring japchae.,https://example.com/japchae.jpg,Appetizer,"Korean, japchae",3 cups vegetables,"garlic, chicken",4.4,405,248,12,7,67,1779,54,7,17,31,8,8 servings,"Recipe for Japchae: Mix ingredients, cook for 90 minutes.",
80,Dumplings,120,Chef Jung,114,50,164,2025-05-08,A delicious Chinese dish featuring dumplings.,https://example.com/dumplings.jpg,Main Dish,"Chinese, dumplings",1 cups spices,"onion, chicken",4.7,477,758,26,10,102,826,64,9,24,10,3,3 servings,"Recipe for Dumplings: Mix ingredients, cook for 114 minutes.",
81,Chana Masala,113,Chef Patel,64,39,103,2025-02-07,A delicious Indian dish featuring chana masala.,https://example.com/chana-masala.jpg,Main Dish,"Indian, chana masala",4 cups chicken,"onion, chicken",4.7,204,594,29,10,148,1741,44,5,25,38,4,4 servings,"Recipe for Chana Masala: Mix ingredients, cook for 64 minutes.",
82,Aloo Gobi,106,Chef Wang,25,19,44,2024-12-25,A delicious Indian dish featuring aloo gobi.,https://example.com/aloo-gobi.jpg,Dessert,"Indian, aloo gobi",1 cups spices,"tomato, beef",4.5,232,590,16,16,60,1484,59,10,26,37,5,5 servings,"Recipe for Aloo Gobi: Mix ingredients, cook for 25 minutes.",
83,Pad Thai,114,Chef Yoon,40,27,67,2024-12-24,A delicious Thai dish featuring pad thai.,https://example.com/pad-thai.jpg,Snack,"Thai, pad thai",2 cups rice,"garlic, chicken",4.6,359,446,29,8,73,655,45,6,18,37,8,8 servings,"Recipe for Pad Thai: Mix ingredients, cook for 40 minutes.",
84,Tom Yum,116,Chef Singh,117,55,172,2025-04-14,A delicious Thai dish featuring tom yum.,https://example.com/tom-yum.jpg,Main Dish,"Thai, tom yum",2 cups spices,"onion, tofu",4.6,113,637,32,12,111,573,97,6,30,20,7,7 servings,"Recipe for Tom Yum: Mix ingredients, cook for 117 minutes.",
85,Pani Puri,105,Chef Park,106,29,135,2024-11-23,A delicious Indian dish featuring pani puri.,https://example.com/pani-puri.jpg,Side Dish,"Indian, pani puri",5 cups chicken,"garlic, beef",4.9,438,392,46,13,114,841,64,11,9,26,6,6 servings,"Recipe for Pani Puri: Mix ingredients, cook for 106 minutes.",
86,Ramen,109,Chef Chen,115,23,138,2025-01-13,A delicious Vietnamese dish featuring ramen.,https://example.com/ramen.jpg,Appetizer,"Vietnamese, ramen",2 cups vegetables,"ginger, chicken",4.9,153,256,19,6,144,465,54,12,15,18,2,2 servings,"Recipe for Ramen: Mix ingredients, cook for 115 minutes.",
87,Nasi Goreng,112,Chef Liu,114,50,164,2025-10-09,A delicious Thai dish featuring nasi goreng.,https://example.com/nasi-goreng.jpg,Snack,"Thai, nasi goreng",3 cups spices,"garlic, tofu",4.4,358,209,43,18,76,1696,92,8,9,21,7,7 servings,"Recipe for Nasi Goreng: Mix ingredients, cook for 114 minutes.",
88,Aloo Gobi,116,Chef Singh,56,18,74,2024-11-15,A delicious Indian dish featuring aloo gobi.,https://example.com/aloo-gobi.jpg,Breakfast,"Indian, aloo gobi",4 cups chicken,"garlic, beef",4.3,496,460,25,11,147,815,54,8,23,25,6,6 servings,"Recipe for Aloo Gobi: Mix ingredients, cook for 56 minutes.",
89,Tom Yum,113,Chef Patel,58,36,94,2025-01-18,A delicious Thai dish featuring tom yum.,https://example.com/tom-yum.jpg,Breakfast,"Thai, tom yum",5 cups vegetables,"ginger, chicken",4.1,466,693,25,5,103,1054,92,10,24,28,6,6 servings,"Recipe for Tom Yum: Mix ingredients, cook for 58 minutes.",
90,Mapo Tofu,116,Chef Singh,37,52,89,2025-02-12,A delicious Chinese dish featuring mapo tofu.,https://example.com/mapo-tofu.jpg,Breakfast,"Chinese, mapo tofu",1 cups spices,"garlic, beef",4.1,459,603,37,15,93,1084,60,5,23,33,5,5 servings,"Recipe for Mapo Tofu: Mix ingredients, cook for 37 minutes.",
91,Satay,102,Chef Kim,70,5,75,2025-10-08,A delicious Thai dish featuring satay.,https://example.com/satay.jpg,Breakfast,"Thai, satay",5 cups spices,"ginger, vegetables",4.7,466,595,35,16,143,1189,91,10,9,11,6,6 servings,"Recipe for Satay: Mix ingredients, cook for 70 minutes.",
92,Biryani,109,Chef Chen,47,7,54,2025-07-30,A delicious Indian dish featuring biryani.,https://example.com/biryani.jpg,Main Dish,"Indian, biryani",2 cups rice,"garlic, chicken",5.0,198,516,32,19,97,1403,81,15,6,12,4,4 servings,"Recipe for Biryani: Mix ingredients, cook for 47 minutes.",
93,Samgyetang,120,Chef Jung,20,12,32,2025-08-02,A delicious Korean dish featuring samgyetang.,https://example.com/samgyetang.jpg,Side Dish,"Korean, samgyetang",4 cups vegetables,"onion, beef",4.2,98,715,28,17,137,1941,94,14,17,38,5,5 servings,"Recipe for Samgyetang: Mix ingredients, cook for 20 minutes.",
94,Banh Mi,113,Chef Patel,11,42,53,2025-02-21,A delicious Thai dish featuring banh mi.,https://example.com/banh-mi.jpg,Soup,"Thai, banh mi",2 cups rice,"ginger, beef",4.2,301,308,44,7,125,905,94,15,20,31,5,5 servings,"Recipe for Banh Mi: Mix ingredients, cook for 11 minutes.",
95,Tom Yum,109,Chef Chen,98,20,118,2025-08-09,A delicious Japanese dish featuring tom yum.,https://example.com/tom-yum.jpg,Breakfast,"Japanese, tom yum",3 cups chicken,"tomato, tofu",4.1,485,706,49,12,74,863,98,6,17,23,4,4 servings,"Recipe for Tom Yum: Mix ingredients, cook for 98 minutes.",
96,Ramen,102,Chef Kim,88,15,103,2025-04-16,A delicious Thai dish featuring ramen.,https://example.com/ramen.jpg,Dessert,"Thai, ramen",3 cups spices,"ginger, beef",5.0,413,402,20,12,132,1334,69,4,26,10,2,2 servings,"Recipe for Ramen: Mix ingredients, cook for 88 minutes.",
97,Bulgogi,118,Chef Wu,27,53,80,2025-03-25,A delicious Korean dish featuring bulgogi.,https://example.com/bulgogi.jpg,Main Dish,"Korean, bulgogi",5 cups chicken,"onion, beef",4.7,187,541,38,11,62,1346,87,12,13,13,8,8 servings,"Recipe for Bulgogi: Mix ingredients, cook for 27 minutes.",
98,Samgyetang,113,Chef Patel,79,44,123,2025-04-26,A delicious Korean dish featuring samgyetang.,https://example.com/samgyetang.jpg,Main Dish,"Korean, samgyetang",3 cups chicken,"onion, beef",4.6,334,586,24,18,87,1707,96,13,14,14,3,3 servings,"Recipe for Samgyetang: Mix ingredients, cook for 79 minutes.",
99,Kimchi,102,Chef Kim,108,38,146,2025-08-07,A delicious Korean dish featuring kimchi.,https://example.com/kimchi.jpg,Main Dish,"Korean, kimchi",1 cups vegetables,"tomato, beef",4.7,338,283,39,12,51,1499,88,3,25,29,5,5 servings,"Recipe for Kimchi: Mix ingredients, cook for 108 minutes.",
100,Satay,107,Chef Sharma,43,26,69,2025-10-04,A delicious Japanese dish featuring satay.,https://example.com/satay.jpg,Dessert,"Japanese, satay",2 cups chicken,"onion, chicken",4.1,221,215,47,11,138,1349,35,10,25,37,6,6 servings,"Recipe for Satay: Mix ingredients, cook for 43 minutes.",
101,Tempura,106,Chef Wang,10,30,40,2025-03-05,A delicious Japanese dish featuring tempura.,https://example.com/tempura.jpg,Snack,"Japanese, tempura",4 cups rice,"onion, tofu",4.7,62,350,12,19,28,1617,61,3,22,40,6,6 servings,"Recipe for Tempura: Mix ingredients, cook for 10 minutes.",
102,Pho,108,Chef Lee,61,6,67,2025-02-28,A delicious Thai dish featuring pho.,https://example.com/pho.jpg,Side Dish,"Thai, pho",5 cups rice,"ginger, tofu",4.1,146,380,28,15,147,1769,43,5,27,30,3,3 servings,"Recipe for Pho: Mix ingredients, cook for 61 minutes.",
103,Sushi,102,Chef Kim,22,30,52,2025-07-22,A delicious Vietnamese dish featuring sushi.,https://example.com/sushi.jpg,Main Dish,"Vietnamese, sushi",1 cups rice,"onion, beef",4.3,459,515,14,6,85,471,58,15,20,39,2,2 servings,"Recipe for Sushi: Mix ingredients, cook for 22 minutes.",
104,Pho,104,Chef Ahmed,51,16,67,2025-04-13,A delicious Thai dish featuring pho.,https://example.com/pho.jpg,Main Dish,"Thai, pho",1 cups vegetables,"ginger, chicken",4.8,106,414,47,16,121,1208,38,9,25,28,5,5 servings,"Recipe for Pho: Mix ingredients, cook for 51 minutes.",
105,Sushi,103,Chef Li,102,14,116,2024-12-22,A delicious Japanese dish featuring sushi.,https://example.com/sushi.jpg,Breakfast,"Japanese, sushi",4 cups chicken,"onion, chicken",4.4,250,440,19,13,111,991,85,11,23,29,2,2 servings,"Recipe for Sushi: Mix ingredients, cook for 102 minutes.",
106,Samgyetang,118,Chef Wu,68,29,97,2025-01-23,A delicious Korean dish featuring samgyetang.,https://example.com/samgyetang.jpg,Breakfast,"Korean, samgyetang",4 cups rice,"onion, vegetables",4.8,384,556,27,15,28,1755,37,12,10,32,7,7 servings,"Recipe for Samgyetang: Mix ingredients, cook for 68 minutes.",
107,Green Curry,119,Chef Gupta,79,11,90,2024-11-26,A delicious Japanese dish featuring green curry.,https://example.com/green-curry.jpg,Appetizer,"Japanese, green curry",3 cups spices,"ginger, chicken",4.2,332,322,20,5,49,1153,95,4,10,17,6,6 servings,"Recipe for Green Curry: Mix ingredients, cook for 79 minutes.",
108,Chow Mein,115,Chef Zhang,67,20,87,2025-01-17,A delicious Chinese dish featuring chow mein.,https://example.com/chow-mein.jpg,Soup,"Chinese, chow mein",2 cups rice,"onion, tofu",4.9,228,643,16,20,113,899,99,3,22,38,6,6 servings,"Recipe for Chow Mein: Mix ingredients, cook for 67 minutes.",
109,Green Curry,111,Chef Choi,64,38,102,2025-04-18,A delicious Thai dish featuring green curry.,https://example.com/green-curry.jpg,Side Dish,"Thai, green curry",3 cups rice,"onion, vegetables",4.6,79,376,40,9,111,471,91,6,22,33,6,6 servings,"Recipe for Green Curry: Mix ingredients, cook for 64 minutes.",
110,Hot Pot,104,Chef Ahmed,50,40,90,2025-07-08,A delicious Chinese dish featuring hot pot.,https://example.com/hot-pot.jpg,Side Dish,"Chinese, hot pot",5 cups rice,"tomato, tofu",4.9,278,431,15,5,43,466,60,10,5,31,2,2 servings,"Recipe for Hot Pot: Mix ingredients, cook for 50 minutes.",
111,Butter Chicken,116,Chef Singh,23,13,36,2025-06-20,A delicious Indian dish featuring butter chicken.,https://example.com/butter-chicken.jpg,Appetizer,"Indian, butter chicken",4 cups chicken,"garlic, chicken",4.6,270,663,37,15,45,910,50,13,27,40,6,6 servings,"Recipe for Butter Chicken: Mix ingredients, cook for 23 minutes.",
112,Sushi,102,Chef Kim,109,33,142,2024-12-23,A delicious Japanese dish featuring sushi.,https://example.com/sushi.jpg,Breakfast,"Japanese, sushi",3 cups vegetables,"ginger, beef",4.9,220,414,25,15,101,1615,93,12,26,36,2,2 servings,"Recipe for Sushi: Mix ingredients, cook for 109 minutes.",
113,Paneer Tikka,114,Chef Yoon,107,24,131,2025-10-15,A delicious Indian dish featuring paneer tikka.,https://example.com/paneer-tikka.jpg,Appetizer,"Indian, paneer tikka",1 cups spices,"onion, chicken",4.5,55,339,21,9,59,1815,30,3,7,10,3,3 servings,"Recipe for Paneer Tikka: Mix ingredients, cook for 107 minutes.",
114,Bulgogi,112,Chef Liu,79,57,136,2025-09-21,A delicious Korean dish featuring bulgogi.,https://example.com/bulgogi.jpg,Appetizer,"Korean, bulgogi",5 cups chicken,"ginger, chicken",4.4,137,391,10,12,63,1677,69,12,8,29,7,7 servings,"Recipe for Bulgogi: Mix ingredients, cook for 79 minutes.",
115,Green Curry,104,Chef Ahmed,114,43,157,2025-02-17,A delicious Vietnamese dish featuring green curry.,https://example.com/green-curry.jpg,Soup,"Vietnamese, green curry",5 cups chicken,"ginger, vegetables",4.8,248,369,10,7,25,1937,59,13,23,12,3,3 servings,"Recipe for Green Curry: Mix ingredients, cook for 114 minutes.",
116,Spring Rolls,103,Chef Li,54,39,93,2024-11-12,A delicious Chinese dish featuring spring rolls.,https://example.com/spring-rolls.jpg,Side Dish,"Chinese, spring rolls",1 cups chicken,"garlic, chicken",4.6,165,239,15,9,75,1077,86,7,15,29,6,6 servings,"Recipe for Spring Rolls: Mix ingredients, cook for 54 minutes.",
117,Tempura,119,Chef Gupta,33,45,78,2024-11-13,A delicious Vietnamese dish featuring tempura.,https://example.com/tempura.jpg,Dessert,"Vietnamese, tempura",1 cups chicken,"tomato, vegetables",4.7,367,610,10,8,88,1010,82,7,7,19,2,2 servings,"Recipe for Tempura: Mix ingredients, cook for 33 minutes.",
118,Mapo Tofu,120,Chef Jung,74,47,121,2025-02-13,A delicious Chinese dish featuring mapo tofu.,https://example.com/mapo-tofu.jpg,Appetizer,"Chinese, mapo tofu",4 cups chicken,"onion, tofu",4.8,342,731,15,19,143,1042,52,12,16,26,5,5 servings,"Recipe for Mapo Tofu: Mix ingredients, cook for 74 minutes.",
119,Green Curry,110,Chef Kumar,108,41,149,2025-03-28,A delicious Thai dish featuring green curry.,https://example.com/green-curry.jpg,Side Dish,"Thai, green curry",1 cups chicken,"garlic, vegetables",4.9,279,490,12,13,64,1760,88,12,18,26,3,3 servings,"Recipe for Green Curry: Mix ingredients, cook for 108 minutes.",
120,Spring Rolls,101,Chef Raj,37,14,51,2025-01-25,A delicious Chinese dish featuring spring rolls.,https://example.com/spring-rolls.jpg,Breakfast,"Chinese, spring rolls",4 cups spices,"garlic, chicken",4.3,238,427,24,8,27,771,98,4,8,15,5,5 servings,"Recipe for Spring Rolls: Mix ingredients, cook for 37 minutes.",
121,Pani Puri,110,Chef Kumar,57,20,77,2025-05-08,A delicious Indian dish featuring pani puri.,https://example.com/pani-puri.jpg,Appetizer,"Indian, pani puri",4 cups chicken,"ginger, chicken",4.2,475,601,39,5,74,1481,93,10,21,21,5,5 servings,"Recipe for Pani Puri: Mix ingredients, cook for 57 minutes.",
122,Ramen,106,Chef Wang,72,46,118,2025-07-13,A delicious Japanese dish featuring ramen.,https://example.com/ramen.jpg,Soup,"Japanese, ramen",4 cups spices,"garlic, vegetables",4.4,388,383,44,6,89,589,42,6,21,17,2,2 servings,"Recipe for Ramen: Mix ingredients, cook for 72 minutes.",
123,Pho,108,Chef Lee,31,38,69,2025-04-09,A delicious Vietnamese dish featuring pho.,https://example.com/pho.jpg,Side Dish,"Vietnamese, pho",1 cups spices,"garlic, beef",4.3,219,619,46,13,96,405,51,11,19,18,6,6 servings,"Recipe for Pho: Mix ingredients, cook for 31 minutes.",
124,Pho,104,Chef Ahmed,17,20,37,2025-06-02,A delicious Vietnamese dish featuring pho.,https://example.com/pho.jpg,Breakfast,"Vietnamese, pho",5 cups spices,"onion, vegetables",4.6,71,298,36,12,109,1003,34,15,30,29,5,5 servings,"Recipe for Pho: Mix ingredients, cook for 17 minutes.",
125,Sushi,102,Chef Kim,27,19,46,2025-05-04,A delicious Japanese dish featuring sushi.,https://example.com/sushi.jpg,Appetizer,"Japanese, sushi",4 cups chicken,"tomato, vegetables",4.7,455,223,31,10,67,1133,30,15,19,27,8,8 servings,"Recipe for Sushi: Mix ingredients, cook for 27 minutes.",
126,Pani Puri,106,Chef Wang,67,18,85,2025-06-26,A delicious Indian dish featuring pani puri.,https://example.com/pani-puri.jpg,Main Dish,"Indian, pani puri",3 cups vegetables,"onion, vegetables",4.8,191,243,23,6,149,1688,84,8,15,11,5,5 servings,"Recipe for Pani Puri: Mix ingredients, cook for 67 minutes.",
127,Kung Pao Chicken,101,Chef Raj,11,55,66,2025-05-09,A delicious Chinese dish featuring kung pao chicken.,https://example.com/kung-pao-chicken.jpg,Side Dish,"Chinese, kung pao chicken",5 cups spices,"onion, chicken",4.2,395,550,22,11,95,423,88,3,7,21,2,2 servings,"Recipe for Kung Pao Chicken: Mix ingredients, cook for 11 minutes.",
128,Sushi,111,Chef Choi,100,48,148,2025-04-11,A delicious Vietnamese dish featuring sushi.,https://example.com/sushi.jpg,Soup,"Vietnamese, sushi",4 cups spices,"onion, vegetables",4.1,477,578,38,13,92,1424,45,10,28,17,6,6 servings,"Recipe for Sushi: Mix ingredients, cook for 100 minutes.",
129,Aloo Gobi,112,Chef Liu,103,47,150,2025-09-07,A delicious Indian dish featuring aloo gobi.,https://example.com/aloo-gobi.jpg,Side Dish,"Indian, aloo gobi",4 cups spices,"garlic, vegetables",4.4,259,431,21,12,93,847,53,7,7,24,4,4 servings,"Recipe for Aloo Gobi: Mix ingredients, cook for 103 minutes.",
130,Aloo Gobi,111,Chef Choi,26,13,39,2024-11-17,A delicious Indian dish featuring aloo gobi.,https://example.com/aloo-gobi.jpg,Snack,"Indian, aloo gobi",4 cups spices,"ginger, chicken",4.7,225,461,13,19,43,784,33,9,11,25,2,2 servings,"Recipe for Aloo Gobi: Mix ingredients, cook for 26 minutes.",
131,Tteokbokki,107,Chef Sharma,75,11,86,2024-12-21,A delicious Korean dish featuring tteokbokki.,https://example.com/tteokbokki.jpg,Dessert,"Korean, tteokbokki",4 cups spices,"ginger, vegetables",4.9,475,714,13,9,114,697,97,15,27,35,7,7 servings,"Recipe for Tteokbokki: Mix ingredients, cook for 75 minutes.",
132,Kimchi,104,Chef Ahmed,19,12,31,2025-10-11,A delicious Korean dish featuring kimchi.,https://example.com/kimchi.jpg,Breakfast,"Korean, kimchi",3 cups vegetables,"onion, chicken",4.5,301,588,45,12,87,1209,90,14,28,34,3,3 servings,"Recipe for Kimchi: Mix ingredients, cook for 19 minutes.",
133,Beijing Duck,104,Chef Ahmed,61,60,121,2024-12-25,A delicious Chinese dish featuring beijing duck.,https://example.com/beijing-duck.jpg,Main Dish,"Chinese, beijing duck",4 cups spices,"garlic, beef",4.1,480,451,28,17,29,1914,38,3,9,31,6,6 servings,"Recipe for Beijing Duck: Mix ingredients, cook for 61 minutes.",
134,Sweet and Sour Pork,107,Chef Sharma,93,57,150,2025-06-16,A delicious Chinese dish featuring sweet and sour pork.,https://example.com/sweet-and-sour-pork.jpg,Main Dish,"Chinese, sweet and sour pork",1 cups spices,"onion, tofu",5.0,431,349,42,15,72,870,58,3,27,15,5,5 servings,"Recipe for Sweet and Sour Pork: Mix ingredients, cook for 93 minutes.",
135,Banh Mi,106,Chef Wang,25,11,36,2025-05-25,A delicious Thai dish featuring banh mi.,https://example.com/banh-mi.jpg,Breakfast,"Thai, banh mi",3 cups spices,"tomato, chicken",4.0,227,725,23,11,105,1848,92,14,6,20,4,4 servings,"Recipe for Banh Mi: Mix ingredients, cook for 25 minutes.",
136,Banh Mi,109,Chef Chen,40,48,88,2025-05-20,A delicious Thai dish featuring banh mi.,https://example.com/banh-mi.jpg,Appetizer,"Thai, banh mi",2 cups vegetables,"onion, chicken",4.8,190,381,30,16,100,860,65,4,29,14,6,6 servings,"Recipe for Banh Mi: Mix ingredients, cook for 40 minutes.",
137,Tom Yum,117,Chef Han,29,57,86,2025-01-03,A delicious Thai dish featuring tom yum.,https://example.com/tom-yum.jpg,Appetizer,"Thai, tom yum",1 cups spices,"tomato, chicken",5.0,79,251,13,7,39,1140,82,15,22,12,2,2 servings,"Recipe for Tom Yum: Mix ingredients, cook for 29 minutes.",
138,Ramen,104,Chef Ahmed,76,23,99,2024-10-29,A delicious Thai dish featuring ramen.,https://example.com/ramen.jpg,Breakfast,"Thai, ramen",3 cups rice,"ginger, beef",4.3,197,234,24,18,144,570,89,6,23,37,7,7 servings,"Recipe for Ramen: Mix ingredients, cook for 76 minutes.",
139,Tempura,117,Chef Han,92,54,146,2025-08-31,A delicious Vietnamese dish featuring tempura.,https://example.com/tempura.jpg,Snack,"Vietnamese, tempura",2 cups rice,"garlic, chicken",4.9,491,525,44,17,85,715,55,9,17,17,6,6 servings,"Recipe for Tempura: Mix ingredients, cook for 92 minutes.",
140,Tom Yum,113,Chef Patel,115,45,160,2025-09-09,A delicious Thai dish featuring tom yum.,https://example.com/tom-yum.jpg,Breakfast,"Thai, tom yum",3 cups spices,"garlic, vegetables",4.4,299,452,30,9,22,1507,35,4,28,22,4,4 servings,"Recipe for Tom Yum: Mix ingredients, cook for 115 minutes.",
141,Satay,108,Chef Lee,30,39,69,2024-11-30,A delicious Thai dish featuring satay.,https://example.com/satay.jpg,Side Dish,"Thai, satay",4 cups vegetables,"ginger, vegetables",4.7,266,431,28,9,45,1534,65,7,29,15,7,7 servings,"Recipe for Satay: Mix ingredients, cook for 30 minutes.",
142,Sweet and Sour Pork,103,Chef Li,10,19,29,2025-06-12,A delicious Chinese dish featuring sweet and sour pork.,https://example.com/sweet-and-sour-pork.jpg,Snack,"Chinese, sweet and sour pork",4 cups spices,"onion, tofu",4.7,489,618,45,15,100,922,32,6,8,13,5,5 servings,"Recipe for Sweet and Sour Pork: Mix ingredients, cook for 10 minutes.",
143,Tteokbokki,119,Chef Gupta,28,20,48,2024-12-02,A delicious Korean dish featuring tteokbokki.,https://example.com/tteokbokki.jpg,Dessert,"Korean, tteokbokki",3 cups spices,"onion, tofu",4.4,391,740,46,13,47,686,61,5,12,12,7,7 servings,"Recipe for Tteokbokki: Mix ingredients, cook for 28 minutes.",
144,Bulgogi,113,Chef Patel,78,45,123,2024-10-27,A delicious Korean dish featuring bulgogi.,https://example.com/bulgogi.jpg,Breakfast,"Korean, bulgogi",5 cups rice,"ginger, vegetables",4.5,101,245,44,13,47,1332,31,9,21,11,3,3 servings,"Recipe for Bulgogi: Mix ingredients, cook for 78 minutes.",
145,Kung Pao Chicken,117,Chef Han,23,34,57,2025-08-04,A delicious Chinese dish featuring kung pao chicken.,https://example.com/kung-pao-chicken.jpg,Snack,"Chinese, kung pao chicken",1 cups spices,"onion, beef",4.3,265,532,32,18,93,1774,42,3,21,28,8,8 servings,"Recipe for Kung Pao Chicken: Mix ingredients, cook for 23 minutes.",
146,Rajma,109,Chef Chen,47,13,60,2024-11-12,A delicious Indian dish featuring rajma.,https://example.com/rajma.jpg,Appetizer,"Indian, rajma",4 cups spices,"garlic, vegetables",4.1,150,497,17,11,88,1837,88,8,12,33,8,8 servings,"Recipe for Rajma: Mix ingredients, cook for 47 minutes.",
147,Ramen,102,Chef Kim,29,17,46,2025-06-09,A delicious Japanese dish featuring ramen.,https://example.com/ramen.jpg,Breakfast,"Japanese, ramen",2 cups rice,"tomato, beef",4.1,269,297,38,17,78,1567,67,14,19,14,3,3 servings,"Recipe for Ramen: Mix ingredients, cook for 29 minutes.",
148,Pad Thai,106,Chef Wang,84,38,122,2025-01-09,A delicious Vietnamese dish featuring pad thai.,https://example.com/pad-thai.jpg,Dessert,"Vietnamese, pad thai",1 cups vegetables,"tomato, chicken",4.6,151,666,30,17,108,463,45,7,7,25,8,8 servings,"Recipe for Pad Thai: Mix ingredients, cook for 84 minutes.",
149,Kimbap,108,Chef Lee,50,46,96,2024-12-27,A delicious Korean dish featuring kimbap.,https://example.com/kimbap.jpg,Soup,"Korean, kimbap",4 cups vegetables,"tomato, beef",4.3,75,497,27,7,133,1732,76,8,9,35,3,3 servings,"Recipe for Kimbap: Mix ingredients, cook for 50 minutes.",
150,Rogan Josh,107,Chef Sharma,88,25,113,2025-03-25,A delicious Indian dish featuring rogan josh.,https://example.com/rogan-josh.jpg,Soup,"Indian, rogan josh",5 cups rice,"tomato, vegetables",4.9,382,554,29,19,44,1490,41,10,13,35,2,2 servings,"Recipe for Rogan Josh: Mix ingredients, cook for 88 minutes.",
151,Tom Yum,103,Chef Li,104,7,111,2024-12-12,A delicious Thai dish featuring tom yum.,https://example.com/tom-yum.jpg,Snack,"Thai, tom yum",3 cups rice,"ginger, chicken",4.3,102,280,14,6,111,1143,42,6,10,38,2,2 servings,"Recipe for Tom Yum: Mix ingredients, cook for 104 minutes.",
152,Beijing Duck,114,Chef Yoon,92,28,120,2025-09-17,A delicious Chinese dish featuring beijing duck.,https://example.com/beijing-duck.jpg,Main Dish,"Chinese, beijing duck",2 cups rice,"tomato, chicken",4.1,292,779,36,15,99,703,72,10,10,37,8,8 servings,"Recipe for Beijing Duck: Mix ingredients, cook for 92 minutes.",
153,Pho,109,Chef Chen,114,16,130,2024-11-15,A delicious Vietnamese dish featuring pho.,https://example.com/pho.jpg,Appetizer,"Vietnamese, pho",3 cups rice,"ginger, chicken",4.6,209,254,32,15,96,1905,74,10,22,22,8,8 servings,"Recipe for Pho: Mix ingredients, cook for 114 minutes.",
154,Pho,106,Chef Wang,72,17,89,2025-07-09,A delicious Japanese dish featuring pho.,https://example.com/pho.jpg,Side Dish,"Japanese, pho",4 cups chicken,"garlic, beef",4.4,170,513,25,17,46,977,39,6,29,32,8,8 servings,"Recipe for Pho: Mix ingredients, cook for 72 minutes.",
155,Green Curry,101,Chef Raj,101,54,155,2025-02-20,A delicious Thai dish featuring green curry.,https://example.com/green-curry.jpg,Soup,"Thai, green curry",1 cups spices,"onion, beef",4.1,91,619,47,11,104,697,42,13,27,21,6,6 servings,"Recipe for Green Curry: Mix ingredients, cook for 101 minutes.",
156,Dumplings,104,Chef Ahmed,79,33,112,2025-09-28,A delicious Chinese dish featuring dumplings.,https://example.com/dumplings.jpg,Main Dish,"Chinese, dumplings",3 cups spices,"onion, vegetables",4.2,413,539,20,5,56,1280,99,14,19,37,6,6 servings,"Recipe for Dumplings: Mix ingredients, cook for 79 minutes.",
157,Bulgogi,118,Chef Wu,34,5,39,2025-07-06,A delicious Korean dish featuring bulgogi.,https://example.com/bulgogi.jpg,Main Dish,"Korean, bulgogi",2 cups chicken,"garlic, beef",4.0,92,712,40,18,46,1914,74,15,12,35,4,4 servings,"Recipe for Bulgogi: Mix ingredients, cook for 34 minutes.",
158,Nasi Goreng,114,Chef Yoon,83,27,110,2025-04-22,A delicious Vietnamese dish featuring nasi goreng.,https://example.com/nasi-goreng.jpg,Soup,"Vietnamese, nasi goreng",3 cups chicken,"garlic, chicken",4.5,242,698,39,10,137,882,42,11,10,18,6,6 servings,"Recipe for Nasi Goreng: Mix ingredients, cook for 83 minutes.",
159,Tteokbokki,115,Chef Zhang,70,42,112,2025-08-25,A delicious Korean dish featuring tteokbokki.,https://example.com/tteokbokki.jpg,Soup,"Korean, tteokbokki",3 cups spices,"ginger, beef",4.9,329,491,33,5,146,1464,60,3,9,38,6,6 servings,"Recipe for Tteokbokki: Mix ingredients, cook for 70 minutes.",
160,Beijing Duck,119,Chef Gupta,25,15,40,2025-05-23,A delicious Chinese dish featuring beijing duck.,https://example.com/beijing-duck.jpg,Breakfast,"Chinese, beijing duck",5 cups rice,"tomato, chicken",4.3,312,646,24,10,73,1067,81,9,7,30,5,5 servings,"Recipe for Beijing Duck: Mix ingredients, cook for 25 minutes.",
161,Ramen,117,Chef Han,60,37,97,2025-08-14,A delicious Thai dish featuring ramen.,https://example.com/ramen.jpg,Appetizer,"Thai, ramen",1 cups spices,"ginger, beef",4.5,146,556,44,17,34,719,81,5,7,15,6,6 servings,"Recipe for Ramen: Mix ingredients, cook for 60 minutes.",
162,Rogan Josh,106,Chef Wang,118,45,163,2024-10-27,A delicious Indian dish featuring rogan josh.,https://example.com/rogan-josh.jpg,Side Dish,"Indian, rogan josh",5 cups chicken,"onion, tofu",4.5,237,221,20,20,88,1645,81,15,23,17,4,4 servings,"Recipe for Rogan Josh: Mix ingredients, cook for 118 minutes.",
163,Fried Chicken,117,Chef Han,56,40,96,2025-06-29,A delicious Korean dish featuring fried chicken.,https://example.com/fried-chicken.jpg,Snack,"Korean, fried chicken",1 cups chicken,"ginger, chicken",4.3,390,364,43,10,129,1812,100,14,15,17,2,2 servings,"Recipe for Fried Chicken: Mix ingredients, cook for 56 minutes.",
164,Tempura,109,Chef Chen,105,6,111,2025-08-02,A delicious Thai dish featuring tempura.,https://example.com/tempura.jpg,Snack,"Thai, tempura",2 cups chicken,"onion, chicken",4.5,361,514,39,19,144,701,61,11,30,16,3,3 servings,"Recipe for Tempura: Mix ingredients, cook for 105 minutes.",
165,Beijing Duck,119,Chef Gupta,116,28,144,2025-05-04,A delicious Chinese dish featuring beijing duck.,https://example.com/beijing-duck.jpg,Breakfast,"Chinese, beijing duck",4 cups spices,"tomato, vegetables",5.0,84,578,33,7,100,1939,43,5,17,24,4,4 servings,"Recipe for Beijing Duck: Mix ingredients, cook for 116 minutes.",
166,Beijing Duck,107,Chef Sharma,64,48,112,2025-04-17,A delicious Chinese dish featuring beijing duck.,https://example.com/beijing-duck.jpg,Appetizer,"Chinese, beijing duck",1 cups chicken,"tomato, tofu",4.7,408,363,30,19,22,1818,57,7,24,40,3,3 servings,"Recipe for Beijing Duck: Mix ingredients, cook for 64 minutes.",
167,Green Curry,101,Chef Raj,64,26,90,2025-03-02,A delicious Japanese dish featuring green curry.,https://example.com/green-curry.jpg,Breakfast,"Japanese, green curry",3 cups spices,"onion, beef",4.9,251,720,29,9,49,806,62,5,19,16,7,7 servings,"Recipe for Green Curry: Mix ingredients, cook for 64 minutes.",
168,Satay,103,Chef Li,88,56,144,2025-07-03,A delicious Japanese dish featuring satay.,https://example.com/satay.jpg,Dessert,"Japanese, satay",1 cups rice,"onion, tofu",4.8,328,579,30,12,24,1254,61,15,11,13,2,2 servings,"Recipe for Satay: Mix ingredients, cook for 88 minutes.",
169,Satay,110,Chef Kumar,119,50,169,2025-08-03,A delicious Japanese dish featuring satay.,https://example.com/satay.jpg,Snack,"Japanese, satay",1 cups spices,"ginger, chicken",4.8,300,415,25,11,113,1141,39,3,14,23,4,4 servings,"Recipe for Satay: Mix ingredients, cook for 119 minutes.",
170,Satay,115,Chef Zhang,88,24,112,2025-06-28,A delicious Thai dish featuring satay.,https://example.com/satay.jpg,Snack,"Thai, satay",1 cups spices,"tomato, tofu",4.5,347,752,23,15,46,580,79,9,22,39,8,8 servings,"Recipe for Satay: Mix ingredients, cook for 88 minutes.",
171,Green Curry,105,Chef Park,83,40,123,2025-01-02,A delicious Thai dish featuring green curry.,https://example.com/green-curry.jpg,Appetizer,"Thai, green curry",2 cups rice,"garlic, chicken",4.6,347,572,24,8,25,835,61,11,10,18,2,2 servings,"Recipe for Green Curry: Mix ingredients, cook for 83 minutes.",
172,Kimbap,114,Chef Yoon,78,8,86,2025-09-26,A delicious Korean dish featuring kimbap.,https://example.com/kimbap.jpg,Snack,"Korean, kimbap",5 cups chicken,"ginger, tofu",4.9,199,423,10,12,54,936,48,5,26,34,8,8 servings,"Recipe for Kimbap: Mix ingredients, cook for 78 minutes.",
173,Kimbap,105,Chef Park,18,50,68,2025-07-06,A delicious Korean dish featuring kimbap.,https://example.com/kimbap.jpg,Main Dish,"Korean, kimbap",2 cups rice,"tomato, vegetables",4.2,153,742,50,16,40,761,61,15,23,24,4,4 servings,"Recipe for Kimbap: Mix ingredients, cook for 18 minutes.",
174,Aloo Gobi,106,Chef Wang,119,22,141,2025-07-19,A delicious Indian dish featuring aloo gobi.,https://example.com/aloo-gobi.jpg,Dessert,"Indian, aloo gobi",3 cups vegetables,"onion, tofu",4.7,352,763,35,12,30,754,46,7,25,39,5,5 servings,"Recipe for Aloo Gobi: Mix ingredients, cook for 119 minutes.",
175,Satay,117,Chef Han,42,51,93,2024-11-19,A delicious Japanese dish featuring satay.,https://example.com/satay.jpg,Dessert,"Japanese, satay",4 cups spices,"tomato, beef",4.4,109,227,15,18,115,697,66,13,28,14,5,5 servings,"Recipe for Satay: Mix ingredients, cook for 42 minutes.",
176,Pad Thai,115,Chef Zhang,85,23,108,2025-06-02,A delicious Vietnamese dish featuring pad thai.,https://example.com/pad-thai.jpg,Main Dish,"Vietnamese, pad thai",5 cups chicken,"garlic, vegetables",4.6,328,369,16,18,136,1919,77,7,22,28,3,3 servings,"Recipe for Pad Thai: Mix ingredients, cook for 85 minutes.",
177,Kimchi,116,Chef Singh,60,30,90,2025-02-25,A delicious Korean dish featuring kimchi.,https://example.com/kimchi.jpg,Side Dish,"Korean, kimchi",4 cups rice,"ginger, chicken",4.9,474,675,29,17,76,1729,71,11,5,24,5,5 servings,"Recipe for Kimchi: Mix ingredients, cook for 60 minutes.",
178,Banh Mi,108,Chef Lee,38,53,91,2024-12-20,A delicious Vietnamese dish featuring banh mi.,https://example.com/banh-mi.jpg,Appetizer,"Vietnamese, banh mi",5 cups spices,"tomato, chicken",4.5,307,477,14,18,109,698,81,15,14,30,5,5 servings,"Recipe for Banh Mi: Mix ingredients, cook for 38 minutes.",
179,Pad Thai,104,Chef Ahmed,68,56,124,2025-03-01,A delicious Thai dish featuring pad thai.,https://example.com/pad-thai.jpg,Main Dish,"Thai, pad thai",1 cups rice,"onion, vegetables",4.5,184,501,10,16,93,1647,80,14,22,34,2,2 servings,"Recipe for Pad Thai: Mix ingredients, cook for 68 minutes.",
180,Nasi Goreng,120,Chef Jung,11,8,19,2025-08-01,A delicious Japanese dish featuring nasi goreng.,https://example.com/nasi-goreng.jpg,Breakfast,"Japanese, nasi goreng",5 cups spices,"garlic, beef",4.7,469,291,20,20,77,1211,44,13,30,20,6,6 servings,"Recipe for Nasi Goreng: Mix ingredients, cook for 11 minutes.",
181,Aloo Gobi,110,Chef Kumar,11,50,61,2025-04-01,A delicious Indian dish featuring aloo gobi.,https://example.com/aloo-gobi.jpg,Snack,"Indian, aloo gobi",1 cups vegetables,"tomato, beef",4.9,373,505,50,13,65,1744,52,14,6,18,7,7 servings,"Recipe for Aloo Gobi: Mix ingredients, cook for 11 minutes.",
182,Samgyetang,109,Chef Chen,83,5,88,2025-10-09,A delicious Korean dish featuring samgyetang.,https://example.com/samgyetang.jpg,Snack,"Korean, samgyetang",2 cups spices,"garlic, tofu",4.6,340,579,42,5,28,401,37,7,12,13,8,8 servings,"Recipe for Samgyetang: Mix ingredients, cook for 83 minutes.",
183,Green Curry,116,Chef Singh,87,45,132,2025-06-23,A delicious Japanese dish featuring green curry.,https://example.com/green-curry.jpg,Main Dish,"Japanese, green curry",1 cups chicken,"onion, chicken",4.3,64,768,45,8,110,738,44,8,11,19,4,4 servings,"Recipe for Green Curry: Mix ingredients, cook for 87 minutes.",
184,Rogan Josh,106,Chef Wang,15,31,46,2025-01-09,A delicious Indian dish featuring rogan josh.,https://example.com/rogan-josh.jpg,Breakfast,"Indian, rogan josh",1 cups vegetables,"ginger, beef",4.0,487,477,27,5,144,1169,80,11,14,23,7,7 servings,"Recipe for Rogan Josh: Mix ingredients, cook for 15 minutes.",
185,Nasi Goreng,107,Chef Sharma,94,32,126,2024-12-10,A delicious Vietnamese dish featuring nasi goreng.,https://example.com/nasi-goreng.jpg,Appetizer,"Vietnamese, nasi goreng",5 cups spices,"tomato, tofu",4.4,54,573,29,11,53,656,69,10,21,31,4,4 servings,"Recipe for Nasi Goreng: Mix ingredients, cook for 94 minutes.",
186,Sushi,109,Chef Chen,39,55,94,2024-10-30,A delicious Vietnamese dish featuring sushi.,https://example.com/sushi.jpg,Side Dish,"Vietnamese, sushi",5 cups rice,"ginger, vegetables",4.8,255,425,48,12,122,1486,72,10,17,33,2,2 servings,"Recipe for Sushi: Mix ingredients, cook for 39 minutes.",
187,Banh Mi,111,Chef Choi,71,50,121,2025-06-20,A delicious Vietnamese dish featuring banh mi.,https://example.com/banh-mi.jpg,Snack,"Vietnamese, banh mi",2 cups chicken,"ginger, chicken",4.7,135,265,37,6,126,1848,79,5,10,40,4,4 servings,"Recipe for Banh Mi: Mix ingredients, cook for 71 minutes.",
188,Tom Yum,110,Chef Kumar,22,35,57,2024-10-23,A delicious Japanese dish featuring tom yum.,https://example.com/tom-yum.jpg,Side Dish,"Japanese, tom yum",1 cups vegetables,"tomato, chicken",4.4,223,415,36,17,39,1924,40,14,11,18,2,2 servings,"Recipe for Tom Yum: Mix ingredients, cook for 22 minutes.",
189,Pho,116,Chef Singh,98,57,155,2025-01-06,A delicious Japanese dish featuring pho.,https://example.com/pho.jpg,Breakfast,"Japanese, pho",1 cups vegetables,"onion, chicken",4.5,370,798,47,16,20,1592,69,9,20,27,3,3 servings,"Recipe for Pho: Mix ingredients, cook for 98 minutes.",
190,Ramen,109,Chef Chen,114,57,171,2024-12-16,A delicious Japanese dish featuring ramen.,https://example.com/ramen.jpg,Breakfast,"Japanese, ramen",4 cups rice,"garlic, beef",4.6,254,587,29,11,108,635,63,14,24,32,5,5 servings,"Recipe for Ramen: Mix ingredients, cook for 114 minutes.",
191,Satay,101,Chef Raj,31,33,64,2025-04-05,A delicious Vietnamese dish featuring satay.,https://example.com/satay.jpg,Side Dish,"Vietnamese, satay",3 cups vegetables,"tomato, chicken",4.8,325,535,45,18,31,652,81,3,22,30,2,2 servings,"Recipe for Satay: Mix ingredients, cook for 31 minutes.",
192,Satay,113,Chef Patel,26,45,71,2024-10-18,A delicious Thai dish featuring satay.,https://example.com/satay.jpg,Soup,"Thai, satay",1 cups vegetables,"ginger, beef",4.6,354,341,48,10,21,1381,44,12,29,34,4,4 servings,"Recipe for Satay: Mix ingredients, cook for 26 minutes.",
193,Pad Thai,106,Chef Wang,111,20,131,2025-06-05,A delicious Vietnamese dish featuring pad thai.,https://example.com/pad-thai.jpg,Appetizer,"Vietnamese, pad thai",4 cups chicken,"onion, tofu",4.8,418,419,47,13,130,603,61,13,29,20,5,5 servings,"Recipe for Pad Thai: Mix ingredients, cook for 111 minutes.",
194,Hot Pot,101,Chef Raj,21,49,70,2025-10-12,A delicious Chinese dish featuring hot pot.,https://example.com/hot-pot.jpg,Breakfast,"Chinese, hot pot",2 cups spices,"tomato, tofu",4.7,290,651,39,7,29,578,64,10,18,29,2,2 servings,"Recipe for Hot Pot: Mix ingredients, cook for 21 minutes.",
195,Sweet and Sour Pork,102,Chef Kim,119,8,127,2025-06-08,A delicious Chinese dish featuring sweet and sour pork.,https://example.com/sweet-and-sour-pork.jpg,Snack,"Chinese, sweet and sour pork",4 cups rice,"onion, chicken",4.9,289,601,40,17,103,1871,96,7,30,22,5,5 servings,"Recipe for Sweet and Sour Pork: Mix ingredients, cook for 119 minutes.",
196,Pad Thai,112,Chef Liu,110,13,123,2025-06-13,A delicious Japanese dish featuring pad thai.,https://example.com/pad-thai.jpg,Dessert,"Japanese, pad thai",1 cups spices,"ginger, tofu",4.2,102,213,23,10,135,1081,40,9,16,11,3,3 servings,"Recipe for Pad Thai: Mix ingredients, cook for 110 minutes.",
197,Samgyetang,103,Chef Li,12,45,57,2024-11-18,A delicious Korean dish featuring samgyetang.,https://example.com/samgyetang.jpg,Soup,"Korean, samgyetang",3 cups spices,"ginger, chicken",4.6,491,411,18,17,58,1123,47,10,26,35,7,7 servings,"Recipe for Samgyetang: Mix ingredients, cook for 12 minutes.",
198,Nasi Goreng,119,Chef Gupta,43,41,84,2024-11-10,A delicious Japanese dish featuring nasi goreng.,https://example.com/nasi-goreng.jpg,Dessert,"Japanese, nasi goreng",5 cups rice,"ginger, beef",4.5,210,693,15,15,20,1077,34,14,26,26,2,2 servings,"Recipe for Nasi Goreng: Mix ingredients, cook for 43 minutes.",
199,Japchae,106,Chef Wang,98,59,157,2025-02-11,A delicious Korean dish featuring japchae.,https://example.com/japchae.jpg,Snack,"Korean, japchae",5 cups vegetables,"ginger, chicken",4.9,268,297,41,20,97,676,83,8,15,11,7,7 servings,"Recipe for Japchae: Mix ingredients, cook for 98 minutes.",
200,Mapo Tofu,103,Chef Li,35,27,62,2025-07-05,A delicious Chinese dish featuring mapo tofu.,https://example.com/mapo-tofu.jpg,Main Dish,"Chinese, mapo tofu",1 cups spices,"garlic, beef",4.0,75,563,11,15,126,1088,64,10,22,16,8,8 servings,"Recipe for Mapo Tofu: Mix ingredients, cook for 35 minutes.",
201,Spring Rolls,118,Chef Wu,52,42,94,2024-10-23,A delicious Chinese dish featuring spring rolls.,https://example.com/spring-rolls.jpg,Soup,"Chinese, spring rolls",2 cups chicken,"tomato, beef",4.8,143,444,42,12,98,1012,48,11,24,18,6,6 servings,"Recipe for Spring Rolls: Mix ingredients, cook for 52 minutes.",
202,Kimbap,118,Chef Wu,60,26,86,2025-08-09,A delicious Korean dish featuring kimbap.,https://example.com/kimbap.jpg,Appetizer,"Korean, kimbap",3 cups rice,"onion, beef",4.7,440,545,13,17,53,744,46,7,17,16,5,5 servings,"Recipe for Kimbap: Mix ingredients, cook for 60 minutes.",
203,Banh Mi,109,Chef Chen,109,13,122,2025-05-27,A delicious Vietnamese dish featuring banh mi.,https://example.com/banh-mi.jpg,Soup,"Vietnamese, banh mi",3 cups chicken,"tomato, vegetables",4.4,175,712,39,15,113,1426,67,11,28,38,2,2 servings,"Recipe for Banh Mi: Mix ingredients, cook for 109 minutes.",
204,Mapo Tofu,118,Chef Wu,57,15,72,2024-11-15,A delicious Chinese dish featuring mapo tofu.,https://example.com/mapo-tofu.jpg,Soup,"Chinese, mapo tofu",4 cups spices,"garlic, vegetables",4.4,477,343,24,19,131,1664,56,5,5,18,7,7 servings,"Recipe for Mapo Tofu: Mix ingredients, cook for 57 minutes.",
205,Mapo Tofu,116,Chef Singh,56,24,80,2024-12-16,A delicious Chinese dish featuring mapo tofu.,https://example.com/mapo-tofu.jpg,Snack,"Chinese, mapo tofu",1 cups spices,"tomato, tofu",4.0,427,673,23,19,97,884,83,4,17,27,3,3 servings,"Recipe for Mapo Tofu: Mix ingredients, cook for 56 minutes.",
206,Mapo Tofu,112,Chef Liu,55,31,86,2025-07-13,A delicious Chinese dish featuring mapo tofu.,https://example.com/mapo-tofu.jpg,Breakfast,"Chinese, mapo tofu",2 cups chicken,"ginger, beef",4.9,73,268,19,7,118,1686,97,12,7,21,6,6 servings,"Recipe for Mapo Tofu: Mix ingredients, cook for 55 minutes.",
207,Tom Yum,109,Chef Chen,71,46,117,2025-04-12,A delicious Thai dish featuring tom yum.,https://example.com/tom-yum.jpg,Dessert,"Thai, tom yum",2 cups vegetables,"garlic, beef",4.8,293,269,26,18,56,453,33,3,19,11,6,6 servings,"Recipe for Tom Yum: Mix ingredients, cook for 71 minutes.",
208,Tom Yum,102,Chef Kim,20,23,43,2024-12-05,A delicious Vietnamese dish featuring tom yum.,https://example.com/tom-yum.jpg,Appetizer,"Vietnamese, tom yum",4 cups chicken,"ginger, beef",4.1,98,673,26,20,46,508,53,14,19,25,6,6 servings,"Recipe for Tom Yum: Mix ingredients, cook for 20 minutes.",
209,Pad Thai,114,Chef Yoon,82,35,117,2025-07-21,A delicious Thai dish featuring pad thai.,https://example.com/pad-thai.jpg,Soup,"Thai, pad thai",4 cups rice,"tomato, vegetables",4.4,428,463,33,14,144,1992,49,6,27,17,5,5 servings,"Recipe for Pad Thai: Mix ingredients, cook for 82 minutes.",
210,Banh Mi,114,Chef Yoon,20,16,36,2025-02-05,A delicious Vietnamese dish featuring banh mi.,https://example.com/banh-mi.jpg,Side Dish,"Vietnamese, banh mi",2 cups vegetables,"ginger, vegetables",4.0,52,639,24,18,75,895,52,13,27,15,3,3 servings,"Recipe for Banh Mi: Mix ingredients, cook for 20 minutes.",
211,Tempura,118,Chef Wu,99,45,144,2025-09-02,A delicious Japanese dish featuring tempura.,https://example.com/tempura.jpg,Snack,"Japanese, tempura",1 cups chicken,"onion, vegetables",4.8,73,581,25,12,36,1405,85,10,18,38,8,8 servings,"Recipe for Tempura: Mix ingredients, cook for 99 minutes.",
212,Tteokbokki,112,Chef Liu,11,42,53,2025-03-12,A delicious Korean dish featuring tteokbokki.,https://example.com/tteokbokki.jpg,Breakfast,"Korean, tteokbokki",4 cups chicken,"onion, chicken",4.3,439,301,48,16,50,1109,44,10,14,24,4,4 servings,"Recipe for Tteokbokki: Mix ingredients, cook for 11 minutes.",
213,Wonton Soup,108,Chef Lee,107,30,137,2025-05-02,A delicious Chinese dish featuring wonton soup.,https://example.com/wonton-soup.jpg,Breakfast,"Chinese, wonton soup",1 cups rice,"garlic, vegetables",4.0,285,519,19,15,50,513,96,3,30,37,4,4 servings,"Recipe for Wonton Soup: Mix ingredients, cook for 107 minutes.",
214,Pani Puri,105,Chef Park,114,11,125,2025-07-18,A delicious Indian dish featuring pani puri.,https://example.com/pani-puri.jpg,Breakfast,"Indian, pani puri",5 cups rice,"tomato, chicken",4.3,292,733,40,18,36,1798,91,11,12,31,4,4 servings,"Recipe for Pani Puri: Mix ingredients, cook for 114 minutes.",
215,Dumplings,111,Chef Choi,110,14,124,2025-07-16,A delicious Chinese dish featuring dumplings.,https://example.com/dumplings.jpg,Dessert,"Chinese, dumplings",5 cups vegetables,"onion, beef",4.2,198,763,49,8,37,1274,81,7,22,36,7,7 servings,"Recipe for Dumplings: Mix ingredients, cook for 110 minutes.",
216,Tom Yum,112,Chef Liu,82,46,128,2025-05-23,A delicious Japanese dish featuring tom yum.,https://example.com/tom-yum.jpg,Main Dish,"Japanese, tom yum",5 cups rice,"onion, beef",4.8,301,582,38,14,23,1848,86,8,22,26,4,4 servings,"Recipe for Tom Yum: Mix ingredients, cook for 82 minutes.",
217,Rogan Josh,114,Chef Yoon,10,9,19,2025-01-23,A delicious Indian dish featuring rogan josh.,https://example.com/rogan-josh.jpg,Dessert,"Indian, rogan josh",5 cups rice,"garlic, tofu",5.0,219,591,31,7,111,1436,97,6,22,40,4,4 servings,"Recipe for Rogan Josh: Mix ingredients, cook for 10 minutes.",
218,Dumplings,118,Chef Wu,117,36,153,2025-06-20,A delicious Chinese dish featuring dumplings.,https://example.com/dumplings.jpg,Main Dish,"Chinese, dumplings",4 cups chicken,"tomato, chicken",4.9,132,638,31,8,81,1395,37,10,23,13,3,3 servings,"Recipe for Dumplings: Mix ingredients, cook for 117 minutes.",
219,Tempura,119,Chef Gupta,51,9,60,2025-08-27,A delicious Thai dish featuring tempura.,https://example.com/tempura.jpg,Side Dish,"Thai, tempura",5 cups chicken,"onion, tofu",4.6,434,590,20,16,42,893,97,10,9,11,3,3 servings,"Recipe for Tempura: Mix ingredients, cook for 51 minutes.",
220,Paneer Tikka,115,Chef Zhang,61,15,76,2024-12-26,A delicious Indian dish featuring paneer tikka.,https://example.com/paneer-tikka.jpg,Soup,"Indian, paneer tikka",5 cups spices,"garlic, chicken",4.7,72,723,25,12,138,1977,39,14,14,18,2,2 servings,"Recipe for Paneer Tikka: Mix ingredients, cook for 61 minutes.",
221,Dumplings,106,Chef Wang,24,57,81,2025-05-28,A delicious Chinese dish featuring dumplings.,https://example.com/dumplings.jpg,Breakfast,"Chinese, dumplings",2 cups chicken,"tomato, vegetables",4.8,461,380,22,7,24,1869,63,4,12,35,6,6 servings,"Recipe for Dumplings: Mix ingredients, cook for 24 minutes.",
222,Banh Mi,114,Chef Yoon,30,55,85,2025-06-26,A delicious Vietnamese dish featuring banh mi.,https://example.com/banh-mi.jpg,Main Dish,"Vietnamese, banh mi",3 cups rice,"tomato, beef",4.6,216,374,39,14,141,497,93,4,17,34,5,5 servings,"Recipe for Banh Mi: Mix ingredients, cook for 30 minutes.",
223,Pani Puri,113,Chef Patel,37,42,79,2024-12-20,A delicious Indian dish featuring pani puri.,https://example.com/pani-puri.jpg,Side Dish,"Indian, pani puri",5 cups rice,"garlic, tofu",4.5,163,493,41,6,48,1994,38,15,24,16,3,3 servings,"Recipe for Pani Puri: Mix ingredients, cook for 37 minutes.",
224,Pad Thai,114,Chef Yoon,36,25,61,2025-08-10,A delicious Thai dish featuring pad thai.,https://example.com/pad-thai.jpg,Main Dish,"Thai, pad thai",4 cups vegetables,"garlic, beef",4.9,406,319,40,5,86,1339,79,10,5,37,8,8 servings,"Recipe for Pad Thai: Mix ingredients, cook for 36 minutes.",
225,Pad Thai,109,Chef Chen,86,59,145,2024-12-14,A delicious Thai dish featuring pad thai.,https://example.com/pad-thai.jpg,Dessert,"Thai, pad thai",1 cups vegetables,"garlic, chicken",4.7,135,524,14,7,92,1551,99,7,11,10,7,7 servings,"Recipe for Pad Thai: Mix ingredients, cook for 86 minutes.",
226,Pad Thai,113,Chef Patel,53,50,103,2025-05-12,A delicious Vietnamese dish featuring pad thai.,https://example.com/pad-thai.jpg,Breakfast,"Vietnamese, pad thai",2 cups vegetables,"garlic, vegetables",4.1,218,494,34,20,88,887,60,14,5,32,4,4 servings,"Recipe for Pad Thai: Mix ingredients, cook for 53 minutes.",
227,Kung Pao Chicken,117,Chef Han,28,46,74,2024-11-27,A delicious Chinese dish featuring kung pao chicken.,https://example.com/kung-pao-chicken.jpg,Snack,"Chinese, kung pao chicken",4 cups spices,"tomato, chicken",4.4,290,544,13,6,52,1458,87,12,6,38,7,7 servings,"Recipe for Kung Pao Chicken: Mix ingredients, cook for 28 minutes.",
228,Green Curry,119,Chef Gupta,120,50,170,2025-05-17,A delicious Japanese dish featuring green curry.,https://example.com/green-curry.jpg,Main Dish,"Japanese, green curry",5 cups chicken,"ginger, vegetables",4.4,451,546,39,20,143,449,76,11,20,24,6,6 servings,"Recipe for Green Curry: Mix ingredients, cook for 120 minutes.",
229,Satay,116,Chef Singh,25,44,69,2025-05-30,A delicious Thai dish featuring satay.,https://example.com/satay.jpg,Breakfast,"Thai, satay",4 cups vegetables,"tomato, tofu",4.7,270,630,27,6,68,1366,65,13,7,22,4,4 servings,"Recipe for Satay: Mix ingredients, cook for 25 minutes.",
230,Pho,106,Chef Wang,82,24,106,2024-11-15,A delicious Vietnamese dish featuring pho.,https://example.com/pho.jpg,Dessert,"Vietnamese, pho",4 cups spices,"onion, vegetables",4.2,128,592,11,8,46,1098,93,7,25,35,4,4 servings,"Recipe for Pho: Mix ingredients, cook for 82 minutes.",
231,Nasi Goreng,109,Chef Chen,85,46,131,2025-01-06,A delicious Japanese dish featuring nasi goreng.,https://example.com/nasi-goreng.jpg,Appetizer,"Japanese, nasi goreng",3 cups rice,"tomato, chicken",4.5,485,734,28,6,88,813,99,12,5,15,7,7 servings,"Recipe for Nasi Goreng: Mix ingredients, cook for 85 minutes.",
232,Mapo Tofu,102,Chef Kim,45,21,66,2025-04-22,A delicious Chinese dish featuring mapo tofu.,https://example.com/mapo-tofu.jpg,Breakfast,"Chinese, mapo tofu",3 cups chicken,"onion, tofu",4.7,140,383,14,15,69,1630,82,15,11,20,5,5 servings,"Recipe for Mapo Tofu: Mix ingredients, cook for 45 minutes.",
233,Pani Puri,117,Chef Han,58,45,103,2025-05-19,A delicious Indian dish featuring pani puri.,https://example.com/pani-puri.jpg,Side Dish,"Indian, pani puri",4 cups vegetables,"tomato, beef",4.1,265,459,25,13,27,1382,63,14,25,29,5,5 servings,"Recipe for Pani Puri: Mix ingredients, cook for 58 minutes.",
234,Pad Thai,104,Chef Ahmed,68,60,128,2025-09-19,A delicious Vietnamese dish featuring pad thai.,https://example.com/pad-thai.jpg,Snack,"Vietnamese, pad thai",2 cups spices,"tomato, tofu",4.9,424,594,40,20,139,443,83,3,30,18,6,6 servings,"Recipe for Pad Thai: Mix ingredients, cook for 68 minutes.",
235,Bulgogi,110,Chef Kumar,52,14,66,2025-03-31,A delicious Korean dish featuring bulgogi.,https://example.com/bulgogi.jpg,Snack,"Korean, bulgogi",5 cups rice,"onion, tofu",4.6,115,538,42,9,41,1681,63,14,16,36,2,2 servings,"Recipe for Bulgogi: Mix ingredients, cook for 52 minutes.",
236,Green Curry,114,Chef Yoon,93,5,98,2025-08-07,A delicious Japanese dish featuring green curry.,https://example.com/green-curry.jpg,Main Dish,"Japanese, green curry",5 cups rice,"tomato, tofu",4.6,174,704,14,16,55,952,31,13,15,13,3,3 servings,"Recipe for Green Curry: Mix ingredients, cook for 93 minutes.",
237,Chana Masala,110,Chef Kumar,58,33,91,2025-07-11,A delicious Indian dish featuring chana masala.,https://example.com/chana-masala.jpg,Soup,"Indian, chana masala",2 cups rice,"tomato, tofu",4.5,120,404,42,18,61,727,84,12,30,32,5,5 servings,"Recipe for Chana Masala: Mix ingredients, cook for 58 minutes.",
238,Kimchi,101,Chef Raj,81,34,115,2024-11-17,A delicious Korean dish featuring kimchi.,https://example.com/kimchi.jpg,Dessert,"Korean, kimchi",2 cups spices,"ginger, chicken",4.9,148,466,18,11,147,1213,64,13,25,30,4,4 servings,"Recipe for Kimchi: Mix ingredients, cook for 81 minutes.",
239,Rajma,112,Chef Liu,114,22,136,2025-04-28,A delicious Indian dish featuring rajma.,https://example.com/rajma.jpg,Main Dish,"Indian, rajma",2 cups rice,"garlic, tofu",5.0,349,221,17,5,125,1950,91,6,15,33,2,2 servings,"Recipe for Rajma: Mix ingredients, cook for 114 minutes.",
240,Green Curry,113,Chef Patel,37,56,93,2024-11-21,A delicious Thai dish featuring green curry.,https://example.com/green-curry.jpg,Soup,"Thai, green curry",5 cups chicken,"tomato, chicken",4.6,497,780,38,13,47,1281,69,14,21,22,5,5 servings,"Recipe for Green Curry: Mix ingredients, cook for 37 minutes.",
241,Aloo Gobi,107,Chef Sharma,104,37,141,2025-01-10,A delicious Indian dish featuring aloo gobi.,https://example.com/aloo-gobi.jpg,Appetizer,"Indian, aloo gobi",5 cups rice,"ginger, chicken",4.6,305,354,43,18,29,1018,53,7,13,15,4,4 servings,"Recipe for Aloo Gobi: Mix ingredients, cook for 104 minutes.",
242,Kimchi,101,Chef Raj,61,42,103,2025-01-25,A delicious Korean dish featuring kimchi.,https://example.com/kimchi.jpg,Soup,"Korean, kimchi",1 cups spices,"garlic, chicken",4.3,339,775,44,10,92,787,66,13,17,40,3,3 servings,"Recipe for Kimchi: Mix ingredients, cook for 61 minutes.",
243,Hot Pot,112,Chef Liu,101,45,146,2024-10-22,A delicious Chinese dish featuring hot pot.,https://example.com/hot-pot.jpg,Soup,"Chinese, hot pot",4 cups rice,"ginger, chicken",4.9,216,289,42,14,24,1253,38,6,6,38,3,3 servings,"Recipe for Hot Pot: Mix ingredients, cook for 101 minutes.",
244,Chana Masala,103,Chef Li,102,38,140,2025-05-01,A delicious Indian dish featuring chana masala.,https://example.com/chana-masala.jpg,Dessert,"Indian, chana masala",1 cups chicken,"garlic, vegetables",4.1,339,483,12,18,63,995,57,14,16,26,3,3 servings,"Recipe for Chana Masala: Mix ingredients, cook for 102 minutes.",
245,Tempura,111,Chef Choi,83,11,94,2025-04-13,A delicious Japanese dish featuring tempura.,https://example.com/tempura.jpg,Soup,"Japanese, tempura",1 cups spices,"onion, chicken",4.9,365,769,42,16,121,1971,69,10,12,23,5,5 servings,"Recipe for Tempura: Mix ingredients, cook for 83 minutes.",
246,Samgyetang,116,Chef Singh,27,59,86,2025-10-02,A delicious Korean dish featuring samgyetang.,https://example.com/samgyetang.jpg,Soup,"Korean, samgyetang",5 cups chicken,"ginger, tofu",4.8,134,262,23,15,78,836,89,3,27,22,4,4 servings,"Recipe for Samgyetang: Mix ingredients, cook for 27 minutes.",
247,Ramen,109,Chef Chen,23,9,32,2025-01-02,A delicious Vietnamese dish featuring ramen.,https://example.com/ramen.jpg,Appetizer,"Vietnamese, ramen",2 cups rice,"garlic, beef",4.1,358,313,13,5,109,650,45,13,12,17,3,3 servings,"Recipe for Ramen: Mix ingredients, cook for 23 minutes.",
248,Butter Chicken,105,Chef Park,39,18,57,2025-09-05,A delicious Indian dish featuring butter chicken.,https://example.com/butter-chicken.jpg,Dessert,"Indian, butter chicken",4 cups chicken,"ginger, vegetables",4.4,426,410,46,8,120,1257,100,6,14,24,7,7 servings,"Recipe for Butter Chicken: Mix ingredients, cook for 39 minutes.",
249,Paneer Tikka,109,Chef Chen,50,18,68,2025-04-15,A delicious Indian dish featuring paneer tikka.,https://example.com/paneer-tikka.jpg,Soup,"Indian, paneer tikka",2 cups rice,"tomato, vegetables",4.1,242,496,37,20,126,1171,87,15,27,33,4,4 servings,"Recipe for Paneer Tikka: Mix ingredients, cook for 50 minutes.",
250,Wonton Soup,106,Chef Wang,27,43,70,2025-10-15,A delicious Chinese dish featuring wonton soup.,https://example.com/wonton-soup.jpg,Appetizer,"Chinese, wonton soup",5 cups chicken,"onion, chicken",4.5,357,547,33,10,137,1858,83,14,5,37,6,6 servings,"Recipe for Wonton Soup: Mix ingredients, cook for 27 minutes.",
251,Kimchi,101,Chef Raj,88,43,131,2025-05-28,A delicious Korean dish featuring kimchi.,https://example.com/kimchi.jpg,Main Dish,"Korean, kimchi",1 cups rice,"onion, beef",4.7,279,218,11,5,64,1808,67,6,8,37,3,3 servings,"Recipe for Kimchi: Mix ingredients, cook for 88 minutes.",
252,Tom Yum,111,Chef Choi,72,9,81,2025-06-25,A delicious Japanese dish featuring tom yum.,https://example.com/tom-yum.jpg,Snack,"Japanese, tom yum",1 cups chicken,"tomato, vegetables",5.0,239,753,13,9,36,1952,45,7,17,31,3,3 servings,"Recipe for Tom Yum: Mix ingredients, cook for 72 minutes.",
253,Samgyetang,120,Chef Jung,60,45,105,2025-02-11,A delicious Korean dish featuring samgyetang.,https://example.com/samgyetang.jpg,Main Dish,"Korean, samgyetang",4 cups chicken,"garlic, chicken",5.0,165,370,10,7,86,1612,76,15,14,28,2,2 servings,"Recipe for Samgyetang: Mix ingredients, cook for 60 minutes.",
254,Kimchi,119,Chef Gupta,42,11,53,2025-02-21,A delicious Korean dish featuring kimchi.,https://example.com/kimchi.jpg,Dessert,"Korean, kimchi",5 cups chicken,"tomato, beef",4.9,146,440,45,17,122,1942,39,10,24,40,8,8 servings,"Recipe for Kimchi: Mix ingredients, cook for 42 minutes.",
255,Wonton Soup,112,Chef Liu,63,26,89,2025-09-08,A delicious Chinese dish featuring wonton soup.,https://example.com/wonton-soup.jpg,Snack,"Chinese, wonton soup",1 cups rice,"ginger, vegetables",4.1,325,762,26,10,75,1109,35,11,24,39,4,4 servings,"Recipe for Wonton Soup: Mix ingredients, cook for 63 minutes.",
256,Banh Mi,112,Chef Liu,103,37,140,2024-11-20,A delicious Thai dish featuring banh mi.,https://example.com/banh-mi.jpg,Soup,"Thai, banh mi",4 cups vegetables,"onion, vegetables",4.9,325,448,18,7,79,1003,36,4,10,11,2,2 servings,"Recipe for Banh Mi: Mix ingredients, cook for 103 minutes.",
257,Rogan Josh,112,Chef Liu,73,36,109,2025-04-30,A delicious Indian dish featuring rogan josh.,https://example.com/rogan-josh.jpg,Appetizer,"Indian, rogan josh",2 cups chicken,"ginger, vegetables",4.9,227,252,38,17,63,1225,67,3,14,36,2,2 servings,"Recipe for Rogan Josh: Mix ingredients, cook for 73 minutes.",
258,Green Curry,113,Chef Patel,104,28,132,2025-03-29,A delicious Vietnamese dish featuring green curry.,https://example.com/green-curry.jpg,Dessert,"Vietnamese, green curry",3 cups rice,"onion, chicken",4.9,449,494,34,11,96,674,48,3,28,40,7,7 servings,"Recipe for Green Curry: Mix ingredients, cook for 104 minutes.",
259,Chana Masala,103,Chef Li,77,43,120,2025-10-02,A delicious Indian dish featuring chana masala.,https://example.com/chana-masala.jpg,Side Dish,"Indian, chana masala",3 cups rice,"ginger, chicken",4.5,291,514,31,10,95,1261,34,7,29,22,7,7 servings,"Recipe for Chana Masala: Mix ingredients, cook for 77 minutes.",
260,Tteokbokki,104,Chef Ahmed,53,48,101,2024-12-09,A delicious Korean dish featuring tteokbokki.,https://example.com/tteokbokki.jpg,Snack,"Korean, tteokbokki",3 cups chicken,"garlic, beef",4.2,310,535,45,13,64,1991,83,7,10,29,5,5 servings,"Recipe for Tteokbokki: Mix ingredients, cook for 53 minutes.",
261,Beijing Duck,107,Chef Sharma,29,36,65,2025-08-06,A delicious Chinese dish featuring beijing duck.,https://example.com/beijing-duck.jpg,Snack,"Chinese, beijing duck",1 cups spices,"garlic, vegetables",4.9,63,205,31,9,103,589,46,13,22,36,6,6 servings,"Recipe for Beijing Duck: Mix ingredients, cook for 29 minutes.",
262,Pho,116,Chef Singh,28,9,37,2025-06-18,A delicious Japanese dish featuring pho.,https://example.com/pho.jpg,Soup,"Japanese, pho",1 cups rice,"tomato, vegetables",4.5,497,781,38,6,90,740,73,6,18,22,3,3 servings,"Recipe for Pho: Mix ingredients, cook for 28 minutes.",
263,Fried Rice,105,Chef Park,25,15,40,2025-04-03,A delicious Chinese dish featuring fried rice.,https://example.com/fried-rice.jpg,Appetizer,"Chinese, fried rice",3 cups vegetables,"ginger, beef",4.0,285,340,45,17,53,906,75,11,23,39,3,3 servings,"Recipe for Fried Rice: Mix ingredients, cook for 25 minutes.",
264,Tempura,111,Chef Choi,51,25,76,2025-07-07,A delicious Vietnamese dish featuring tempura.,https://example.com/tempura.jpg,Snack,"Vietnamese, tempura",2 cups spices,"tomato, chicken",4.7,329,460,33,11,105,1867,92,10,20,11,6,6 servings,"Recipe for Tempura: Mix ingredients, cook for 51 minutes.",
265,Tempura,102,Chef Kim,76,13,89,2025-05-01,A delicious Japanese dish featuring tempura.,https://example.com/tempura.jpg,Side Dish,"Japanese, tempura",2 cups vegetables,"onion, vegetables",4.7,365,634,19,5,139,1764,66,11,21,38,8,8 servings,"Recipe for Tempura: Mix ingredients, cook for 76 minutes.",
266,Pad Thai,109,Chef Chen,76,33,109,2025-08-18,A delicious Thai dish featuring pad thai.,https://example.com/pad-thai.jpg,Snack,"Thai, pad thai",2 cups chicken,"ginger, chicken",4.1,328,267,44,10,120,1830,100,14,16,23,8,8 servings,"Recipe for Pad Thai: Mix ingredients, cook for 76 minutes.",
267,Rogan Josh,113,Chef Patel,48,6,54,2025-03-16,A delicious Indian dish featuring rogan josh.,https://example.com/rogan-josh.jpg,Appetizer,"Indian, rogan josh",5 cups chicken,"onion, chicken",4.7,432,410,33,11,38,969,56,12,14,32,5,5 servings,"Recipe for Rogan Josh: Mix ingredients, cook for 48 minutes.",
268,Samgyetang,118,Chef Wu,101,33,134,2025-08-13,A delicious Korean dish featuring samgyetang.,https://example.com/samgyetang.jpg,Main Dish,"Korean, samgyetang",2 cups rice,"ginger, beef",4.8,72,694,48,8,35,1160,79,5,8,23,6,6 servings,"Recipe for Samgyetang: Mix ingredients, cook for 101 minutes.",
269,Sushi,120,Chef Jung,19,50,69,2025-06-12,A delicious Thai dish featuring sushi.,https://example.com/sushi.jpg,Snack,"Thai, sushi",4 cups vegetables,"ginger, vegetables",4.2,382,734,46,7,66,1569,51,7,21,26,7,7 servings,"Recipe for Sushi: Mix ingredients, cook for 19 minutes.",
270,Tom Yum,101,Chef Raj,66,30,96,2025-04-06,A delicious Japanese dish featuring tom yum.,https://example.com/tom-yum.jpg,Snack,"Japanese, tom yum",4 cups rice,"onion, chicken",4.3,148,367,25,8,128,1752,95,10,8,25,5,5 servings,"Recipe for Tom Yum: Mix ingredients, cook for 66 minutes.",
271,Green Curry,117,Chef Han,19,60,79,2025-01-26,A delicious Vietnamese dish featuring green curry.,https://example.com/green-curry.jpg,Main Dish,"Vietnamese, green curry",2 cups rice,"garlic, beef",4.6,390,491,27,11,38,967,55,4,15,23,7,7 servings,"Recipe for Green Curry: Mix ingredients, cook for 19 minutes.",
272,Tom Yum,115,Chef Zhang,74,47,121,2025-06-11,A delicious Vietnamese dish featuring tom yum.,https://example.com/tom-yum.jpg,Breakfast,"Vietnamese, tom yum",4 cups spices,"garlic, chicken",4.9,175,732,22,5,108,707,38,10,13,31,5,5 servings,"Recipe for Tom Yum: Mix ingredients, cook for 74 minutes.",
273,Samosa,114,Chef Yoon,93,39,132,2024-12-14,A delicious Indian dish featuring samosa.,https://example.com/samosa.jpg,Side Dish,"Indian, samosa",2 cups chicken,"tomato, chicken",4.5,473,636,11,17,73,1763,81,15,24,39,8,8 servings,"Recipe for Samosa: Mix ingredients, cook for 93 minutes.",
274,Green Curry,107,Chef Sharma,109,33,142,2025-07-04,A delicious Thai dish featuring green curry.,https://example.com/green-curry.jpg,Snack,"Thai, green curry",1 cups chicken,"onion, beef",4.4,95,502,15,9,33,1737,44,10,14,20,4,4 servings,"Recipe for Green Curry: Mix ingredients, cook for 109 minutes.",
275,Sushi,120,Chef Jung,37,23,60,2025-03-24,A delicious Vietnamese dish featuring sushi.,https://example.com/sushi.jpg,Main Dish,"Vietnamese, sushi",1 cups spices,"onion, tofu",4.2,475,387,34,12,104,1857,88,13,15,38,2,2 servings,"Recipe for Sushi: Mix ingredients, cook for 37 minutes.",
276,Beijing Duck,106,Chef Wang,57,40,97,2025-03-13,A delicious Chinese dish featuring beijing duck.,https://example.com/beijing-duck.jpg,Soup,"Chinese, beijing duck",2 cups rice,"ginger, tofu",4.8,288,708,19,20,41,1551,65,13,19,17,5,5 servings,"Recipe for Beijing Duck: Mix ingredients, cook for 57 minutes.",
277,Samosa,114,Chef Yoon,98,37,135,2024-12-14,A delicious Indian dish featuring samosa.,https://example.com/samosa.jpg,Snack,"Indian, samosa",2 cups rice,"garlic, tofu",4.8,461,274,45,7,150,883,38,15,7,28,2,2 servings,"Recipe for Samosa: Mix ingredients, cook for 98 minutes.",
278,Spring Rolls,117,Chef Han,43,19,62,2025-04-13,A delicious Chinese dish featuring spring rolls.,https://example.com/spring-rolls.jpg,Breakfast,"Chinese, spring rolls",2 cups spices,"tomato, beef",4.4,335,311,27,15,24,1838,62,8,6,23,7,7 servings,"Recipe for Spring Rolls: Mix ingredients, cook for 43 minutes.",
279,Tempura,110,Chef Kumar,66,28,94,2025-03-31,A delicious Japanese dish featuring tempura.,https://example.com/tempura.jpg,Dessert,"Japanese, tempura",4 cups chicken,"onion, beef",5.0,485,571,29,17,79,795,46,9,26,14,3,3 servings,"Recipe for Tempura: Mix ingredients, cook for 66 minutes.",
280,Ramen,113,Chef Patel,45,41,86,2025-05-13,A delicious Japanese dish featuring ramen.,https://example.com/ramen.jpg,Side Dish,"Japanese, ramen",2 cups rice,"garlic, tofu",4.9,450,202,30,20,47,1258,70,13,12,14,6,6 servings,"Recipe for Ramen: Mix ingredients, cook for 45 minutes.",
281,Sushi,113,Chef Patel,69,20,89,2025-07-18,A delicious Thai dish featuring sushi.,https://example.com/sushi.jpg,Dessert,"Thai, sushi",1 cups spices,"garlic, chicken",4.9,466,356,14,6,88,664,38,5,21,25,3,3 servings,"Recipe for Sushi: Mix ingredients, cook for 69 minutes.",
282,Nasi Goreng,106,Chef Wang,90,26,116,2025-01-13,A delicious Vietnamese dish featuring nasi goreng.,https://example.com/nasi-goreng.jpg,Snack,"Vietnamese, nasi goreng",4 cups spices,"garlic, chicken",4.5,327,516,42,16,126,1943,41,10,9,37,8,8 servings,"Recipe for Nasi Goreng: Mix ingredients, cook for 90 minutes.",
283,Tom Yum,108,Chef Lee,37,60,97,2024-12-10,A delicious Japanese dish featuring tom yum.,https://example.com/tom-yum.jpg,Side Dish,"Japanese, tom yum",3 cups chicken,"ginger, vegetables",4.4,330,312,12,17,102,1457,43,4,6,14,8,8 servings,"Recipe for Tom Yum: Mix ingredients, cook for 37 minutes.",
284,Dosa,115,Chef Zhang,22,34,56,2025-01-30,A delicious Indian dish featuring dosa.,https://example.com/dosa.jpg,Breakfast,"Indian, dosa",1 cups rice,"ginger, tofu",4.6,278,772,26,7,100,1635,87,10,5,16,6,6 servings,"Recipe for Dosa: Mix ingredients, cook for 22 minutes.",
285,Aloo Gobi,105,Chef Park,120,35,155,2025-10-06,A delicious Indian dish featuring aloo gobi.,https://example.com/aloo-gobi.jpg,Snack,"Indian, aloo gobi",3 cups chicken,"onion, beef",4.8,275,607,33,8,96,1223,50,8,11,11,8,8 servings,"Recipe for Aloo Gobi: Mix ingredients, cook for 120 minutes.",
286,Tom Yum,102,Chef Kim,75,34,109,2025-01-21,A delicious Vietnamese dish featuring tom yum.,https://example.com/tom-yum.jpg,Side Dish,"Vietnamese, tom yum",1 cups vegetables,"tomato, chicken",4.9,329,255,45,11,69,1165,36,13,18,22,3,3 servings,"Recipe for Tom Yum: Mix ingredients, cook for 75 minutes.",
287,Pad Thai,112,Chef Liu,78,28,106,2024-10-26,A delicious Thai dish featuring pad thai.,https://example.com/pad-thai.jpg,Dessert,"Thai, pad thai",2 cups rice,"ginger, beef",4.1,282,679,45,10,21,751,84,5,6,21,4,4 servings,"Recipe for Pad Thai: Mix ingredients, cook for 78 minutes.",
288,Kung Pao Chicken,118,Chef Wu,52,24,76,2024-12-17,A delicious Chinese dish featuring kung pao chicken.,https://example.com/kung-pao-chicken.jpg,Breakfast,"Chinese, kung pao chicken",2 cups rice,"onion, vegetables",4.9,116,503,39,20,106,612,98,8,27,25,4,4 servings,"Recipe for Kung Pao Chicken: Mix ingredients, cook for 52 minutes.",
289,Satay,112,Chef Liu,60,45,105,2025-05-02,A delicious Thai dish featuring satay.,https://example.com/satay.jpg,Snack,"Thai, satay",4 cups rice,"garlic, chicken",4.0,427,482,23,19,76,787,99,15,5,23,8,8 servings,"Recipe for Satay: Mix ingredients, cook for 60 minutes.",
290,Biryani,109,Chef Chen,84,15,99,2024-12-13,A delicious Indian dish featuring biryani.,https://example.com/biryani.jpg,Soup,"Indian, biryani",5 cups chicken,"ginger, tofu",5.0,499,688,13,11,129,1578,71,14,11,32,2,2 servings,"Recipe for Biryani: Mix ingredients, cook for 84 minutes.",
291,Kimbap,115,Chef Zhang,32,41,73,2025-09-15,A delicious Korean dish featuring kimbap.,https://example.com/kimbap.jpg,Dessert,"Korean, kimbap",3 cups vegetables,"onion, chicken",4.4,219,529,25,11,112,577,100,12,17,16,7,7 servings,"Recipe for Kimbap: Mix ingredients, cook for 32 minutes.",
292,Wonton Soup,107,Chef Sharma,93,28,121,2024-11-16,A delicious Chinese dish featuring wonton soup.,https://example.com/wonton-soup.jpg,Snack,"Chinese, wonton soup",3 cups rice,"garlic, tofu",4.8,98,354,26,18,120,864,71,8,23,31,4,4 servings,"Recipe for Wonton Soup: Mix ingredients, cook for 93 minutes.",
293,Green Curry,118,Chef Wu,13,33,46,2024-12-02,A delicious Vietnamese dish featuring green curry.,https://example.com/green-curry.jpg,Breakfast,"Vietnamese, green curry",1 cups chicken,"ginger, tofu",4.6,328,664,21,16,31,867,90,13,9,14,3,3 servings,"Recipe for Green Curry: Mix ingredients, cook for 13 minutes.",
294,Banh Mi,103,Chef Li,95,33,128,2025-08-21,A delicious Japanese dish featuring banh mi.,https://example.com/banh-mi.jpg,Dessert,"Japanese, banh mi",2 cups rice,"garlic, tofu",4.1,385,778,13,7,67,1087,91,11,14,20,6,6 servings,"Recipe for Banh Mi: Mix ingredients, cook for 95 minutes.",
295,Tempura,111,Chef Choi,14,10,24,2025-09-29,A delicious Vietnamese dish featuring tempura.,https://example.com/tempura.jpg,Breakfast,"Vietnamese, tempura",5 cups vegetables,"garlic, chicken",4.9,322,306,37,9,31,1313,67,13,17,37,7,7 servings,"Recipe for Tempura: Mix ingredients, cook for 14 minutes.",
296,Bibimbap,120,Chef Jung,24,34,58,2025-03-22,A delicious Korean dish featuring bibimbap.,https://example.com/bibimbap.jpg,Soup,"Korean, bibimbap",2 cups spices,"garlic, chicken",4.5,188,611,15,19,131,1745,52,8,9,29,3,3 servings,"Recipe for Bibimbap: Mix ingredients, cook for 24 minutes.",
297,Nasi Goreng,114,Chef Yoon,53,58,111,2025-02-07,A delicious Vietnamese dish featuring nasi goreng.,https://example.com/nasi-goreng.jpg,Soup,"Vietnamese, nasi goreng",2 cups chicken,"ginger, beef",4.3,280,276,30,20,147,530,97,14,13,36,4,4 servings,"Recipe for Nasi Goreng: Mix ingredients, cook for 53 minutes.",
298,Mapo Tofu,101,Chef Raj,116,44,160,2024-10-27,A delicious Chinese dish featuring mapo tofu.,https://example.com/mapo-tofu.jpg,Appetizer,"Chinese, mapo tofu",4 cups rice,"onion, chicken",4.0,191,476,22,10,144,615,74,7,20,24,7,7 servings,"Recipe for Mapo Tofu: Mix ingredients, cook for 116 minutes.",
299,Wonton Soup,119,Chef Gupta,118,52,170,2024-11-09,A delicious Chinese dish featuring wonton soup.,https://example.com/wonton-soup.jpg,Soup,"Chinese, wonton soup",3 cups rice,"onion, tofu",4.9,395,301,23,18,75,1884,44,8,19,29,8,8 servings,"Recipe for Wonton Soup: Mix ingredients, cook for 118 minutes.",
300,Dumplings,106,Chef Wang,17,8,25,2025-05-29,A delicious Chinese dish featuring dumplings.,https://example.com/dumplings.jpg,Side Dish,"Chinese, dumplings",2 cups chicken,"ginger, vegetables",5.0,224,781,33,9,92,1032,59,5,10,26,4,4 servings,"Recipe for Dumplings: Mix ingredients, cook for 17 minutes.",
301,Green Curry,120,Chef Jung,14,31,45,2025-10-04,A delicious Japanese dish featuring green curry.,https://example.com/green-curry.jpg,Soup,"Japanese, green curry",1 cups chicken,"ginger, tofu",4.5,221,794,20,14,84,715,87,15,26,12,5,5 servings,"Recipe for Green Curry: Mix ingredients, cook for 14 minutes.",
302,Hot Pot,112,Chef Liu,87,56,143,2025-09-15,A delicious Chinese dish featuring hot pot.,https://example.com/hot-pot.jpg,Appetizer,"Chinese, hot pot",3 cups rice,"tomato, chicken",4.8,268,277,21,15,72,1727,67,9,6,18,2,2 servings,"Recipe for Hot Pot: Mix ingredients, cook for 87 minutes.",
303,Nasi Goreng,104,Chef Ahmed,17,60,77,2025-02-22,A delicious Vietnamese dish featuring nasi goreng.,https://example.com/nasi-goreng.jpg,Breakfast,"Vietnamese, nasi goreng",1 cups vegetables,"tomato, vegetables",4.6,274,695,30,17,60,824,59,5,21,29,6,6 servings,"Recipe for Nasi Goreng: Mix ingredients, cook for 17 minutes.",
304,Tempura,108,Chef Lee,84,17,101,2025-01-17,A delicious Thai dish featuring tempura.,https://example.com/tempura.jpg,Breakfast,"Thai, tempura",2 cups rice,"ginger, chicken",4.9,57,380,17,18,61,1086,86,3,16,36,5,5 servings,"Recipe for Tempura: Mix ingredients, cook for 84 minutes.",
305,Tom Yum,101,Chef Raj,23,60,83,2025-04-01,A delicious Japanese dish featuring tom yum.,https://example.com/tom-yum.jpg,Soup,"Japanese, tom yum",1 cups rice,"garlic, tofu",4.5,193,648,29,19,60,1494,94,10,22,16,8,8 servings,"Recipe for Tom Yum: Mix ingredients, cook for 23 minutes.",
306,Green Curry,112,Chef Liu,51,17,68,2025-06-13,A delicious Thai dish featuring green curry.,https://example.com/green-curry.jpg,Appetizer,"Thai, green curry",3 cups chicken,"onion, beef",4.5,485,646,37,15,95,648,49,15,11,11,3,3 servings,"Recipe for Green Curry: Mix ingredients, cook for 51 minutes.",
307,Tempura,114,Chef Yoon,10,59,69,2024-10-28,A delicious Japanese dish featuring tempura.,https://example.com/tempura.jpg,Side Dish,"Japanese, tempura",2 cups spices,"onion, chicken",4.9,203,619,28,5,43,1647,98,13,22,27,5,5 servings,"Recipe for Tempura: Mix ingredients, cook for 10 minutes.",
308,Samgyetang,110,Chef Kumar,27,35,62,2024-10-21,A delicious Korean dish featuring samgyetang.,https://example.com/samgyetang.jpg,Appetizer,"Korean, samgyetang",3 cups spices,"ginger, vegetables",4.0,181,330,33,5,54,647,58,12,16,13,2,2 servings,"Recipe for Samgyetang: Mix ingredients, cook for 27 minutes.",
309,Fried Chicken,101,Chef Raj,110,51,161,2025-08-21,A delicious Korean dish featuring fried chicken.,https://example.com/fried-chicken.jpg,Side Dish,"Korean, fried chicken",5 cups spices,"tomato, vegetables",4.4,406,580,16,7,126,1284,69,4,28,26,3,3 servings,"Recipe for Fried Chicken: Mix ingredients, cook for 110 minutes.",
310,Bulgogi,120,Chef Jung,42,55,97,2024-10-27,A delicious Korean dish featuring bulgogi.,https://example.com/bulgogi.jpg,Dessert,"Korean, bulgogi",5 cups vegetables,"garlic, chicken",4.5,229,692,31,14,43,1164,82,10,30,37,7,7 servings,"Recipe for Bulgogi: Mix ingredients, cook for 42 minutes.",
311,Rajma,108,Chef Lee,109,29,138,2025-08-06,A delicious Indian dish featuring rajma.,https://example.com/rajma.jpg,Breakfast,"Indian, rajma",4 cups vegetables,"ginger, beef",4.4,390,280,38,6,22,1105,36,13,18,22,2,2 servings,"Recipe for Rajma: Mix ingredients, cook for 109 minutes.",
312,Kimchi Jjigae,120,Chef Jung,11,21,32,2025-09-15,A delicious Korean dish featuring kimchi jjigae.,https://example.com/kimchi-jjigae.jpg,Snack,"Korean, kimchi jjigae",1 cups chicken,"garlic, beef",4.9,173,387,20,9,41,1731,70,10,24,40,4,4 servings,"Recipe for Kimchi Jjigae: Mix ingredients, cook for 11 minutes.",
313,Sushi,113,Chef Patel,84,43,127,2025-09-07,A delicious Thai dish featuring sushi.,https://example.com/sushi.jpg,Side Dish,"Thai, sushi",1 cups rice,"garlic, beef",4.2,114,377,46,13,49,875,66,3,8,27,3,3 servings,"Recipe for Sushi: Mix ingredients, cook for 84 minutes.",
314,Sweet and Sour Pork,117,Chef Han,59,8,67,2025-08-23,A delicious Chinese dish featuring sweet and sour pork.,https://example.com/sweet-and-sour-pork.jpg,Breakfast,"Chinese, sweet and sour pork",3 cups rice,"tomato, tofu",4.5,104,437,41,11,141,443,38,13,7,13,2,2 servings,"Recipe for Sweet and Sour Pork: Mix ingredients, cook for 59 minutes.",
315,Mapo Tofu,104,Chef Ahmed,73,51,124,2024-12-27,A delicious Chinese dish featuring mapo tofu.,https://example.com/mapo-tofu.jpg,Dessert,"Chinese, mapo tofu",1 cups rice,"ginger, tofu",4.1,267,285,35,18,133,1680,41,4,30,40,8,8 servings,"Recipe for Mapo Tofu: Mix ingredients, cook for 73 minutes.",
316,Tom Yum,113,Chef Patel,91,44,135,2025-09-10,A delicious Thai dish featuring tom yum.,https://example.com/tom-yum.jpg,Appetizer,"Thai, tom yum",5 cups vegetables,"tomato, chicken",5.0,58,720,45,5,92,879,70,8,25,32,7,7 servings,"Recipe for Tom Yum: Mix ingredients, cook for 91 minutes.",
317,Banh Mi,103,Chef Li,108,39,147,2025-01-20,A delicious Thai dish featuring banh mi.,https://example.com/banh-mi.jpg,Main Dish,"Thai, banh mi",4 cups chicken,"garlic, chicken",4.5,255,203,29,12,42,507,41,13,17,20,4,4 servings,"Recipe for Banh Mi: Mix ingredients, cook for 108 minutes.",
318,Tempura,101,Chef Raj,93,5,98,2025-07-08,A delicious Vietnamese dish featuring tempura.,https://example.com/tempura.jpg,Snack,"Vietnamese, tempura",4 cups vegetables,"ginger, chicken",4.7,444,764,21,7,61,1263,95,7,5,30,7,7 servings,"Recipe for Tempura: Mix ingredients, cook for 93 minutes.",
319,Fried Chicken,109,Chef Chen,94,55,149,2025-07-18,A delicious Korean dish featuring fried chicken.,https://example.com/fried-chicken.jpg,Side Dish,"Korean, fried chicken",4 cups rice,"onion, tofu",4.0,428,575,24,19,145,1622,55,3,27,34,4,4 servings,"Recipe for Fried Chicken: Mix ingredients, cook for 94 minutes.",
320,Kimbap,106,Chef Wang,56,46,102,2024-12-27,A delicious Korean dish featuring kimbap.,https://example.com/kimbap.jpg,Snack,"Korean, kimbap",5 cups vegetables,"ginger, chicken",4.7,281,256,43,12,30,852,87,4,15,12,4,4 servings,"Recipe for Kimbap: Mix ingredients, cook for 56 minutes.",
321,Green Curry,104,Chef Ahmed,50,39,89,2025-09-01,A delicious Vietnamese dish featuring green curry.,https://example.com/green-curry.jpg,Main Dish,"Vietnamese, green curry",4 cups vegetables,"garlic, beef",4.1,250,283,43,17,104,1046,49,10,29,10,2,2 servings,"Recipe for Green Curry: Mix ingredients, cook for 50 minutes.",
322,Biryani,108,Chef Lee,119,59,178,2025-09-02,A delicious Indian dish featuring biryani.,https://example.com/biryani.jpg,Snack,"Indian, biryani",2 cups chicken,"ginger, beef",4.8,96,796,41,20,125,1741,59,14,21,30,2,2 servings,"Recipe for Biryani: Mix ingredients, cook for 119 minutes.",
323,Bulgogi,118,Chef Wu,30,25,55,2025-08-13,A delicious Korean dish featuring bulgogi.,https://example.com/bulgogi.jpg,Snack,"Korean, bulgogi",1 cups vegetables,"onion, chicken",4.1,354,367,30,10,54,990,98,15,5,37,8,8 servings,"Recipe for Bulgogi: Mix ingredients, cook for 30 minutes.",
324,Tom Yum,106,Chef Wang,106,8,114,2025-01-24,A delicious Vietnamese dish featuring tom yum.,https://example.com/tom-yum.jpg,Main Dish,"Vietnamese, tom yum",5 cups chicken,"garlic, beef",4.3,92,437,31,16,109,1475,80,13,27,19,5,5 servings,"Recipe for Tom Yum: Mix ingredients, cook for 106 minutes.",
325,Sushi,107,Chef Sharma,119,47,166,2024-12-05,A delicious Vietnamese dish featuring sushi.,https://example.com/sushi.jpg,Dessert,"Vietnamese, sushi",2 cups rice,"garlic, chicken",4.8,448,789,26,8,99,825,53,7,10,23,4,4 servings,"Recipe for Sushi: Mix ingredients, cook for 119 minutes.",
326,Tom Yum,105,Chef Park,48,9,57,2024-10-29,A delicious Thai dish featuring tom yum.,https://example.com/tom-yum.jpg,Side Dish,"Thai, tom yum",1 cups chicken,"ginger, chicken",4.9,294,571,24,17,33,1950,42,4,5,16,5,5 servings,"Recipe for Tom Yum: Mix ingredients, cook for 48 minutes.",
327,Ramen,116,Chef Singh,35,22,57,2025-07-18,A delicious Thai dish featuring ramen.,https://example.com/ramen.jpg,Appetizer,"Thai, ramen",3 cups rice,"garlic, vegetables",4.2,269,735,23,15,112,1816,69,4,24,23,2,2 servings,"Recipe for Ramen: Mix ingredients, cook for 35 minutes.",
328,Japchae,118,Chef Wu,48,22,70,2025-09-13,A delicious Korean dish featuring japchae.,https://example.com/japchae.jpg,Side Dish,"Korean, japchae",3 cups rice,"garlic, tofu",4.1,430,378,28,18,124,897,90,13,5,16,8,8 servings,"Recipe for Japchae: Mix ingredients, cook for 48 minutes.",
329,Pad Thai,116,Chef Singh,24,52,76,2025-07-05,A delicious Vietnamese dish featuring pad thai.,https://example.com/pad-thai.jpg,Side Dish,"Vietnamese, pad thai",4 cups rice,"garlic, tofu",4.3,266,561,34,9,142,1221,70,5,27,15,6,6 servings,"Recipe for Pad Thai: Mix ingredients, cook for 24 minutes.",
330,Banh Mi,106,Chef Wang,101,21,122,2025-02-18,A delicious Vietnamese dish featuring banh mi.,https://example.com/banh-mi.jpg,Breakfast,"Vietnamese, banh mi",3 cups spices,"onion, chicken",4.4,251,286,25,19,99,1419,98,10,12,20,4,4 servings,"Recipe for Banh Mi: Mix ingredients, cook for 101 minutes.",
331,Rogan Josh,117,Chef Han,14,38,52,2025-06-05,A delicious Indian dish featuring rogan josh.,https://example.com/rogan-josh.jpg,Breakfast,"Indian, rogan josh",5 cups vegetables,"onion, beef",4.9,307,533,22,17,37,660,51,11,15,17,8,8 servings,"Recipe for Rogan Josh: Mix ingredients, cook for 14 minutes.",
332,Ramen,110,Chef Kumar,96,29,125,2025-04-03,A delicious Thai dish featuring ramen.,https://example.com/ramen.jpg,Main Dish,"Thai, ramen",3 cups spices,"onion, chicken",4.5,338,520,44,8,44,1597,30,7,13,37,5,5 servings,"Recipe for Ramen: Mix ingredients, cook for 96 minutes.",
333,Satay,113,Chef Patel,11,55,66,2025-05-28,A delicious Vietnamese dish featuring satay.,https://example.com/satay.jpg,Snack,"Vietnamese, satay",1 cups chicken,"tomato, chicken",4.3,71,787,46,13,41,1646,77,9,6,35,4,4 servings,"Recipe for Satay: Mix ingredients, cook for 11 minutes.",
334,Banh Mi,105,Chef Park,78,10,88,2024-12-12,A delicious Japanese dish featuring banh mi.,https://example.com/banh-mi.jpg,Soup,"Japanese, banh mi",3 cups chicken,"tomato, vegetables",4.9,51,492,13,6,113,1519,82,9,9,12,6,6 servings,"Recipe for Banh Mi: Mix ingredients, cook for 78 minutes.",
335,Kimbap,119,Chef Gupta,72,7,79,2025-01-07,A delicious Korean dish featuring kimbap.,https://example.com/kimbap.jpg,Side Dish,"Korean, kimbap",3 cups rice,"onion, vegetables",4.9,373,622,25,7,98,466,85,13,20,17,2,2 servings,"Recipe for Kimbap: Mix ingredients, cook for 72 minutes.",
336,Aloo Gobi,108,Chef Lee,50,10,60,2025-06-15,A delicious Indian dish featuring aloo gobi.,https://example.com/aloo-gobi.jpg,Soup,"Indian, aloo gobi",1 cups chicken,"tomato, beef",4.9,465,383,17,6,51,530,34,4,26,11,7,7 servings,"Recipe for Aloo Gobi: Mix ingredients, cook for 50 minutes.",
337,Pho,106,Chef Wang,84,16,100,2025-04-04,A delicious Japanese dish featuring pho.,https://example.com/pho.jpg,Appetizer,"Japanese, pho",5 cups spices,"garlic, tofu",4.0,295,656,45,13,108,1261,68,3,30,38,7,7 servings,"Recipe for Pho: Mix ingredients, cook for 84 minutes.",
338,Tempura,110,Chef Kumar,83,27,110,2025-06-30,A delicious Japanese dish featuring tempura.,https://example.com/tempura.jpg,Main Dish,"Japanese, tempura",2 cups spices,"onion, beef",4.7,353,445,50,16,134,435,77,11,11,13,8,8 servings,"Recipe for Tempura: Mix ingredients, cook for 83 minutes.",
339,Biryani,110,Chef Kumar,100,29,129,2025-09-09,A delicious Indian dish featuring biryani.,https://example.com/biryani.jpg,Side Dish,"Indian, biryani",1 cups spices,"ginger, chicken",4.8,156,283,32,17,100,1123,65,9,24,15,7,7 servings,"Recipe for Biryani: Mix ingredients, cook for 100 minutes.",
340,Tom Yum,118,Chef Wu,35,51,86,2025-09-11,A delicious Vietnamese dish featuring tom yum.,https://example.com/tom-yum.jpg,Snack,"Vietnamese, tom yum",2 cups vegetables,"ginger, vegetables",4.1,80,747,37,7,121,1832,83,6,12,39,4,4 servings,"Recipe for Tom Yum: Mix ingredients, cook for 35 minutes.",
341,Tom Yum,101,Chef Raj,111,25,136,2025-03-27,A delicious Vietnamese dish featuring tom yum.,https://example.com/tom-yum.jpg,Soup,"Vietnamese, tom yum",4 cups rice,"onion, beef",4.8,210,559,50,6,34,1064,38,3,25,35,7,7 servings,"Recipe for Tom Yum: Mix ingredients, cook for 111 minutes.",
342,Rajma,110,Chef Kumar,119,14,133,2025-01-27,A delicious Indian dish featuring rajma.,https://example.com/rajma.jpg,Side Dish,"Indian, rajma",5 cups vegetables,"tomato, tofu",4.5,233,532,45,6,90,555,42,3,11,11,6,6 servings,"Recipe for Rajma: Mix ingredients, cook for 119 minutes.",
343,Tempura,106,Chef Wang,18,39,57,2025-03-08,A delicious Thai dish featuring tempura.,https://example.com/tempura.jpg,Side Dish,"Thai, tempura",4 cups vegetables,"garlic, beef",4.1,375,261,20,12,104,1430,78,10,20,40,7,7 servings,"Recipe for Tempura: Mix ingredients, cook for 18 minutes.",
344,Tempura,116,Chef Singh,72,45,117,2025-05-07,A delicious Japanese dish featuring tempura.,https://example.com/tempura.jpg,Breakfast,"Japanese, tempura",1 cups chicken,"ginger, chicken",4.4,341,276,46,16,68,1150,49,9,28,24,8,8 servings,"Recipe for Tempura: Mix ingredients, cook for 72 minutes.",
345,Pho,109,Chef Chen,102,20,122,2025-05-30,A delicious Thai dish featuring pho.,https://example.com/pho.jpg,Snack,"Thai, pho",4 cups vegetables,"garlic, tofu",4.8,278,424,13,20,34,1944,67,13,23,20,2,2 servings,"Recipe for Pho: Mix ingredients, cook for 102 minutes.",
346,Samgyetang,102,Chef Kim,35,22,57,2025-02-01,A delicious Korean dish featuring samgyetang.,https://example.com/samgyetang.jpg,Soup,"Korean, samgyetang",2 cups spices,"ginger, tofu",4.8,401,363,48,13,141,577,70,4,6,24,3,3 servings,"Recipe for Samgyetang: Mix ingredients, cook for 35 minutes.",
347,Sushi,115,Chef Zhang,83,8,91,2025-07-03,A delicious Japanese dish featuring sushi.,https://example.com/sushi.jpg,Snack,"Japanese, sushi",5 cups spices,"onion, chicken",4.7,304,569,23,14,128,799,71,9,23,28,6,6 servings,"Recipe for Sushi: Mix ingredients, cook for 83 minutes.",
348,Butter Chicken,108,Chef Lee,45,33,78,2025-07-10,A delicious Indian dish featuring butter chicken.,https://example.com/butter-chicken.jpg,Breakfast,"Indian, butter chicken",5 cups vegetables,"ginger, vegetables",4.2,277,592,28,9,70,1157,98,10,13,29,8,8 servings,"Recipe for Butter Chicken: Mix ingredients, cook for 45 minutes.",
349,Kimchi,101,Chef Raj,109,27,136,2025-06-12,A delicious Korean dish featuring kimchi.,https://example.com/kimchi.jpg,Snack,"Korean, kimchi",3 cups vegetables,"garlic, tofu",4.2,300,736,36,13,137,1201,93,15,22,29,8,8 servings,"Recipe for Kimchi: Mix ingredients, cook for 109 minutes.",
350,Tom Yum,102,Chef Kim,98,5,103,2025-09-24,A delicious Japanese dish featuring tom yum.,https://example.com/tom-yum.jpg,Dessert,"Japanese, tom yum",2 cups rice,"ginger, tofu",4.2,123,766,13,11,117,1735,94,4,5,29,2,2 servings,"Recipe for Tom Yum: Mix ingredients, cook for 98 minutes.",
351,Sweet and Sour Pork,112,Chef Liu,34,48,82,2024-10-18,A delicious Chinese dish featuring sweet and sour pork.,https://example.com/sweet-and-sour-pork.jpg,Side Dish,"Chinese, sweet and sour pork",3 cups rice,"onion, beef",4.3,346,360,26,8,27,1733,70,6,9,11,6,6 servings,"Recipe for Sweet and Sour Pork: Mix ingredients, cook for 34 minutes.",
352,Rogan Josh,115,Chef Zhang,109,28,137,2024-11-16,A delicious Indian dish featuring rogan josh.,https://example.com/rogan-josh.jpg,Main Dish,"Indian, rogan josh",1 cups spices,"tomato, beef",5.0,358,460,28,9,120,1091,35,14,23,26,7,7 servings,"Recipe for Rogan Josh: Mix ingredients, cook for 109 minutes.",
353,Japchae,101,Chef Raj,98,13,111,2025-01-03,A delicious Korean dish featuring japchae.,https://example.com/japchae.jpg,Side Dish,"Korean, japchae",4 cups rice,"garlic, tofu",4.2,407,465,11,16,42,1913,72,15,5,24,4,4 servings,"Recipe for Japchae: Mix ingredients, cook for 98 minutes.",
354,Bibimbap,115,Chef Zhang,116,10,126,2024-10-20,A delicious Korean dish featuring bibimbap.,https://example.com/bibimbap.jpg,Side Dish,"Korean, bibimbap",5 cups vegetables,"ginger, tofu",4.4,74,724,46,12,146,1405,58,6,22,34,8,8 servings,"Recipe for Bibimbap: Mix ingredients, cook for 116 minutes.",
355,Satay,116,Chef Singh,107,42,149,2025-02-11,A delicious Thai dish featuring satay.,https://example.com/satay.jpg,Snack,"Thai, satay",5 cups chicken,"ginger, beef",4.0,103,598,48,6,48,852,30,7,7,28,3,3 servings,"Recipe for Satay: Mix ingredients, cook for 107 minutes.",
356,Pho,109,Chef Chen,58,60,118,2025-06-22,A delicious Japanese dish featuring pho.,https://example.com/pho.jpg,Breakfast,"Japanese, pho",4 cups rice,"tomato, beef",4.3,105,703,31,19,108,1704,52,4,17,10,3,3 servings,"Recipe for Pho: Mix ingredients, cook for 58 minutes.",
357,Paneer Tikka,101,Chef Raj,90,23,113,2024-10-30,A delicious Indian dish featuring paneer tikka.,https://example.com/paneer-tikka.jpg,Snack,"Indian, paneer tikka",4 cups chicken,"tomato, tofu",4.3,114,709,33,5,124,1855,35,6,25,30,8,8 servings,"Recipe for Paneer Tikka: Mix ingredients, cook for 90 minutes.",
358,Fried Rice,106,Chef Wang,82,31,113,2025-08-19,A delicious Chinese dish featuring fried rice.,https://example.com/fried-rice.jpg,Appetizer,"Chinese, fried rice",1 cups rice,"garlic, vegetables",4.4,300,452,26,13,23,448,62,4,26,28,6,6 servings,"Recipe for Fried Rice: Mix ingredients, cook for 82 minutes.",
359,Banh Mi,107,Chef Sharma,74,42,116,2024-11-22,A delicious Japanese dish featuring banh mi.,https://example.com/banh-mi.jpg,Main Dish,"Japanese, banh mi",5 cups vegetables,"onion, chicken",4.9,383,283,12,20,111,838,68,13,25,22,2,2 servings,"Recipe for Banh Mi: Mix ingredients, cook for 74 minutes.",
360,Sushi,107,Chef Sharma,119,41,160,2024-11-26,A delicious Japanese dish featuring sushi.,https://example.com/sushi.jpg,Breakfast,"Japanese, sushi",4 cups vegetables,"tomato, tofu",4.4,427,336,48,12,89,1621,37,3,23,37,8,8 servings,"Recipe for Sushi: Mix ingredients, cook for 119 minutes.",
361,Butter Chicken,107,Chef Sharma,15,41,56,2024-12-15,A delicious Indian dish featuring butter chicken.,https://example.com/butter-chicken.jpg,Side Dish,"Indian, butter chicken",2 cups vegetables,"tomato, vegetables",4.2,374,658,42,10,20,416,93,7,27,26,8,8 servings,"Recipe for Butter Chicken: Mix ingredients, cook for 15 minutes.",
362,Green Curry,118,Chef Wu,24,19,43,2024-10-19,A delicious Japanese dish featuring green curry.,https://example.com/green-curry.jpg,Snack,"Japanese, green curry",5 cups chicken,"onion, beef",4.0,476,428,29,20,100,921,61,10,5,29,5,5 servings,"Recipe for Green Curry: Mix ingredients, cook for 24 minutes.",
363,Kimbap,101,Chef Raj,92,22,114,2025-06-16,A delicious Korean dish featuring kimbap.,https://example.com/kimbap.jpg,Main Dish,"Korean, kimbap",1 cups spices,"onion, vegetables",4.2,65,371,37,12,48,690,39,3,26,19,4,4 servings,"Recipe for Kimbap: Mix ingredients, cook for 92 minutes.",
364,Rajma,115,Chef Zhang,11,52,63,2024-11-20,A delicious Indian dish featuring rajma.,https://example.com/rajma.jpg,Main Dish,"Indian, rajma",2 cups rice,"tomato, tofu",4.0,372,779,37,20,51,1972,80,9,17,29,6,6 servings,"Recipe for Rajma: Mix ingredients, cook for 11 minutes.",
365,Pani Puri,106,Chef Wang,65,23,88,2025-01-18,A delicious Indian dish featuring pani puri.,https://example.com/pani-puri.jpg,Snack,"Indian, pani puri",3 cups rice,"onion, beef",4.1,476,289,49,12,50,636,44,5,26,39,3,3 servings,"Recipe for Pani Puri: Mix ingredients, cook for 65 minutes.",
366,Ramen,103,Chef Li,40,35,75,2024-12-15,A delicious Vietnamese dish featuring ramen.,https://example.com/ramen.jpg,Snack,"Vietnamese, ramen",2 cups chicken,"garlic, tofu",4.5,401,542,41,10,41,1587,41,4,29,38,2,2 servings,"Recipe for Ramen: Mix ingredients, cook for 40 minutes.",
367,Japchae,102,Chef Kim,15,60,75,2025-08-03,A delicious Korean dish featuring japchae.,https://example.com/japchae.jpg,Dessert,"Korean, japchae",4 cups spices,"garlic, chicken",4.9,247,372,35,16,47,973,70,9,13,31,3,3 servings,"Recipe for Japchae: Mix ingredients, cook for 15 minutes.",
368,Green Curry,102,Chef Kim,120,53,173,2025-01-02,A delicious Japanese dish featuring green curry.,https://example.com/green-curry.jpg,Dessert,"Japanese, green curry",5 cups chicken,"ginger, tofu",4.1,373,503,48,20,78,627,65,10,6,28,7,7 servings,"Recipe for Green Curry: Mix ingredients, cook for 120 minutes.",
369,Dosa,109,Chef Chen,16,56,72,2024-12-22,A delicious Indian dish featuring dosa.,https://example.com/dosa.jpg,Dessert,"Indian, dosa",4 cups spices,"garlic, beef",4.9,88,638,21,19,80,894,99,10,25,22,6,6 servings,"Recipe for Dosa: Mix ingredients, cook for 16 minutes.",
370,Kimchi,115,Chef Zhang,87,26,113,2024-11-05,A delicious Korean dish featuring kimchi.,https://example.com/kimchi.jpg,Appetizer,"Korean, kimchi",1 cups spices,"ginger, tofu",4.0,330,455,10,17,70,1010,79,14,7,16,2,2 servings,"Recipe for Kimchi: Mix ingredients, cook for 87 minutes.",
371,Beijing Duck,102,Chef Kim,28,8,36,2025-01-15,A delicious Chinese dish featuring beijing duck.,https://example.com/beijing-duck.jpg,Soup,"Chinese, beijing duck",5 cups chicken,"onion, chicken",4.6,429,754,49,14,83,1587,72,3,7,14,2,2 servings,"Recipe for Beijing Duck: Mix ingredients, cook for 28 minutes.",
372,Ramen,117,Chef Han,94,53,147,2025-08-06,A delicious Thai dish featuring ramen.,https://example.com/ramen.jpg,Appetizer,"Thai, ramen",1 cups spices,"onion, vegetables",4.6,419,490,42,7,54,1379,60,6,7,11,5,5 servings,"Recipe for Ramen: Mix ingredients, cook for 94 minutes.",
373,Paneer Tikka,119,Chef Gupta,89,12,101,2025-07-23,A delicious Indian dish featuring paneer tikka.,https://example.com/paneer-tikka.jpg,Dessert,"Indian, paneer tikka",1 cups vegetables,"onion, chicken",4.6,208,695,13,16,144,1047,85,4,11,32,8,8 servings,"Recipe for Paneer Tikka: Mix ingredients, cook for 89 minutes.",
374,Fried Rice,119,Chef Gupta,61,26,87,2024-12-03,A delicious Chinese dish featuring fried rice.,https://example.com/fried-rice.jpg,Breakfast,"Chinese, fried rice",4 cups rice,"ginger, tofu",4.8,178,492,42,5,129,614,82,13,6,14,2,2 servings,"Recipe for Fried Rice: Mix ingredients, cook for 61 minutes.",
375,Sushi,101,Chef Raj,69,36,105,2025-05-06,A delicious Japanese dish featuring sushi.,https://example.com/sushi.jpg,Soup,"Japanese, sushi",3 cups vegetables,"ginger, beef",4.4,470,568,22,17,128,1263,93,15,19,38,4,4 servings,"Recipe for Sushi: Mix ingredients, cook for 69 minutes.",
376,Green Curry,114,Chef Yoon,30,16,46,2025-03-26,A delicious Vietnamese dish featuring green curry.,https://example.com/green-curry.jpg,Appetizer,"Vietnamese, green curry",5 cups rice,"garlic, beef",4.8,114,250,40,9,58,1044,67,11,14,20,2,2 servings,"Recipe for Green Curry: Mix ingredients, cook for 30 minutes.",
377,Kimbap,116,Chef Singh,23,39,62,2025-08-07,A delicious Korean dish featuring kimbap.,https://example.com/kimbap.jpg,Side Dish,"Korean, kimbap",4 cups chicken,"garlic, beef",4.6,273,606,48,10,106,781,58,14,18,23,7,7 servings,"Recipe for Kimbap: Mix ingredients, cook for 23 minutes.",
378,Tempura,117,Chef Han,97,17,114,2025-01-31,A delicious Vietnamese dish featuring tempura.,https://example.com/tempura.jpg,Breakfast,"Vietnamese, tempura",4 cups vegetables,"garlic, vegetables",4.8,94,327,28,17,148,1493,86,4,29,26,6,6 servings,"Recipe for Tempura: Mix ingredients, cook for 97 minutes.",
379,Pho,103,Chef Li,115,29,144,2024-12-30,A delicious Thai dish featuring pho.,https://example.com/pho.jpg,Snack,"Thai, pho",2 cups spices,"garlic, chicken",4.6,266,273,36,12,30,1072,83,13,30,34,3,3 servings,"Recipe for Pho: Mix ingredients, cook for 115 minutes.",
380,Paneer Tikka,106,Chef Wang,43,28,71,2025-06-29,A delicious Indian dish featuring paneer tikka.,https://example.com/paneer-tikka.jpg,Soup,"Indian, paneer tikka",4 cups spices,"ginger, vegetables",4.1,141,369,21,11,48,820,65,6,8,25,8,8 servings,"Recipe for Paneer Tikka: Mix ingredients, cook for 43 minutes.",
381,Tom Yum,117,Chef Han,14,8,22,2025-03-09,A delicious Thai dish featuring tom yum.,https://example.com/tom-yum.jpg,Appetizer,"Thai, tom yum",2 cups spices,"tomato, chicken",4.4,461,441,43,19,89,1039,49,11,25,11,8,8 servings,"Recipe for Tom Yum: Mix ingredients, cook for 14 minutes.",
382,Aloo Gobi,101,Chef Raj,61,53,114,2024-10-18,A delicious Indian dish featuring aloo gobi.,https://example.com/aloo-gobi.jpg,Snack,"Indian, aloo gobi",3 cups rice,"onion, beef",4.1,257,772,31,9,68,1883,34,9,12,31,6,6 servings,"Recipe for Aloo Gobi: Mix ingredients, cook for 61 minutes.",
383,Fried Chicken,114,Chef Yoon,108,19,127,2024-10-29,A delicious Korean dish featuring fried chicken.,https://example.com/fried-chicken.jpg,Soup,"Korean, fried chicken",2 cups chicken,"tomato, chicken",4.2,407,693,34,14,28,1837,86,7,24,25,3,3 servings,"Recipe for Fried Chicken: Mix ingredients, cook for 108 minutes.",
384,Kimbap,118,Chef Wu,16,34,50,2025-02-07,A delicious Korean dish featuring kimbap.,https://example.com/kimbap.jpg,Main Dish,"Korean, kimbap",1 cups vegetables,"garlic, beef",4.2,96,708,36,12,74,1064,33,4,10,16,2,2 servings,"Recipe for Kimbap: Mix ingredients, cook for 16 minutes.",
385,Tempura,109,Chef Chen,38,60,98,2025-05-29,A delicious Japanese dish featuring tempura.,https://example.com/tempura.jpg,Main Dish,"Japanese, tempura",2 cups vegetables,"tomato, vegetables",4.1,451,765,33,19,105,1112,33,11,16,36,2,2 servings,"Recipe for Tempura: Mix ingredients, cook for 38 minutes.",
386,Spring Rolls,102,Chef Kim,120,32,152,2025-01-22,A delicious Chinese dish featuring spring rolls.,https://example.com/spring-rolls.jpg,Breakfast,"Chinese, spring rolls",4 cups chicken,"ginger, beef",4.1,77,366,44,5,139,607,57,5,24,13,6,6 servings,"Recipe for Spring Rolls: Mix ingredients, cook for 120 minutes.",
387,Pho,104,Chef Ahmed,26,28,54,2025-09-22,A delicious Thai dish featuring pho.,https://example.com/pho.jpg,Breakfast,"Thai, pho",1 cups vegetables,"onion, beef",4.9,152,725,49,12,124,632,88,15,11,38,4,4 servings,"Recipe for Pho: Mix ingredients, cook for 26 minutes.",
388,Ramen,102,Chef Kim,107,53,160,2025-09-03,A delicious Thai dish featuring ramen.,https://example.com/ramen.jpg,Breakfast,"Thai, ramen",1 cups rice,"garlic, chicken",4.7,210,562,41,15,91,429,52,15,6,15,5,5 servings,"Recipe for Ramen: Mix ingredients, cook for 107 minutes.",
389,Sweet and Sour Pork,110,Chef Kumar,61,30,91,2024-12-16,A delicious Chinese dish featuring sweet and sour pork.,https://example.com/sweet-and-sour-pork.jpg,Main Dish,"Chinese, sweet and sour pork",4 cups rice,"onion, tofu",4.1,251,550,46,18,144,954,62,10,18,35,3,3 servings,"Recipe for Sweet and Sour Pork: Mix ingredients, cook for 61 minutes.",
390,Tom Yum,103,Chef Li,90,23,113,2025-07-05,A delicious Vietnamese dish featuring tom yum.,https://example.com/tom-yum.jpg,Dessert,"Vietnamese, tom yum",5 cups rice,"onion, chicken",4.0,217,310,41,19,132,1409,58,10,6,37,8,8 servings,"Recipe for Tom Yum: Mix ingredients, cook for 90 minutes.",
391,Dosa,116,Chef Singh,43,49,92,2025-04-12,A delicious Indian dish featuring dosa.,https://example.com/dosa.jpg,Snack,"Indian, dosa",3 cups spices,"garlic, chicken",4.5,475,262,35,15,72,733,55,3,13,19,5,5 servings,"Recipe for Dosa: Mix ingredients, cook for 43 minutes.",
392,Butter Chicken,113,Chef Patel,41,29,70,2025-05-19,A delicious Indian dish featuring butter chicken.,https://example.com/butter-chicken.jpg,Snack,"Indian, butter chicken",5 cups rice,"onion, tofu",4.6,119,551,26,12,116,1608,68,12,20,32,2,2 servings,"Recipe for Butter Chicken: Mix ingredients, cook for 41 minutes.",
393,Green Curry,118,Chef Wu,92,28,120,2024-12-02,A delicious Japanese dish featuring green curry.,https://example.com/green-curry.jpg,Side Dish,"Japanese, green curry",4 cups chicken,"garlic, tofu",4.7,496,481,29,12,150,1159,99,6,15,32,4,4 servings,"Recipe for Green Curry: Mix ingredients, cook for 92 minutes.",
394,Banh Mi,119,Chef Gupta,89,38,127,2025-03-20,A delicious Vietnamese dish featuring banh mi.,https://example.com/banh-mi.jpg,Side Dish,"Vietnamese, banh mi",3 cups vegetables,"onion, chicken",4.0,250,206,41,17,108,1938,69,8,21,14,6,6 servings,"Recipe for Banh Mi: Mix ingredients, cook for 89 minutes.",
395,Tempura,108,Chef Lee,115,56,171,2025-10-02,A delicious Japanese dish featuring tempura.,https://example.com/tempura.jpg,Appetizer,"Japanese, tempura",4 cups vegetables,"onion, beef",4.1,299,434,26,18,134,1792,33,3,27,23,3,3 servings,"Recipe for Tempura: Mix ingredients, cook for 115 minutes.",
396,Fried Rice,120,Chef Jung,79,7,86,2024-12-13,A delicious Chinese dish featuring fried rice.,https://example.com/fried-rice.jpg,Soup,"Chinese, fried rice",4 cups chicken,"garlic, chicken",4.5,223,213,28,18,108,998,55,10,20,17,5,5 servings,"Recipe for Fried Rice: Mix ingredients, cook for 79 minutes.",
397,Dumplings,101,Chef Raj,83,49,132,2025-07-30,A delicious Chinese dish featuring dumplings.,https://example.com/dumplings.jpg,Appetizer,"Chinese, dumplings",1 cups rice,"ginger, vegetables",4.2,179,629,27,16,42,533,52,5,16,18,8,8 servings,"Recipe for Dumplings: Mix ingredients, cook for 83 minutes.",
398,Tempura,103,Chef Li,111,25,136,2025-04-19,A delicious Thai dish featuring tempura.,https://example.com/tempura.jpg,Breakfast,"Thai, tempura",1 cups rice,"onion, vegetables",4.7,328,440,25,9,144,1493,92,12,10,27,3,3 servings,"Recipe for Tempura: Mix ingredients, cook for 111 minutes.",
399,Chow Mein,117,Chef Han,21,31,52,2025-10-13,A delicious Chinese dish featuring chow mein.,https://example.com/chow-mein.jpg,Breakfast,"Chinese, chow mein",4 cups chicken,"tomato, tofu",4.6,287,626,27,18,89,461,34,3,11,25,5,5 servings,"Recipe for Chow Mein: Mix ingredients, cook for 21 minutes.",
400,Tom Yum,114,Chef Yoon,59,54,113,2025-08-13,A delicious Vietnamese dish featuring tom yum.,https://example.com/tom-yum.jpg,Breakfast,"Vietnamese, tom yum",5 cups vegetables,"ginger, vegetables",4.7,53,278,29,9,98,872,42,14,12,33,3,3 servings,"Recipe for Tom Yum: Mix ingredients, cook for 59 minutes.",
401,Bibimbap,114,Chef Yoon,91,23,114,2024-10-25,A delicious Korean dish featuring bibimbap.,https://example.com/bibimbap.jpg,Main Dish,"Korean, bibimbap",1 cups vegetables,"garlic, chicken",4.6,447,307,29,20,99,1327,94,8,12,11,2,2 servings,"Recipe for Bibimbap: Mix ingredients, cook for 91 minutes.",
402,Bibimbap,120,Chef Jung,100,20,120,2025-05-31,A delicious Korean dish featuring bibimbap.,https://example.com/bibimbap.jpg,Main Dish,"Korean, bibimbap",5 cups vegetables,"ginger, tofu",4.9,308,585,42,19,89,526,47,10,29,40,5,5 servings,"Recipe for Bibimbap: Mix ingredients, cook for 100 minutes.",
403,Bibimbap,114,Chef Yoon,47,57,104,2025-09-03,A delicious Korean dish featuring bibimbap.,https://example.com/bibimbap.jpg,Main Dish,"Korean, bibimbap",5 cups vegetables,"tomato, tofu",4.8,400,453,11,19,46,1388,70,9,17,26,5,5 servings,"Recipe for Bibimbap: Mix ingredients, cook for 47 minutes.",
404,Kimchi,107,Chef Sharma,72,20,92,2025-06-21,A delicious Korean dish featuring kimchi.,https://example.com/kimchi.jpg,Breakfast,"Korean, kimchi",4 cups rice,"onion, beef",4.8,452,626,20,9,45,1501,37,15,30,10,7,7 servings,"Recipe for Kimchi: Mix ingredients, cook for 72 minutes.",
405,Samosa,114,Chef Yoon,67,29,96,2025-03-28,A delicious Indian dish featuring samosa.,https://example.com/samosa.jpg,Main Dish,"Indian, samosa",2 cups vegetables,"ginger, vegetables",4.2,74,357,13,13,86,738,30,5,5,31,5,5 servings,"Recipe for Samosa: Mix ingredients, cook for 67 minutes.",
406,Wonton Soup,101,Chef Raj,23,47,70,2024-10-31,A delicious Chinese dish featuring wonton soup.,https://example.com/wonton-soup.jpg,Dessert,"Chinese, wonton soup",4 cups chicken,"onion, tofu",4.9,130,321,18,5,134,1601,52,8,16,19,3,3 servings,"Recipe for Wonton Soup: Mix ingredients, cook for 23 minutes.",
407,Dosa,114,Chef Yoon,83,57,140,2025-09-16,A delicious Indian dish featuring dosa.,https://example.com/dosa.jpg,Appetizer,"Indian, dosa",4 cups vegetables,"garlic, chicken",4.3,155,768,48,8,105,525,91,3,30,20,6,6 servings,"Recipe for Dosa: Mix ingredients, cook for 83 minutes.",
408,Pho,104,Chef Ahmed,119,13,132,2025-04-20,A delicious Japanese dish featuring pho.,https://example.com/pho.jpg,Breakfast,"Japanese, pho",5 cups rice,"tomato, beef",4.3,274,649,20,6,106,1624,84,3,17,26,4,4 servings,"Recipe for Pho: Mix ingredients, cook for 119 minutes.",
409,Pho,116,Chef Singh,84,27,111,2025-05-09,A delicious Japanese dish featuring pho.,https://example.com/pho.jpg,Dessert,"Japanese, pho",1 cups chicken,"garlic, tofu",4.5,493,611,26,12,20,1892,56,15,28,33,2,2 servings,"Recipe for Pho: Mix ingredients, cook for 84 minutes.",
410,Paneer Tikka,116,Chef Singh,119,44,163,2025-04-18,A delicious Indian dish featuring paneer tikka.,https://example.com/paneer-tikka.jpg,Dessert,"Indian, paneer tikka",4 cups vegetables,"garlic, beef",4.5,395,391,50,16,88,1400,87,15,5,14,4,4 servings,"Recipe for Paneer Tikka: Mix ingredients, cook for 119 minutes.",
411,Ramen,113,Chef Patel,57,16,73,2025-06-06,A delicious Thai dish featuring ramen.,https://example.com/ramen.jpg,Dessert,"Thai, ramen",4 cups spices,"tomato, tofu",4.5,420,677,43,8,52,565,70,7,20,39,6,6 servings,"Recipe for Ramen: Mix ingredients, cook for 57 minutes.",
412,Nasi Goreng,116,Chef Singh,79,55,134,2025-06-21,A delicious Thai dish featuring nasi goreng.,https://example.com/nasi-goreng.jpg,Dessert,"Thai, nasi goreng",3 cups spices,"ginger, beef",4.1,238,467,25,14,85,812,37,7,20,18,6,6 servings,"Recipe for Nasi Goreng: Mix ingredients, cook for 79 minutes.",
413,Bibimbap,119,Chef Gupta,30,14,44,2024-11-18,A delicious Korean dish featuring bibimbap.,https://example.com/bibimbap.jpg,Dessert,"Korean, bibimbap",4 cups vegetables,"ginger, tofu",4.0,474,493,23,6,45,536,94,5,30,14,8,8 servings,"Recipe for Bibimbap: Mix ingredients, cook for 30 minutes.",
414,Pad Thai,110,Chef Kumar,110,11,121,2025-07-16,A delicious Vietnamese dish featuring pad thai.,https://example.com/pad-thai.jpg,Dessert,"Vietnamese, pad thai",3 cups vegetables,"tomato, chicken",4.0,84,319,15,8,143,1941,50,14,5,33,8,8 servings,"Recipe for Pad Thai: Mix ingredients, cook for 110 minutes.",
415,Banh Mi,115,Chef Zhang,87,13,100,2025-08-22,A delicious Thai dish featuring banh mi.,https://example.com/banh-mi.jpg,Snack,"Thai, banh mi",5 cups vegetables,"ginger, beef",4.1,477,322,46,5,30,1524,85,9,21,19,7,7 servings,"Recipe for Banh Mi: Mix ingredients, cook for 87 minutes.",
416,Tempura,106,Chef Wang,118,52,170,2025-04-09,A delicious Vietnamese dish featuring tempura.,https://example.com/tempura.jpg,Side Dish,"Vietnamese, tempura",5 cups rice,"ginger, tofu",4.9,366,757,21,5,37,1300,87,6,20,32,7,7 servings,"Recipe for Tempura: Mix ingredients, cook for 118 minutes.",
417,Ramen,108,Chef Lee,114,60,174,2025-04-07,A delicious Vietnamese dish featuring ramen.,https://example.com/ramen.jpg,Main Dish,"Vietnamese, ramen",1 cups rice,"ginger, chicken",4.7,132,628,48,18,44,1560,52,11,29,10,7,7 servings,"Recipe for Ramen: Mix ingredients, cook for 114 minutes.",
418,Dumplings,119,Chef Gupta,31,35,66,2025-06-04,A delicious Chinese dish featuring dumplings.,https://example.com/dumplings.jpg,Appetizer,"Chinese, dumplings",5 cups rice,"tomato, chicken",4.2,299,682,13,17,101,1979,55,12,17,24,7,7 servings,"Recipe for Dumplings: Mix ingredients, cook for 31 minutes.",
419,Pho,116,Chef Singh,91,19,110,2025-01-30,A delicious Vietnamese dish featuring pho.,https://example.com/pho.jpg,Snack,"Vietnamese, pho",1 cups spices,"garlic, tofu",4.4,446,631,23,5,140,1950,92,10,19,28,4,4 servings,"Recipe for Pho: Mix ingredients, cook for 91 minutes.",
420,Rogan Josh,104,Chef Ahmed,105,54,159,2025-05-22,A delicious Indian dish featuring rogan josh.,https://example.com/rogan-josh.jpg,Soup,"Indian, rogan josh",1 cups chicken,"tomato, chicken",4.3,490,375,10,16,57,1046,57,12,8,27,5,5 servings,"Recipe for Rogan Josh: Mix ingredients, cook for 105 minutes.",
421,Tom Yum,113,Chef Patel,91,47,138,2025-08-27,A delicious Thai dish featuring tom yum.,https://example.com/tom-yum.jpg,Side Dish,"Thai, tom yum",4 cups spices,"onion, tofu",4.4,230,405,38,16,57,886,45,13,15,10,7,7 servings,"Recipe for Tom Yum: Mix ingredients, cook for 91 minutes.",
422,Tom Yum,105,Chef Park,23,6,29,2024-11-15,A delicious Japanese dish featuring tom yum.,https://example.com/tom-yum.jpg,Main Dish,"Japanese, tom yum",2 cups vegetables,"garlic, vegetables",4.5,295,744,15,17,30,956,54,4,28,30,8,8 servings,"Recipe for Tom Yum: Mix ingredients, cook for 23 minutes.",
423,Sushi,112,Chef Liu,108,44,152,2025-01-29,A delicious Vietnamese dish featuring sushi.,https://example.com/sushi.jpg,Soup,"Vietnamese, sushi",4 cups chicken,"tomato, chicken",4.3,214,580,22,5,91,1739,95,4,25,35,8,8 servings,"Recipe for Sushi: Mix ingredients, cook for 108 minutes.",
424,Kimchi,106,Chef Wang,93,33,126,2025-04-23,A delicious Korean dish featuring kimchi.,https://example.com/kimchi.jpg,Snack,"Korean, kimchi",3 cups spices,"onion, vegetables",4.9,64,798,11,5,137,697,73,7,21,29,5,5 servings,"Recipe for Kimchi: Mix ingredients, cook for 93 minutes.",
425,Bulgogi,103,Chef Li,89,54,143,2025-10-18,A delicious Korean dish featuring bulgogi.,https://example.com/bulgogi.jpg,Breakfast,"Korean, bulgogi",4 cups vegetables,"tomato, vegetables",4.2,263,744,12,6,45,438,50,11,21,38,7,7 servings,"Recipe for Bulgogi: Mix ingredients, cook for 89 minutes.",
426,Nasi Goreng,110,Chef Kumar,97,54,151,2025-09-15,A delicious Japanese dish featuring nasi goreng.,https://example.com/nasi-goreng.jpg,Breakfast,"Japanese, nasi goreng",2 cups spices,"garlic, vegetables",4.7,217,251,36,15,25,1638,77,4,5,35,2,2 servings,"Recipe for Nasi Goreng: Mix ingredients, cook for 97 minutes.",
427,Green Curry,109,Chef Chen,71,57,128,2024-12-24,A delicious Japanese dish featuring green curry.,https://example.com/green-curry.jpg,Dessert,"Japanese, green curry",5 cups spices,"tomato, chicken",4.7,271,543,21,13,92,1926,71,8,20,40,3,3 servings,"Recipe for Green Curry: Mix ingredients, cook for 71 minutes.",
428,Biryani,116,Chef Singh,30,33,63,2024-12-30,A delicious Indian dish featuring biryani.,https://example.com/biryani.jpg,Breakfast,"Indian, biryani",3 cups rice,"ginger, vegetables",4.5,359,746,21,6,127,1346,78,10,25,30,3,3 servings,"Recipe for Biryani: Mix ingredients, cook for 30 minutes.",
429,Bibimbap,108,Chef Lee,120,13,133,2024-10-25,A delicious Korean dish featuring bibimbap.,https://example.com/bibimbap.jpg,Soup,"Korean, bibimbap",5 cups rice,"tomato, chicken",4.7,450,570,31,16,98,1782,54,6,24,38,7,7 servings,"Recipe for Bibimbap: Mix ingredients, cook for 120 minutes.",
430,Fried Rice,109,Chef Chen,75,30,105,2025-07-25,A delicious Chinese dish featuring fried rice.,https://example.com/fried-rice.jpg,Appetizer,"Chinese, fried rice",5 cups rice,"tomato, tofu",4.7,371,539,36,6,89,1765,78,10,24,21,2,2 servings,"Recipe for Fried Rice: Mix ingredients, cook for 75 minutes.",
431,Kimchi Jjigae,117,Chef Han,67,22,89,2025-05-24,A delicious Korean dish featuring kimchi jjigae.,https://example.com/kimchi-jjigae.jpg,Snack,"Korean, kimchi jjigae",1 cups rice,"garlic, beef",4.6,194,796,24,19,52,943,36,6,18,36,6,6 servings,"Recipe for Kimchi Jjigae: Mix ingredients, cook for 67 minutes.",
432,Pad Thai,116,Chef Singh,77,46,123,2025-05-25,A delicious Japanese dish featuring pad thai.,https://example.com/pad-thai.jpg,Breakfast,"Japanese, pad thai",2 cups spices,"tomato, beef",4.4,260,619,38,12,37,1794,48,12,17,33,2,2 servings,"Recipe for Pad Thai: Mix ingredients, cook for 77 minutes.",
433,Rajma,106,Chef Wang,42,56,98,2025-10-06,A delicious Indian dish featuring rajma.,https://example.com/rajma.jpg,Dessert,"Indian, rajma",2 cups chicken,"onion, vegetables",4.7,417,311,50,6,110,876,100,8,8,33,8,8 servings,"Recipe for Rajma: Mix ingredients, cook for 42 minutes.",
434,Sweet and Sour Pork,104,Chef Ahmed,31,32,63,2025-05-21,A delicious Chinese dish featuring sweet and sour pork.,https://example.com/sweet-and-sour-pork.jpg,Snack,"Chinese, sweet and sour pork",3 cups spices,"tomato, chicken",4.3,61,426,12,11,41,654,69,11,27,23,5,5 servings,"Recipe for Sweet and Sour Pork: Mix ingredients, cook for 31 minutes.",
435,Tom Yum,114,Chef Yoon,24,52,76,2025-07-24,A delicious Thai dish featuring tom yum.,https://example.com/tom-yum.jpg,Soup,"Thai, tom yum",5 cups spices,"onion, chicken",4.6,490,533,27,11,120,1735,62,13,8,23,8,8 servings,"Recipe for Tom Yum: Mix ingredients, cook for 24 minutes.",
436,Ramen,113,Chef Patel,34,37,71,2025-06-26,A delicious Japanese dish featuring ramen.,https://example.com/ramen.jpg,Main Dish,"Japanese, ramen",3 cups rice,"tomato, chicken",4.5,51,479,48,16,85,1067,74,15,22,26,2,2 servings,"Recipe for Ramen: Mix ingredients, cook for 34 minutes.",
437,Tom Yum,114,Chef Yoon,67,40,107,2025-02-11,A delicious Vietnamese dish featuring tom yum.,https://example.com/tom-yum.jpg,Appetizer,"Vietnamese, tom yum",5 cups rice,"garlic, vegetables",4.8,451,346,21,19,31,1791,57,7,26,27,5,5 servings,"Recipe for Tom Yum: Mix ingredients, cook for 67 minutes.",
438,Sweet and Sour Pork,117,Chef Han,99,28,127,2025-09-12,A delicious Chinese dish featuring sweet and sour pork.,https://example.com/sweet-and-sour-pork.jpg,Soup,"Chinese, sweet and sour pork",5 cups spices,"onion, beef",4.5,159,429,21,20,145,806,54,15,18,29,5,5 servings,"Recipe for Sweet and Sour Pork: Mix ingredients, cook for 99 minutes.",
439,Japchae,106,Chef Wang,45,14,59,2025-07-25,A delicious Korean dish featuring japchae.,https://example.com/japchae.jpg,Appetizer,"Korean, japchae",2 cups spices,"tomato, chicken",4.5,136,463,20,16,44,914,66,9,13,24,8,8 servings,"Recipe for Japchae: Mix ingredients, cook for 45 minutes.",
440,Tempura,106,Chef Wang,105,56,161,2024-11-02,A delicious Vietnamese dish featuring tempura.,https://example.com/tempura.jpg,Dessert,"Vietnamese, tempura",5 cups chicken,"ginger, vegetables",4.9,339,753,47,7,54,1086,53,14,28,36,4,4 servings,"Recipe for Tempura: Mix ingredients, cook for 105 minutes.",
441,Green Curry,107,Chef Sharma,105,5,110,2025-09-15,A delicious Vietnamese dish featuring green curry.,https://example.com/green-curry.jpg,Side Dish,"Vietnamese, green curry",3 cups vegetables,"onion, tofu",4.2,451,424,31,5,71,1447,62,4,7,14,2,2 servings,"Recipe for Green Curry: Mix ingredients, cook for 105 minutes.",
442,Aloo Gobi,114,Chef Yoon,19,46,65,2025-01-09,A delicious Indian dish featuring aloo gobi.,https://example.com/aloo-gobi.jpg,Appetizer,"Indian, aloo gobi",1 cups vegetables,"garlic, chicken",4.2,246,591,18,20,82,581,75,15,9,18,5,5 servings,"Recipe for Aloo Gobi: Mix ingredients, cook for 19 minutes.",
443,Hot Pot,102,Chef Kim,73,40,113,2025-09-13,A delicious Chinese dish featuring hot pot.,https://example.com/hot-pot.jpg,Snack,"Chinese, hot pot",1 cups spices,"onion, chicken",4.8,91,334,29,7,89,1300,36,6,14,25,3,3 servings,"Recipe for Hot Pot: Mix ingredients, cook for 73 minutes.",
444,Ramen,114,Chef Yoon,28,14,42,2025-05-10,A delicious Vietnamese dish featuring ramen.,https://example.com/ramen.jpg,Snack,"Vietnamese, ramen",1 cups vegetables,"ginger, tofu",4.1,142,627,12,15,99,1129,53,5,30,31,7,7 servings,"Recipe for Ramen: Mix ingredients, cook for 28 minutes.",
445,Satay,102,Chef Kim,98,60,158,2024-12-30,A delicious Thai dish featuring satay.,https://example.com/satay.jpg,Dessert,"Thai, satay",4 cups rice,"tomato, vegetables",4.7,412,513,47,16,127,1208,39,7,7,29,3,3 servings,"Recipe for Satay: Mix ingredients, cook for 98 minutes.",
446,Tom Yum,104,Chef Ahmed,97,42,139,2024-11-22,A delicious Japanese dish featuring tom yum.,https://example.com/tom-yum.jpg,Breakfast,"Japanese, tom yum",1 cups vegetables,"garlic, chicken",4.8,378,651,32,13,84,1517,79,14,18,30,6,6 servings,"Recipe for Tom Yum: Mix ingredients, cook for 97 minutes.",
447,Sushi,105,Chef Park,98,26,124,2024-12-27,A delicious Thai dish featuring sushi.,https://example.com/sushi.jpg,Appetizer,"Thai, sushi",3 cups vegetables,"tomato, chicken",4.4,53,271,45,19,63,1990,89,10,7,14,8,8 servings,"Recipe for Sushi: Mix ingredients, cook for 98 minutes.",
448,Satay,107,Chef Sharma,108,11,119,2025-05-28,A delicious Japanese dish featuring satay.,https://example.com/satay.jpg,Soup,"Japanese, satay",5 cups spices,"garlic, beef",4.6,429,253,34,20,58,1289,46,5,27,18,8,8 servings,"Recipe for Satay: Mix ingredients, cook for 108 minutes.",
449,Pho,119,Chef Gupta,58,32,90,2025-02-19,A delicious Thai dish featuring pho.,https://example.com/pho.jpg,Snack,"Thai, pho",2 cups spices,"garlic, vegetables",4.6,269,251,14,14,121,1859,92,12,7,39,3,3 servings,"Recipe for Pho: Mix ingredients, cook for 58 minutes.",
450,Fried Rice,118,Chef Wu,112,36,148,2024-10-31,A delicious Chinese dish featuring fried rice.,https://example.com/fried-rice.jpg,Breakfast,"Chinese, fried rice",1 cups chicken,"garlic, vegetables",4.7,383,380,31,5,76,1395,98,13,13,31,3,3 servings,"Recipe for Fried Rice: Mix ingredients, cook for 112 minutes.",
451,Ramen,105,Chef Park,64,37,101,2025-03-13,A delicious Thai dish featuring ramen.,https://example.com/ramen.jpg,Breakfast,"Thai, ramen",5 cups spices,"onion, tofu",4.7,366,572,44,5,136,1455,38,9,29,18,2,2 servings,"Recipe for Ramen: Mix ingredients, cook for 64 minutes.",
452,Rajma,116,Chef Singh,38,57,95,2025-02-25,A delicious Indian dish featuring rajma.,https://example.com/rajma.jpg,Soup,"Indian, rajma",1 cups rice,"garlic, beef",4.6,65,370,49,13,120,1731,45,5,25,38,6,6 servings,"Recipe for Rajma: Mix ingredients, cook for 38 minutes.",
453,Wonton Soup,107,Chef Sharma,24,45,69,2025-10-09,A delicious Chinese dish featuring wonton soup.,https://example.com/wonton-soup.jpg,Main Dish,"Chinese, wonton soup",1 cups spices,"onion, vegetables",4.1,280,478,48,17,110,1978,71,10,28,10,2,2 servings,"Recipe for Wonton Soup: Mix ingredients, cook for 24 minutes.",
454,Fried Chicken,116,Chef Singh,86,17,103,2025-08-31,A delicious Korean dish featuring fried chicken.,https://example.com/fried-chicken.jpg,Breakfast,"Korean, fried chicken",2 cups chicken,"ginger, vegetables",4.7,270,368,11,16,102,752,59,11,18,22,3,3 servings,"Recipe for Fried Chicken: Mix ingredients, cook for 86 minutes.",
455,Fried Chicken,115,Chef Zhang,64,35,99,2025-04-15,A delicious Korean dish featuring fried chicken.,https://example.com/fried-chicken.jpg,Dessert,"Korean, fried chicken",4 cups chicken,"ginger, vegetables",4.6,131,401,38,5,84,829,67,11,19,39,6,6 servings,"Recipe for Fried Chicken: Mix ingredients, cook for 64 minutes.",
456,Pad Thai,112,Chef Liu,97,21,118,2025-05-08,A delicious Thai dish featuring pad thai.,https://example.com/pad-thai.jpg,Snack,"Thai, pad thai",1 cups vegetables,"ginger, vegetables",4.7,307,644,19,7,113,674,75,7,19,18,7,7 servings,"Recipe for Pad Thai: Mix ingredients, cook for 97 minutes.",
457,Banh Mi,118,Chef Wu,21,48,69,2025-03-27,A delicious Japanese dish featuring banh mi.,https://example.com/banh-mi.jpg,Appetizer,"Japanese, banh mi",2 cups spices,"ginger, tofu",4.9,496,548,47,13,110,641,79,5,7,12,2,2 servings,"Recipe for Banh Mi: Mix ingredients, cook for 21 minutes.",
458,Samosa,110,Chef Kumar,62,8,70,2025-07-27,A delicious Indian dish featuring samosa.,https://example.com/samosa.jpg,Dessert,"Indian, samosa",2 cups chicken,"garlic, vegetables",4.9,59,429,43,7,66,1745,82,6,29,27,4,4 servings,"Recipe for Samosa: Mix ingredients, cook for 62 minutes.",
459,Pani Puri,112,Chef Liu,86,9,95,2025-02-25,A delicious Indian dish featuring pani puri.,https://example.com/pani-puri.jpg,Dessert,"Indian, pani puri",3 cups spices,"tomato, chicken",4.2,66,285,34,14,87,1300,62,13,25,36,4,4 servings,"Recipe for Pani Puri: Mix ingredients, cook for 86 minutes.",
460,Spring Rolls,105,Chef Park,37,11,48,2025-09-03,A delicious Chinese dish featuring spring rolls.,https://example.com/spring-rolls.jpg,Snack,"Chinese, spring rolls",5 cups spices,"onion, vegetables",4.1,478,303,40,20,142,1437,100,3,28,18,8,8 servings,"Recipe for Spring Rolls: Mix ingredients, cook for 37 minutes.",
461,Tempura,109,Chef Chen,61,40,101,2024-11-29,A delicious Thai dish featuring tempura.,https://example.com/tempura.jpg,Side Dish,"Thai, tempura",1 cups spices,"ginger, tofu",4.0,415,469,19,18,118,1847,67,4,19,20,7,7 servings,"Recipe for Tempura: Mix ingredients, cook for 61 minutes.",
462,Satay,104,Chef Ahmed,75,43,118,2025-08-19,A delicious Thai dish featuring satay.,https://example.com/satay.jpg,Dessert,"Thai, satay",5 cups rice,"tomato, tofu",4.5,164,547,37,9,46,1324,38,13,30,19,7,7 servings,"Recipe for Satay: Mix ingredients, cook for 75 minutes.",
463,Ramen,116,Chef Singh,24,17,41,2025-05-10,A delicious Thai dish featuring ramen.,https://example.com/ramen.jpg,Appetizer,"Thai, ramen",5 cups chicken,"ginger, chicken",4.7,460,288,48,7,40,881,42,12,21,18,4,4 servings,"Recipe for Ramen: Mix ingredients, cook for 24 minutes.",
464,Kimbap,120,Chef Jung,63,44,107,2025-10-01,A delicious Korean dish featuring kimbap.,https://example.com/kimbap.jpg,Dessert,"Korean, kimbap",4 cups chicken,"garlic, beef",4.5,206,544,38,7,130,1795,54,15,26,39,6,6 servings,"Recipe for Kimbap: Mix ingredients, cook for 63 minutes.",
465,Chana Masala,110,Chef Kumar,11,18,29,2025-02-28,A delicious Indian dish featuring chana masala.,https://example.com/chana-masala.jpg,Dessert,"Indian, chana masala",4 cups vegetables,"ginger, tofu",4.9,197,583,28,9,82,1036,83,9,10,26,2,2 servings,"Recipe for Chana Masala: Mix ingredients, cook for 11 minutes.",
466,Spring Rolls,106,Chef Wang,94,21,115,2025-07-07,A delicious Chinese dish featuring spring rolls.,https://example.com/spring-rolls.jpg,Appetizer,"Chinese, spring rolls",3 cups spices,"garlic, vegetables",4.9,272,632,27,14,141,1521,87,7,12,26,3,3 servings,"Recipe for Spring Rolls: Mix ingredients, cook for 94 minutes.",
467,Satay,120,Chef Jung,112,26,138,2025-06-04,A delicious Thai dish featuring satay.,https://example.com/satay.jpg,Main Dish,"Thai, satay",2 cups chicken,"onion, tofu",4.1,270,408,18,18,40,1779,37,4,5,24,2,2 servings,"Recipe for Satay: Mix ingredients, cook for 112 minutes.",
468,Dosa,111,Chef Choi,74,59,133,2025-01-20,A delicious Indian dish featuring dosa.,https://example.com/dosa.jpg,Soup,"Indian, dosa",1 cups vegetables,"onion, vegetables",4.5,262,628,25,19,141,1973,60,11,8,31,4,4 servings,"Recipe for Dosa: Mix ingredients, cook for 74 minutes.",
469,Beijing Duck,118,Chef Wu,105,45,150,2025-03-24,A delicious Chinese dish featuring beijing duck.,https://example.com/beijing-duck.jpg,Soup,"Chinese, beijing duck",4 cups rice,"ginger, beef",4.2,300,361,20,16,125,1471,52,10,13,21,4,4 servings,"Recipe for Beijing Duck: Mix ingredients, cook for 105 minutes.",
470,Pad Thai,114,Chef Yoon,10,32,42,2025-02-02,A delicious Thai dish featuring pad thai.,https://example.com/pad-thai.jpg,Soup,"Thai, pad thai",5 cups vegetables,"tomato, vegetables",4.8,231,250,28,10,78,1450,68,10,25,36,8,8 servings,"Recipe for Pad Thai: Mix ingredients, cook for 10 minutes.",
471,Pad Thai,106,Chef Wang,106,18,124,2025-10-08,A delicious Thai dish featuring pad thai.,https://example.com/pad-thai.jpg,Side Dish,"Thai, pad thai",5 cups rice,"garlic, beef",4.5,119,270,34,9,46,846,56,13,16,16,2,2 servings,"Recipe for Pad Thai: Mix ingredients, cook for 106 minutes.",
472,Ramen,105,Chef Park,38,36,74,2024-12-26,A delicious Thai dish featuring ramen.,https://example.com/ramen.jpg,Dessert,"Thai, ramen",1 cups rice,"ginger, vegetables",4.9,261,243,46,14,128,668,62,4,15,37,5,5 servings,"Recipe for Ramen: Mix ingredients, cook for 38 minutes.",
473,Tteokbokki,117,Chef Han,110,45,155,2025-07-26,A delicious Korean dish featuring tteokbokki.,https://example.com/tteokbokki.jpg,Side Dish,"Korean, tteokbokki",2 cups chicken,"garlic, chicken",5.0,62,492,34,9,48,1049,32,7,20,21,7,7 servings,"Recipe for Tteokbokki: Mix ingredients, cook for 110 minutes.",
474,Sushi,111,Chef Choi,57,37,94,2025-08-21,A delicious Japanese dish featuring sushi.,https://example.com/sushi.jpg,Appetizer,"Japanese, sushi",4 cups vegetables,"garlic, vegetables",4.7,438,654,10,19,31,1335,94,14,20,31,3,3 servings,"Recipe for Sushi: Mix ingredients, cook for 57 minutes.",
475,Kimchi,112,Chef Liu,106,5,111,2025-01-14,A delicious Korean dish featuring kimchi.,https://example.com/kimchi.jpg,Snack,"Korean, kimchi",2 cups spices,"ginger, beef",4.4,472,414,44,9,22,1725,45,6,8,38,6,6 servings,"Recipe for Kimchi: Mix ingredients, cook for 106 minutes.",
476,Samgyetang,117,Chef Han,10,50,60,2025-04-23,A delicious Korean dish featuring samgyetang.,https://example.com/samgyetang.jpg,Breakfast,"Korean, samgyetang",2 cups rice,"garlic, beef",4.3,500,282,30,16,129,1454,66,11,30,17,3,3 servings,"Recipe for Samgyetang: Mix ingredients, cook for 10 minutes.",
477,Ramen,115,Chef Zhang,86,36,122,2025-09-21,A delicious Thai dish featuring ramen.,https://example.com/ramen.jpg,Soup,"Thai, ramen",5 cups spices,"ginger, tofu",5.0,181,727,29,7,73,1873,91,11,8,11,5,5 servings,"Recipe for Ramen: Mix ingredients, cook for 86 minutes.",
478,Tteokbokki,109,Chef Chen,14,7,21,2024-11-24,A delicious Korean dish featuring tteokbokki.,https://example.com/tteokbokki.jpg,Side Dish,"Korean, tteokbokki",4 cups chicken,"onion, tofu",4.4,453,590,14,15,50,1953,62,12,18,20,6,6 servings,"Recipe for Tteokbokki: Mix ingredients, cook for 14 minutes.",
479,Ramen,111,Chef Choi,45,50,95,2025-09-28,A delicious Japanese dish featuring ramen.,https://example.com/ramen.jpg,Breakfast,"Japanese, ramen",5 cups chicken,"tomato, vegetables",5.0,322,598,10,10,111,974,31,10,26,35,8,8 servings,"Recipe for Ramen: Mix ingredients, cook for 45 minutes.",
480,Biryani,117,Chef Han,59,14,73,2025-02-01,A delicious Indian dish featuring biryani.,https://example.com/biryani.jpg,Snack,"Indian, biryani",3 cups rice,"tomato, tofu",4.4,453,400,39,8,134,1680,50,15,8,35,2,2 servings,"Recipe for Biryani: Mix ingredients, cook for 59 minutes.",
481,Ramen,111,Chef Choi,73,56,129,2025-04-14,A delicious Japanese dish featuring ramen.,https://example.com/ramen.jpg,Breakfast,"Japanese, ramen",3 cups vegetables,"onion, vegetables",4.9,379,499,48,15,127,407,76,12,23,17,8,8 servings,"Recipe for Ramen: Mix ingredients, cook for 73 minutes.",
482,Chow Mein,104,Chef Ahmed,17,47,64,2025-06-06,A delicious Chinese dish featuring chow mein.,https://example.com/chow-mein.jpg,Dessert,"Chinese, chow mein",1 cups vegetables,"ginger, beef",4.0,344,379,38,13,24,839,35,3,5,27,3,3 servings,"Recipe for Chow Mein: Mix ingredients, cook for 17 minutes.",
483,Pad Thai,103,Chef Li,57,9,66,2025-07-31,A delicious Japanese dish featuring pad thai.,https://example.com/pad-thai.jpg,Snack,"Japanese, pad thai",5 cups rice,"tomato, vegetables",4.7,145,391,16,11,55,1467,30,9,6,12,4,4 servings,"Recipe for Pad Thai: Mix ingredients, cook for 57 minutes.",
484,Tom Yum,106,Chef Wang,85,52,137,2025-02-06,A delicious Japanese dish featuring tom yum.,https://example.com/tom-yum.jpg,Snack,"Japanese, tom yum",5 cups chicken,"onion, vegetables",4.3,245,255,15,14,129,1314,86,7,14,37,7,7 servings,"Recipe for Tom Yum: Mix ingredients, cook for 85 minutes.",
485,Tom Yum,110,Chef Kumar,21,50,71,2024-12-08,A delicious Thai dish featuring tom yum.,https://example.com/tom-yum.jpg,Breakfast,"Thai, tom yum",4 cups vegetables,"ginger, vegetables",4.6,253,489,15,5,128,1326,78,14,16,12,8,8 servings,"Recipe for Tom Yum: Mix ingredients, cook for 21 minutes.",
486,Kimchi,112,Chef Liu,22,58,80,2025-01-09,A delicious Korean dish featuring kimchi.,https://example.com/kimchi.jpg,Appetizer,"Korean, kimchi",3 cups chicken,"ginger, vegetables",4.8,132,475,19,11,88,1192,50,6,10,22,4,4 servings,"Recipe for Kimchi: Mix ingredients, cook for 22 minutes.",
487,Satay,114,Chef Yoon,101,43,144,2025-04-24,A delicious Vietnamese dish featuring satay.,https://example.com/satay.jpg,Main Dish,"Vietnamese, satay",1 cups spices,"onion, tofu",4.6,472,640,21,20,30,1041,54,14,15,20,3,3 servings,"Recipe for Satay: Mix ingredients, cook for 101 minutes.",
488,Aloo Gobi,112,Chef Liu,18,48,66,2025-07-28,A delicious Indian dish featuring aloo gobi.,https://example.com/aloo-gobi.jpg,Appetizer,"Indian, aloo gobi",3 cups rice,"garlic, beef",4.1,425,391,31,7,120,1541,77,7,28,35,7,7 servings,"Recipe for Aloo Gobi: Mix ingredients, cook for 18 minutes.",
489,Spring Rolls,102,Chef Kim,99,14,113,2025-05-11,A delicious Chinese dish featuring spring rolls.,https://example.com/spring-rolls.jpg,Soup,"Chinese, spring rolls",4 cups rice,"ginger, beef",5.0,452,464,42,19,119,1698,35,15,8,27,3,3 servings,"Recipe for Spring Rolls: Mix ingredients, cook for 99 minutes.",
490,Banh Mi,119,Chef Gupta,54,57,111,2025-03-27,A delicious Thai dish featuring banh mi.,https://example.com/banh-mi.jpg,Main Dish,"Thai, banh mi",1 cups chicken,"ginger, vegetables",4.7,59,755,33,20,46,809,70,5,14,40,3,3 servings,"Recipe for Banh Mi: Mix ingredients, cook for 54 minutes.",
491,Beijing Duck,117,Chef Han,24,14,38,2025-02-20,A delicious Chinese dish featuring beijing duck.,https://example.com/beijing-duck.jpg,Soup,"Chinese, beijing duck",5 cups chicken,"garlic, chicken",4.8,219,732,15,14,52,525,73,15,11,19,8,8 servings,"Recipe for Beijing Duck: Mix ingredients, cook for 24 minutes.",
492,Spring Rolls,115,Chef Zhang,89,60,149,2024-12-18,A delicious Chinese dish featuring spring rolls.,https://example.com/spring-rolls.jpg,Side Dish,"Chinese, spring rolls",3 cups spices,"garlic, vegetables",4.5,335,227,39,15,127,585,45,15,8,33,7,7 servings,"Recipe for Spring Rolls: Mix ingredients, cook for 89 minutes.",
493,Satay,111,Chef Choi,47,15,62,2025-06-26,A delicious Thai dish featuring satay.,https://example.com/satay.jpg,Main Dish,"Thai, satay",5 cups vegetables,"tomato, tofu",4.6,225,201,25,8,124,546,75,11,26,29,4,4 servings,"Recipe for Satay: Mix ingredients, cook for 47 minutes.",
494,Kimbap,106,Chef Wang,90,29,119,2025-02-18,A delicious Korean dish featuring kimbap.,https://example.com/kimbap.jpg,Snack,"Korean, kimbap",2 cups chicken,"ginger, beef",4.6,69,385,46,20,27,1048,35,3,25,30,2,2 servings,"Recipe for Kimbap: Mix ingredients, cook for 90 minutes.",
495,Samgyetang,112,Chef Liu,50,17,67,2025-03-14,A delicious Korean dish featuring samgyetang.,https://example.com/samgyetang.jpg,Dessert,"Korean, samgyetang",3 cups vegetables,"onion, beef",4.7,441,445,12,13,129,1237,70,5,18,40,5,5 servings,"Recipe for Samgyetang: Mix ingredients, cook for 50 minutes.",
496,Sushi,119,Chef Gupta,11,5,16,2024-10-24,A delicious Vietnamese dish featuring sushi.,https://example.com/sushi.jpg,Snack,"Vietnamese, sushi",4 cups spices,"tomato, chicken",4.5,450,512,20,15,44,774,38,9,27,19,4,4 servings,"Recipe for Sushi: Mix ingredients, cook for 11 minutes.",
497,Tempura,114,Chef Yoon,59,46,105,2025-03-16,A delicious Japanese dish featuring tempura.,https://example.com/tempura.jpg,Main Dish,"Japanese, tempura",4 cups vegetables,"garlic, beef",4.1,130,507,24,11,115,1738,49,14,26,24,3,3 servings,"Recipe for Tempura: Mix ingredients, cook for 59 minutes.",
498,Chow Mein,112,Chef Liu,16,59,75,2024-12-15,A delicious Chinese dish featuring chow mein.,https://example.com/chow-mein.jpg,Breakfast,"Chinese, chow mein",4 cups chicken,"tomato, chicken",4.5,207,682,27,20,29,531,50,6,29,13,2,2 servings,"Recipe for Chow Mein: Mix ingredients, cook for 16 minutes.",
499,Samgyetang,104,Chef Ahmed,24,24,48,2024-10-23,A delicious Korean dish featuring samgyetang.,https://example.com/samgyetang.jpg,Side Dish,"Korean, samgyetang",1 cups chicken,"onion, chicken",5.0,172,354,25,5,59,1890,80,15,19,34,7,7 servings,"Recipe for Samgyetang: Mix ingredients, cook for 24 minutes.",
500,Tempura,105,Chef Park,61,50,111,2025-08-25,A delicious Thai dish featuring tempura.,https://example.com/tempura.jpg,Soup,"Thai, tempura",1 cups spices,"onion, tofu",4.6,277,563,39,14,22,756,77,3,17,11,7,7 servings,"Recipe for Tempura: Mix ingredients, cook for 61 minutes.",
501,Banh Mi,115,Chef Zhang,10,44,54,2025-10-16,A delicious Vietnamese dish featuring banh mi.,https://example.com/banh-mi.jpg,Dessert,"Vietnamese, banh mi",5 cups chicken,"tomato, tofu",4.6,460,541,17,15,62,1152,98,5,28,23,2,2 servings,"Recipe for Banh Mi: Mix ingredients, cook for 10 minutes.",
502,Wonton Soup,119,Chef Gupta,80,21,101,2024-11-27,A delicious Chinese dish featuring wonton soup.,https://example.com/wonton-soup.jpg,Soup,"Chinese, wonton soup",1 cups rice,"garlic, tofu",4.6,413,638,35,14,97,649,41,12,9,26,8,8 servings,"Recipe for Wonton Soup: Mix ingredients, cook for 80 minutes.",
503,Banh Mi,102,Chef Kim,90,48,138,2024-12-12,A delicious Thai dish featuring banh mi.,https://example.com/banh-mi.jpg,Breakfast,"Thai, banh mi",5 cups vegetables,"ginger, vegetables",4.1,317,452,24,13,59,791,60,6,25,36,5,5 servings,"Recipe for Banh Mi: Mix ingredients, cook for 90 minutes.",
504,Kimbap,106,Chef Wang,116,19,135,2025-10-06,A delicious Korean dish featuring kimbap.,https://example.com/kimbap.jpg,Appetizer,"Korean, kimbap",4 cups vegetables,"onion, tofu",4.9,430,491,24,6,98,1151,53,6,11,32,2,2 servings,"Recipe for Kimbap: Mix ingredients, cook for 116 minutes.",
505,Chana Masala,113,Chef Patel,106,28,134,2024-10-31,A delicious Indian dish featuring chana masala.,https://example.com/chana-masala.jpg,Side Dish,"Indian, chana masala",4 cups rice,"ginger, vegetables",4.8,90,281,40,7,102,1114,54,12,10,14,5,5 servings,"Recipe for Chana Masala: Mix ingredients, cook for 106 minutes.",
506,Biryani,109,Chef Chen,96,50,146,2024-11-21,A delicious Indian dish featuring biryani.,https://example.com/biryani.jpg,Side Dish,"Indian, biryani",2 cups spices,"garlic, chicken",4.8,230,378,27,5,89,1986,39,3,28,39,3,3 servings,"Recipe for Biryani: Mix ingredients, cook for 96 minutes.",
507,Tteokbokki,108,Chef Lee,95,28,123,2025-08-20,A delicious Korean dish featuring tteokbokki.,https://example.com/tteokbokki.jpg,Appetizer,"Korean, tteokbokki",2 cups vegetables,"onion, chicken",4.7,203,483,41,8,121,849,68,7,12,29,5,5 servings,"Recipe for Tteokbokki: Mix ingredients, cook for 95 minutes.",
508,Rajma,117,Chef Han,11,23,34,2024-10-29,A delicious Indian dish featuring rajma.,https://example.com/rajma.jpg,Dessert,"Indian, rajma",5 cups spices,"garlic, chicken",4.3,401,565,21,9,132,825,36,13,25,28,5,5 servings,"Recipe for Rajma: Mix ingredients, cook for 11 minutes.",
509,Green Curry,115,Chef Zhang,51,7,58,2024-11-23,A delicious Thai dish featuring green curry.,https://example.com/green-curry.jpg,Side Dish,"Thai, green curry",3 cups vegetables,"onion, vegetables",4.8,448,627,39,13,36,900,45,8,17,30,8,8 servings,"Recipe for Green Curry: Mix ingredients, cook for 51 minutes.",
510,Beijing Duck,107,Chef Sharma,111,17,128,2024-12-03,A delicious Chinese dish featuring beijing duck.,https://example.com/beijing-duck.jpg,Appetizer,"Chinese, beijing duck",3 cups vegetables,"ginger, tofu",4.0,259,293,39,15,48,1660,83,15,23,16,8,8 servings,"Recipe for Beijing Duck: Mix ingredients, cook for 111 minutes.",
511,Bibimbap,116,Chef Singh,46,14,60,2025-09-01,A delicious Korean dish featuring bibimbap.,https://example.com/bibimbap.jpg,Side Dish,"Korean, bibimbap",2 cups spices,"garlic, chicken",4.1,140,578,26,11,111,406,78,7,29,21,2,2 servings,"Recipe for Bibimbap: Mix ingredients, cook for 46 minutes.",
512,Sweet and Sour Pork,115,Chef Zhang,99,57,156,2025-02-24,A delicious Chinese dish featuring sweet and sour pork.,https://example.com/sweet-and-sour-pork.jpg,Breakfast,"Chinese, sweet and sour pork",1 cups spices,"onion, beef",4.5,302,722,46,10,150,1467,33,3,21,20,2,2 servings,"Recipe for Sweet and Sour Pork: Mix ingredients, cook for 99 minutes.",
513,Kung Pao Chicken,102,Chef Kim,14,38,52,2025-09-06,A delicious Chinese dish featuring kung pao chicken.,https://example.com/kung-pao-chicken.jpg,Breakfast,"Chinese, kung pao chicken",5 cups rice,"tomato, vegetables",4.3,279,786,38,8,26,1453,57,7,11,11,3,3 servings,"Recipe for Kung Pao Chicken: Mix ingredients, cook for 14 minutes.",
514,Tom Yum,102,Chef Kim,20,46,66,2025-03-26,A delicious Japanese dish featuring tom yum.,https://example.com/tom-yum.jpg,Appetizer,"Japanese, tom yum",4 cups spices,"tomato, vegetables",4.7,440,684,29,9,85,1132,98,4,11,40,5,5 servings,"Recipe for Tom Yum: Mix ingredients, cook for 20 minutes.",
515,Tempura,120,Chef Jung,50,39,89,2025-05-26,A delicious Thai dish featuring tempura.,https://example.com/tempura.jpg,Breakfast,"Thai, tempura",3 cups rice,"tomato, vegetables",4.1,312,361,33,11,64,974,94,10,28,38,8,8 servings,"Recipe for Tempura: Mix ingredients, cook for 50 minutes.",
516,Tempura,103,Chef Li,78,11,89,2025-08-19,A delicious Thai dish featuring tempura.,https://example.com/tempura.jpg,Soup,"Thai, tempura",2 cups vegetables,"garlic, tofu",4.8,103,664,20,12,51,1350,44,12,21,13,8,8 servings,"Recipe for Tempura: Mix ingredients, cook for 78 minutes.",
517,Beijing Duck,116,Chef Singh,118,55,173,2025-06-30,A delicious Chinese dish featuring beijing duck.,https://example.com/beijing-duck.jpg,Appetizer,"Chinese, beijing duck",4 cups rice,"onion, tofu",4.6,79,339,42,10,68,1591,61,9,19,39,8,8 servings,"Recipe for Beijing Duck: Mix ingredients, cook for 118 minutes.",
518,Pad Thai,119,Chef Gupta,119,46,165,2025-03-17,A delicious Vietnamese dish featuring pad thai.,https://example.com/pad-thai.jpg,Dessert,"Vietnamese, pad thai",3 cups rice,"tomato, vegetables",5.0,185,655,14,7,93,848,86,6,13,15,2,2 servings,"Recipe for Pad Thai: Mix ingredients, cook for 119 minutes.",
519,Dosa,115,Chef Zhang,17,13,30,2025-04-19,A delicious Indian dish featuring dosa.,https://example.com/dosa.jpg,Main Dish,"Indian, dosa",3 cups vegetables,"tomato, beef",4.1,53,558,46,11,138,847,93,15,13,29,6,6 servings,"Recipe for Dosa: Mix ingredients, cook for 17 minutes.",
520,Fried Rice,109,Chef Chen,92,24,116,2025-07-05,A delicious Chinese dish featuring fried rice.,https://example.com/fried-rice.jpg,Appetizer,"Chinese, fried rice",4 cups vegetables,"tomato, vegetables",5.0,390,575,31,15,127,1983,86,6,30,13,3,3 servings,"Recipe for Fried Rice: Mix ingredients, cook for 92 minutes.",
521,Ramen,112,Chef Liu,57,24,81,2025-08-28,A delicious Thai dish featuring ramen.,https://example.com/ramen.jpg,Dessert,"Thai, ramen",4 cups rice,"garlic, chicken",4.5,195,603,14,18,146,700,97,9,26,16,2,2 servings,"Recipe for Ramen: Mix ingredients, cook for 57 minutes.",
522,Tom Yum,107,Chef Sharma,50,12,62,2025-09-07,A delicious Vietnamese dish featuring tom yum.,https://example.com/tom-yum.jpg,Side Dish,"Vietnamese, tom yum",4 cups vegetables,"onion, tofu",4.5,114,581,50,14,52,975,41,14,18,12,4,4 servings,"Recipe for Tom Yum: Mix ingredients, cook for 50 minutes.",
523,Samgyetang,114,Chef Yoon,73,42,115,2025-01-18,A delicious Korean dish featuring samgyetang.,https://example.com/samgyetang.jpg,Breakfast,"Korean, samgyetang",3 cups vegetables,"tomato, vegetables",5.0,227,445,23,10,131,701,75,9,10,14,5,5 servings,"Recipe for Samgyetang: Mix ingredients, cook for 73 minutes.",
524,Kimbap,119,Chef Gupta,60,14,74,2025-01-08,A delicious Korean dish featuring kimbap.,https://example.com/kimbap.jpg,Appetizer,"Korean, kimbap",5 cups vegetables,"ginger, chicken",4.4,483,579,24,12,61,1668,70,9,12,27,6,6 servings,"Recipe for Kimbap: Mix ingredients, cook for 60 minutes.",
525,Bulgogi,109,Chef Chen,62,14,76,2025-01-09,A delicious Korean dish featuring bulgogi.,https://example.com/bulgogi.jpg,Dessert,"Korean, bulgogi",2 cups spices,"tomato, vegetables",4.6,165,325,47,20,53,1258,42,15,11,29,2,2 servings,"Recipe for Bulgogi: Mix ingredients, cook for 62 minutes.",
526,Tempura,111,Chef Choi,68,37,105,2024-11-24,A delicious Thai dish featuring tempura.,https://example.com/tempura.jpg,Appetizer,"Thai, tempura",3 cups vegetables,"tomato, tofu",4.5,86,652,11,6,116,1856,84,15,12,24,7,7 servings,"Recipe for Tempura: Mix ingredients, cook for 68 minutes.",
527,Mapo Tofu,107,Chef Sharma,104,23,127,2025-09-15,A delicious Chinese dish featuring mapo tofu.,https://example.com/mapo-tofu.jpg,Soup,"Chinese, mapo tofu",1 cups vegetables,"garlic, chicken",4.4,316,526,38,7,37,684,47,6,9,36,4,4 servings,"Recipe for Mapo Tofu: Mix ingredients, cook for 104 minutes.",
528,Sweet and Sour Pork,113,Chef Patel,109,21,130,2025-05-27,A delicious Chinese dish featuring sweet and sour pork.,https://example.com/sweet-and-sour-pork.jpg,Main Dish,"Chinese, sweet and sour pork",1 cups vegetables,"tomato, tofu",4.0,69,679,30,6,73,1914,85,7,26,18,7,7 servings,"Recipe for Sweet and Sour Pork: Mix ingredients, cook for 109 minutes.",
529,Banh Mi,116,Chef Singh,74,37,111,2024-12-05,A delicious Thai dish featuring banh mi.,https://example.com/banh-mi.jpg,Appetizer,"Thai, banh mi",3 cups rice,"onion, tofu",4.4,104,289,39,19,115,884,68,5,14,38,3,3 servings,"Recipe for Banh Mi: Mix ingredients, cook for 74 minutes.",
530,Rajma,113,Chef Patel,75,6,81,2025-03-04,A delicious Indian dish featuring rajma.,https://example.com/rajma.jpg,Main Dish,"Indian, rajma",2 cups rice,"onion, tofu",4.4,302,247,20,10,122,699,89,12,17,13,5,5 servings,"Recipe for Rajma: Mix ingredients, cook for 75 minutes.",
531,Bulgogi,120,Chef Jung,58,20,78,2025-09-28,A delicious Korean dish featuring bulgogi.,https://example.com/bulgogi.jpg,Snack,"Korean, bulgogi",1 cups rice,"tomato, tofu",5.0,364,237,35,16,121,1218,89,10,22,20,2,2 servings,"Recipe for Bulgogi: Mix ingredients, cook for 58 minutes.",
532,Paneer Tikka,111,Chef Choi,100,11,111,2024-12-01,A delicious Indian dish featuring paneer tikka.,https://example.com/paneer-tikka.jpg,Dessert,"Indian, paneer tikka",5 cups chicken,"garlic, beef",4.4,162,291,45,13,67,1960,40,15,5,16,2,2 servings,"Recipe for Paneer Tikka: Mix ingredients, cook for 100 minutes.",
533,Dumplings,114,Chef Yoon,42,19,61,2025-10-08,A delicious Chinese dish featuring dumplings.,https://example.com/dumplings.jpg,Appetizer,"Chinese, dumplings",4 cups spices,"garlic, tofu",4.5,188,522,35,10,59,1892,97,4,14,35,3,3 servings,"Recipe for Dumplings: Mix ingredients, cook for 42 minutes.",
534,Tom Yum,104,Chef Ahmed,34,39,73,2025-07-21,A delicious Thai dish featuring tom yum.,https://example.com/tom-yum.jpg,Soup,"Thai, tom yum",3 cups rice,"ginger, vegetables",4.6,429,483,16,11,142,1066,94,11,22,37,3,3 servings,"Recipe for Tom Yum: Mix ingredients, cook for 34 minutes.",
535,Rogan Josh,114,Chef Yoon,72,53,125,2025-04-23,A delicious Indian dish featuring rogan josh.,https://example.com/rogan-josh.jpg,Appetizer,"Indian, rogan josh",2 cups rice,"ginger, vegetables",4.2,386,334,28,19,56,1536,57,13,30,22,7,7 servings,"Recipe for Rogan Josh: Mix ingredients, cook for 72 minutes.",
536,Green Curry,108,Chef Lee,18,55,73,2025-01-11,A delicious Vietnamese dish featuring green curry.,https://example.com/green-curry.jpg,Snack,"Vietnamese, green curry",2 cups spices,"garlic, tofu",4.7,214,766,10,15,74,1905,46,5,14,33,2,2 servings,"Recipe for Green Curry: Mix ingredients, cook for 18 minutes.",
537,Fried Chicken,110,Chef Kumar,42,8,50,2025-05-26,A delicious Korean dish featuring fried chicken.,https://example.com/fried-chicken.jpg,Dessert,"Korean, fried chicken",4 cups spices,"onion, chicken",4.5,55,490,22,20,66,1716,87,9,14,37,2,2 servings,"Recipe for Fried Chicken: Mix ingredients, cook for 42 minutes.",
538,Banh Mi,115,Chef Zhang,105,33,138,2024-12-30,A delicious Japanese dish featuring banh mi.,https://example.com/banh-mi.jpg,Snack,"Japanese, banh mi",4 cups spices,"ginger, vegetables",4.5,287,348,45,12,119,1337,98,10,17,39,2,2 servings,"Recipe for Banh Mi: Mix ingredients, cook for 105 minutes.",
539,Tempura,106,Chef Wang,110,9,119,2025-07-15,A delicious Thai dish featuring tempura.,https://example.com/tempura.jpg,Appetizer,"Thai, tempura",1 cups spices,"garlic, vegetables",4.6,462,441,42,16,44,1883,98,4,30,33,3,3 servings,"Recipe for Tempura: Mix ingredients, cook for 110 minutes.",
540,Sushi,104,Chef Ahmed,26,28,54,2024-12-24,A delicious Thai dish featuring sushi.,https://example.com/sushi.jpg,Dessert,"Thai, sushi",4 cups spices,"garlic, beef",4.7,276,429,16,11,55,694,98,5,21,22,7,7 servings,"Recipe for Sushi: Mix ingredients, cook for 26 minutes.",
541,Satay,107,Chef Sharma,111,26,137,2025-06-24,A delicious Japanese dish featuring satay.,https://example.com/satay.jpg,Appetizer,"Japanese, satay",5 cups chicken,"onion, tofu",4.2,405,731,32,19,122,1209,80,14,22,12,7,7 servings,"Recipe for Satay: Mix ingredients, cook for 111 minutes.",
542,Tom Yum,119,Chef Gupta,19,18,37,2025-08-09,A delicious Thai dish featuring tom yum.,https://example.com/tom-yum.jpg,Snack,"Thai, tom yum",1 cups spices,"onion, chicken",4.6,462,438,34,6,124,1575,49,3,8,23,5,5 servings,"Recipe for Tom Yum: Mix ingredients, cook for 19 minutes.",
543,Banh Mi,117,Chef Han,76,19,95,2025-05-07,A delicious Thai dish featuring banh mi.,https://example.com/banh-mi.jpg,Appetizer,"Thai, banh mi",3 cups vegetables,"garlic, vegetables",4.8,212,772,42,8,122,1877,81,4,10,17,7,7 servings,"Recipe for Banh Mi: Mix ingredients, cook for 76 minutes.",
544,Nasi Goreng,116,Chef Singh,16,11,27,2025-07-29,A delicious Thai dish featuring nasi goreng.,https://example.com/nasi-goreng.jpg,Soup,"Thai, nasi goreng",5 cups spices,"garlic, vegetables",4.0,264,464,33,8,66,546,74,15,27,33,5,5 servings,"Recipe for Nasi Goreng: Mix ingredients, cook for 16 minutes.",
545,Butter Chicken,106,Chef Wang,112,51,163,2025-03-17,A delicious Indian dish featuring butter chicken.,https://example.com/butter-chicken.jpg,Side Dish,"Indian, butter chicken",4 cups rice,"onion, tofu",4.8,215,254,10,20,59,641,55,4,15,16,6,6 servings,"Recipe for Butter Chicken: Mix ingredients, cook for 112 minutes.",
546,Tempura,120,Chef Jung,103,60,163,2025-02-28,A delicious Thai dish featuring tempura.,https://example.com/tempura.jpg,Side Dish,"Thai, tempura",1 cups rice,"garlic, tofu",4.1,373,696,35,13,96,1482,43,3,29,37,8,8 servings,"Recipe for Tempura: Mix ingredients, cook for 103 minutes.",
547,Pad Thai,109,Chef Chen,87,5,92,2025-09-27,A delicious Vietnamese dish featuring pad thai.,https://example.com/pad-thai.jpg,Snack,"Vietnamese, pad thai",1 cups spices,"onion, beef",5.0,239,229,30,15,58,787,82,12,24,30,7,7 servings,"Recipe for Pad Thai: Mix ingredients, cook for 87 minutes.",
548,Sweet and Sour Pork,109,Chef Chen,22,32,54,2025-04-27,A delicious Chinese dish featuring sweet and sour pork.,https://example.com/sweet-and-sour-pork.jpg,Side Dish,"Chinese, sweet and sour pork",1 cups chicken,"ginger, vegetables",4.4,492,631,26,17,66,1354,86,9,30,39,2,2 servings,"Recipe for Sweet and Sour Pork: Mix ingredients, cook for 22 minutes.",
549,Bulgogi,106,Chef Wang,90,7,97,2025-02-28,A delicious Korean dish featuring bulgogi.,https://example.com/bulgogi.jpg,Breakfast,"Korean, bulgogi",4 cups spices,"ginger, tofu",4.2,99,472,13,7,78,1847,62,12,17,31,7,7 servings,"Recipe for Bulgogi: Mix ingredients, cook for 90 minutes.",
550,Spring Rolls,106,Chef Wang,84,49,133,2025-02-27,A delicious Chinese dish featuring spring rolls.,https://example.com/spring-rolls.jpg,Side Dish,"Chinese, spring rolls",1 cups rice,"onion, beef",4.4,210,779,43,8,48,766,74,4,8,34,3,3 servings,"Recipe for Spring Rolls: Mix ingredients, cook for 84 minutes.",
551,Fried Chicken,104,Chef Ahmed,52,43,95,2025-05-13,A delicious Korean dish featuring fried chicken.,https://example.com/fried-chicken.jpg,Dessert,"Korean, fried chicken",1 cups rice,"tomato, chicken",4.4,157,222,43,5,51,1639,76,5,12,18,3,3 servings,"Recipe for Fried Chicken: Mix ingredients, cook for 52 minutes.",
552,Sushi,115,Chef Zhang,10,57,67,2025-05-06,A delicious Thai dish featuring sushi.,https://example.com/sushi.jpg,Appetizer,"Thai, sushi",1 cups chicken,"ginger, chicken",4.8,454,622,45,7,35,1946,67,10,28,36,2,2 servings,"Recipe for Sushi: Mix ingredients, cook for 10 minutes.",
553,Tom Yum,107,Chef Sharma,55,54,109,2025-05-07,A delicious Thai dish featuring tom yum.,https://example.com/tom-yum.jpg,Side Dish,"Thai, tom yum",2 cups spices,"tomato, tofu",4.7,282,603,26,20,36,777,85,12,20,35,5,5 servings,"Recipe for Tom Yum: Mix ingredients, cook for 55 minutes.",
554,Samosa,119,Chef Gupta,107,58,165,2025-01-03,A delicious Indian dish featuring samosa.,https://example.com/samosa.jpg,Side Dish,"Indian, samosa",2 cups spices,"onion, vegetables",4.9,407,214,42,10,105,1351,96,12,9,23,6,6 servings,"Recipe for Samosa: Mix ingredients, cook for 107 minutes.",
555,Samosa,105,Chef Park,30,41,71,2025-04-18,A delicious Indian dish featuring samosa.,https://example.com/samosa.jpg,Soup,"Indian, samosa",2 cups spices,"onion, tofu",4.9,79,578,47,17,146,1179,47,11,17,31,3,3 servings,"Recipe for Samosa: Mix ingredients, cook for 30 minutes.",
556,Chow Mein,103,Chef Li,16,48,64,2025-09-29,A delicious Chinese dish featuring chow mein.,https://example.com/chow-mein.jpg,Side Dish,"Chinese, chow mein",2 cups rice,"onion, tofu",4.1,467,214,46,7,21,1141,89,3,13,32,4,4 servings,"Recipe for Chow Mein: Mix ingredients, cook for 16 minutes.",
557,Paneer Tikka,103,Chef Li,84,6,90,2025-06-11,A delicious Indian dish featuring paneer tikka.,https://example.com/paneer-tikka.jpg,Main Dish,"Indian, paneer tikka",2 cups rice,"tomato, chicken",4.7,479,290,23,5,108,1347,79,11,18,27,2,2 servings,"Recipe for Paneer Tikka: Mix ingredients, cook for 84 minutes.",
558,Kung Pao Chicken,115,Chef Zhang,76,19,95,2024-12-29,A delicious Chinese dish featuring kung pao chicken.,https://example.com/kung-pao-chicken.jpg,Side Dish,"Chinese, kung pao chicken",4 cups vegetables,"ginger, chicken",4.9,496,364,28,17,67,916,31,9,26,15,2,2 servings,"Recipe for Kung Pao Chicken: Mix ingredients, cook for 76 minutes.",
559,Aloo Gobi,102,Chef Kim,62,6,68,2025-05-30,A delicious Indian dish featuring aloo gobi.,https://example.com/aloo-gobi.jpg,Snack,"Indian, aloo gobi",3 cups spices,"ginger, tofu",4.7,91,627,24,19,119,1390,84,12,21,19,7,7 servings,"Recipe for Aloo Gobi: Mix ingredients, cook for 62 minutes.",
560,Tteokbokki,116,Chef Singh,21,22,43,2024-12-21,A delicious Korean dish featuring tteokbokki.,https://example.com/tteokbokki.jpg,Appetizer,"Korean, tteokbokki",1 cups chicken,"garlic, chicken",4.7,167,666,30,15,117,837,39,13,13,10,6,6 servings,"Recipe for Tteokbokki: Mix ingredients, cook for 21 minutes.",
561,Rajma,105,Chef Park,34,30,64,2025-07-16,A delicious Indian dish featuring rajma.,https://example.com/rajma.jpg,Dessert,"Indian, rajma",5 cups vegetables,"garlic, vegetables",4.2,481,521,15,16,25,1754,65,10,23,25,8,8 servings,"Recipe for Rajma: Mix ingredients, cook for 34 minutes.",
562,Samosa,101,Chef Raj,75,32,107,2025-01-31,A delicious Indian dish featuring samosa.,https://example.com/samosa.jpg,Main Dish,"Indian, samosa",2 cups rice,"onion, vegetables",4.3,177,391,26,19,129,1424,34,14,27,33,6,6 servings,"Recipe for Samosa: Mix ingredients, cook for 75 minutes.",
563,Fried Rice,105,Chef Park,19,15,34,2025-02-23,A delicious Chinese dish featuring fried rice.,https://example.com/fried-rice.jpg,Main Dish,"Chinese, fried rice",1 cups vegetables,"tomato, chicken",4.7,121,678,18,14,28,635,63,3,26,29,5,5 servings,"Recipe for Fried Rice: Mix ingredients, cook for 19 minutes.",
564,Wonton Soup,120,Chef Jung,75,9,84,2025-04-05,A delicious Chinese dish featuring wonton soup.,https://example.com/wonton-soup.jpg,Snack,"Chinese, wonton soup",1 cups vegetables,"ginger, chicken",4.2,194,323,24,17,147,1579,60,10,8,20,4,4 servings,"Recipe for Wonton Soup: Mix ingredients, cook for 75 minutes.",
565,Chana Masala,113,Chef Patel,19,55,74,2024-11-02,A delicious Indian dish featuring chana masala.,https://example.com/chana-masala.jpg,Snack,"Indian, chana masala",2 cups spices,"onion, chicken",4.4,240,244,21,12,118,596,88,5,12,24,2,2 servings,"Recipe for Chana Masala: Mix ingredients, cook for 19 minutes.",
566,Pani Puri,117,Chef Han,85,23,108,2024-11-20,A delicious Indian dish featuring pani puri.,https://example.com/pani-puri.jpg,Dessert,"Indian, pani puri",2 cups rice,"tomato, tofu",4.1,452,790,32,5,95,865,66,7,12,22,2,2 servings,"Recipe for Pani Puri: Mix ingredients, cook for 85 minutes.",
567,Pad Thai,117,Chef Han,24,50,74,2025-02-23,A delicious Vietnamese dish featuring pad thai.,https://example.com/pad-thai.jpg,Side Dish,"Vietnamese, pad thai",5 cups spices,"tomato, chicken",4.9,494,213,23,9,38,1004,35,3,10,28,3,3 servings,"Recipe for Pad Thai: Mix ingredients, cook for 24 minutes.",
568,Fried Chicken,116,Chef Singh,43,9,52,2024-11-23,A delicious Korean dish featuring fried chicken.,https://example.com/fried-chicken.jpg,Side Dish,"Korean, fried chicken",1 cups spices,"tomato, chicken",5.0,311,382,16,14,109,476,78,13,30,40,8,8 servings,"Recipe for Fried Chicken: Mix ingredients, cook for 43 minutes.",
569,Tom Yum,102,Chef Kim,81,8,89,2024-10-27,A delicious Thai dish featuring tom yum.,https://example.com/tom-yum.jpg,Snack,"Thai, tom yum",5 cups spices,"garlic, tofu",4.9,103,489,40,17,143,858,59,15,20,27,5,5 servings,"Recipe for Tom Yum: Mix ingredients, cook for 81 minutes.",
570,Banh Mi,106,Chef Wang,100,8,108,2024-12-10,A delicious Japanese dish featuring banh mi.,https://example.com/banh-mi.jpg,Side Dish,"Japanese, banh mi",1 cups rice,"garlic, tofu",4.6,266,794,40,18,123,1404,77,8,13,33,3,3 servings,"Recipe for Banh Mi: Mix ingredients, cook for 100 minutes.",
571,Paneer Tikka,111,Chef Choi,118,21,139,2025-07-16,A delicious Indian dish featuring paneer tikka.,https://example.com/paneer-tikka.jpg,Dessert,"Indian, paneer tikka",1 cups chicken,"garlic, chicken",4.4,465,293,24,12,141,1104,64,6,26,23,6,6 servings,"Recipe for Paneer Tikka: Mix ingredients, cook for 118 minutes.",
572,Tempura,118,Chef Wu,109,39,148,2025-09-10,A delicious Japanese dish featuring tempura.,https://example.com/tempura.jpg,Soup,"Japanese, tempura",3 cups chicken,"ginger, chicken",4.3,281,647,43,20,147,1511,69,12,9,27,5,5 servings,"Recipe for Tempura: Mix ingredients, cook for 109 minutes.",
573,Tempura,114,Chef Yoon,25,10,35,2025-09-29,A delicious Japanese dish featuring tempura.,https://example.com/tempura.jpg,Main Dish,"Japanese, tempura",1 cups rice,"ginger, vegetables",4.3,310,460,14,13,95,1436,48,5,7,27,7,7 servings,"Recipe for Tempura: Mix ingredients, cook for 25 minutes.",
574,Tom Yum,105,Chef Park,60,42,102,2025-07-13,A delicious Thai dish featuring tom yum.,https://example.com/tom-yum.jpg,Side Dish,"Thai, tom yum",3 cups rice,"ginger, vegetables",4.8,58,225,18,14,36,676,89,6,7,31,8,8 servings,"Recipe for Tom Yum: Mix ingredients, cook for 60 minutes.",
575,Ramen,103,Chef Li,17,18,35,2025-07-07,A delicious Japanese dish featuring ramen.,https://example.com/ramen.jpg,Soup,"Japanese, ramen",2 cups chicken,"onion, vegetables",4.3,160,668,42,5,50,804,41,12,20,22,5,5 servings,"Recipe for Ramen: Mix ingredients, cook for 17 minutes.",
576,Aloo Gobi,117,Chef Han,100,6,106,2025-06-17,A delicious Indian dish featuring aloo gobi.,https://example.com/aloo-gobi.jpg,Side Dish,"Indian, aloo gobi",3 cups vegetables,"garlic, tofu",4.7,472,584,15,8,41,1005,88,10,18,32,3,3 servings,"Recipe for Aloo Gobi: Mix ingredients, cook for 100 minutes.",
577,Japchae,108,Chef Lee,110,26,136,2025-06-07,A delicious Korean dish featuring japchae.,https://example.com/japchae.jpg,Snack,"Korean, japchae",1 cups rice,"garlic, tofu",4.8,103,474,46,8,71,1703,33,3,18,33,8,8 servings,"Recipe for Japchae: Mix ingredients, cook for 110 minutes.",
578,Rogan Josh,103,Chef Li,47,59,106,2025-01-15,A delicious Indian dish featuring rogan josh.,https://example.com/rogan-josh.jpg,Snack,"Indian, rogan josh",3 cups vegetables,"tomato, beef",4.6,397,660,48,19,90,1677,78,5,24,22,7,7 servings,"Recipe for Rogan Josh: Mix ingredients, cook for 47 minutes.",
579,Satay,112,Chef Liu,68,29,97,2025-01-03,A delicious Japanese dish featuring satay.,https://example.com/satay.jpg,Appetizer,"Japanese, satay",3 cups rice,"tomato, chicken",4.3,313,706,32,15,36,1993,70,11,12,15,4,4 servings,"Recipe for Satay: Mix ingredients, cook for 68 minutes.",
580,Nasi Goreng,120,Chef Jung,21,52,73,2025-01-08,A delicious Japanese dish featuring nasi goreng.,https://example.com/nasi-goreng.jpg,Side Dish,"Japanese, nasi goreng",3 cups vegetables,"onion, tofu",5.0,428,737,38,5,75,1831,47,3,24,33,5,5 servings,"Recipe for Nasi Goreng: Mix ingredients, cook for 21 minutes.",
581,Kung Pao Chicken,118,Chef Wu,36,11,47,2024-12-31,A delicious Chinese dish featuring kung pao chicken.,https://example.com/kung-pao-chicken.jpg,Appetizer,"Chinese, kung pao chicken",3 cups spices,"tomato, beef",4.1,148,517,15,10,23,1008,64,4,12,28,5,5 servings,"Recipe for Kung Pao Chicken: Mix ingredients, cook for 36 minutes.",
582,Nasi Goreng,111,Chef Choi,73,28,101,2024-11-17,A delicious Japanese dish featuring nasi goreng.,https://example.com/nasi-goreng.jpg,Side Dish,"Japanese, nasi goreng",2 cups chicken,"ginger, tofu",4.3,408,207,34,7,103,1672,77,6,18,40,8,8 servings,"Recipe for Nasi Goreng: Mix ingredients, cook for 73 minutes.",
583,Wonton Soup,111,Chef Choi,120,14,134,2025-07-23,A delicious Chinese dish featuring wonton soup.,https://example.com/wonton-soup.jpg,Main Dish,"Chinese, wonton soup",3 cups chicken,"garlic, beef",4.9,65,488,23,5,118,1846,100,12,16,24,3,3 servings,"Recipe for Wonton Soup: Mix ingredients, cook for 120 minutes.",
584,Pho,118,Chef Wu,52,38,90,2025-05-03,A delicious Vietnamese dish featuring pho.,https://example.com/pho.jpg,Snack,"Vietnamese, pho",4 cups vegetables,"garlic, tofu",4.7,454,270,48,15,92,1218,95,9,26,19,6,6 servings,"Recipe for Pho: Mix ingredients, cook for 52 minutes.",
585,Pad Thai,103,Chef Li,16,6,22,2024-10-28,A delicious Japanese dish featuring pad thai.,https://example.com/pad-thai.jpg,Appetizer,"Japanese, pad thai",3 cups spices,"tomato, tofu",4.2,283,343,18,14,40,833,85,14,6,19,3,3 servings,"Recipe for Pad Thai: Mix ingredients, cook for 16 minutes.",
586,Satay,118,Chef Wu,65,45,110,2025-04-13,A delicious Japanese dish featuring satay.,https://example.com/satay.jpg,Side Dish,"Japanese, satay",1 cups chicken,"onion, beef",4.9,174,235,19,20,24,1309,92,12,11,12,7,7 servings,"Recipe for Satay: Mix ingredients, cook for 65 minutes.",
587,Pad Thai,114,Chef Yoon,37,46,83,2025-04-23,A delicious Thai dish featuring pad thai.,https://example.com/pad-thai.jpg,Breakfast,"Thai, pad thai",2 cups vegetables,"garlic, tofu",4.9,193,602,43,9,53,1151,94,8,18,21,6,6 servings,"Recipe for Pad Thai: Mix ingredients, cook for 37 minutes.",
588,Mapo Tofu,108,Chef Lee,48,28,76,2025-05-21,A delicious Chinese dish featuring mapo tofu.,https://example.com/mapo-tofu.jpg,Side Dish,"Chinese, mapo tofu",3 cups spices,"garlic, tofu",4.3,124,525,49,20,112,496,59,11,14,36,6,6 servings,"Recipe for Mapo Tofu: Mix ingredients, cook for 48 minutes.",
589,Samosa,105,Chef Park,90,25,115,2025-05-30,A delicious Indian dish featuring samosa.,https://example.com/samosa.jpg,Dessert,"Indian, samosa",3 cups chicken,"garlic, vegetables",4.1,222,458,47,8,64,767,76,9,17,10,2,2 servings,"Recipe for Samosa: Mix ingredients, cook for 90 minutes.",
590,Mapo Tofu,109,Chef Chen,26,29,55,2025-05-14,A delicious Chinese dish featuring mapo tofu.,https://example.com/mapo-tofu.jpg,Soup,"Chinese, mapo tofu",5 cups chicken,"ginger, vegetables",4.3,290,570,31,20,98,972,90,14,28,31,4,4 servings,"Recipe for Mapo Tofu: Mix ingredients, cook for 26 minutes.",
591,Samgyetang,105,Chef Park,38,5,43,2025-09-24,A delicious Korean dish featuring samgyetang.,https://example.com/samgyetang.jpg,Appetizer,"Korean, samgyetang",2 cups vegetables,"onion, beef",4.1,352,351,21,9,146,1424,56,9,17,19,4,4 servings,"Recipe for Samgyetang: Mix ingredients, cook for 38 minutes.",
592,Tempura,103,Chef Li,84,34,118,2024-11-30,A delicious Vietnamese dish featuring tempura.,https://example.com/tempura.jpg,Dessert,"Vietnamese, tempura",3 cups vegetables,"ginger, chicken",4.6,328,654,30,11,98,1645,30,15,17,10,5,5 servings,"Recipe for Tempura: Mix ingredients, cook for 84 minutes.",
593,Satay,120,Chef Jung,19,36,55,2025-04-11,A delicious Thai dish featuring satay.,https://example.com/satay.jpg,Snack,"Thai, satay",4 cups spices,"garlic, chicken",4.8,198,379,30,5,94,613,45,7,21,10,5,5 servings,"Recipe for Satay: Mix ingredients, cook for 19 minutes.",
594,Kimchi Jjigae,108,Chef Lee,35,21,56,2025-06-16,A delicious Korean dish featuring kimchi jjigae.,https://example.com/kimchi-jjigae.jpg,Breakfast,"Korean, kimchi jjigae",2 cups rice,"onion, chicken",4.2,328,747,27,16,66,819,79,7,15,34,4,4 servings,"Recipe for Kimchi Jjigae: Mix ingredients, cook for 35 minutes.",
595,Dumplings,115,Chef Zhang,20,16,36,2025-09-17,A delicious Chinese dish featuring dumplings.,https://example.com/dumplings.jpg,Snack,"Chinese, dumplings",1 cups rice,"onion, vegetables",4.0,381,639,34,15,39,739,69,9,24,34,6,6 servings,"Recipe for Dumplings: Mix ingredients, cook for 20 minutes.",
596,Paneer Tikka,114,Chef Yoon,24,26,50,2025-05-25,A delicious Indian dish featuring paneer tikka.,https://example.com/paneer-tikka.jpg,Appetizer,"Indian, paneer tikka",1 cups rice,"garlic, vegetables",5.0,169,755,23,16,115,1495,84,13,23,31,4,4 servings,"Recipe for Paneer Tikka: Mix ingredients, cook for 24 minutes.",
597,Butter Chicken,102,Chef Kim,42,45,87,2025-07-20,A delicious Indian dish featuring butter chicken.,https://example.com/butter-chicken.jpg,Soup,"Indian, butter chicken",1 cups vegetables,"garlic, tofu",4.9,195,510,34,13,131,1824,33,9,8,36,7,7 servings,"Recipe for Butter Chicken: Mix ingredients, cook for 42 minutes.",
598,Pad Thai,117,Chef Han,59,54,113,2024-11-06,A delicious Japanese dish featuring pad thai.,https://example.com/pad-thai.jpg,Dessert,"Japanese, pad thai",4 cups rice,"ginger, chicken",4.8,415,645,10,9,44,836,79,8,16,22,6,6 servings,"Recipe for Pad Thai: Mix ingredients, cook for 59 minutes.",
599,Pho,108,Chef Lee,79,52,131,2025-02-13,A delicious Thai dish featuring pho.,https://example.com/pho.jpg,Snack,"Thai, pho",4 cups spices,"ginger, chicken",4.5,67,794,45,7,48,1748,71,10,6,16,8,8 servings,"Recipe for Pho: Mix ingredients, cook for 79 minutes.",
600,Pad Thai,113,Chef Patel,106,52,158,2025-07-16,A delicious Vietnamese dish featuring pad thai.,https://example.com/pad-thai.jpg,Soup,"Vietnamese, pad thai",5 cups spices,"garlic, beef",4.9,385,491,18,15,116,402,95,8,18,20,8,8 servings,"Recipe for Pad Thai: Mix ingredients, cook for 106 minutes.",
601,Nasi Goreng,116,Chef Singh,53,17,70,2025-07-01,A delicious Thai dish featuring nasi goreng.,https://example.com/nasi-goreng.jpg,Soup,"Thai, nasi goreng",4 cups vegetables,"garlic, vegetables",4.6,229,795,18,16,86,1164,42,12,28,31,6,6 servings,"Recipe for Nasi Goreng: Mix ingredients, cook for 53 minutes.",
602,Rogan Josh,111,Chef Choi,104,25,129,2025-03-31,A delicious Indian dish featuring rogan josh.,https://example.com/rogan-josh.jpg,Snack,"Indian, rogan josh",3 cups spices,"onion, beef",4.6,222,267,32,16,67,1175,57,15,24,12,2,2 servings,"Recipe for Rogan Josh: Mix ingredients, cook for 104 minutes.",
603,Spring Rolls,105,Chef Park,17,6,23,2025-04-17,A delicious Chinese dish featuring spring rolls.,https://example.com/spring-rolls.jpg,Dessert,"Chinese, spring rolls",3 cups vegetables,"onion, vegetables",4.8,488,284,34,8,144,1096,85,15,24,15,3,3 servings,"Recipe for Spring Rolls: Mix ingredients, cook for 17 minutes.",
604,Butter Chicken,115,Chef Zhang,17,9,26,2024-12-02,A delicious Indian dish featuring butter chicken.,https://example.com/butter-chicken.jpg,Snack,"Indian, butter chicken",3 cups rice,"garlic, vegetables",4.1,54,555,30,10,52,1360,31,9,22,31,3,3 servings,"Recipe for Butter Chicken: Mix ingredients, cook for 17 minutes.",
605,Ramen,116,Chef Singh,93,14,107,2025-03-26,A delicious Vietnamese dish featuring ramen.,https://example.com/ramen.jpg,Dessert,"Vietnamese, ramen",2 cups spices,"ginger, beef",4.6,129,344,10,19,21,883,63,14,24,27,5,5 servings,"Recipe for Ramen: Mix ingredients, cook for 93 minutes.",
606,Sushi,107,Chef Sharma,14,17,31,2025-09-20,A delicious Vietnamese dish featuring sushi.,https://example.com/sushi.jpg,Side Dish,"Vietnamese, sushi",4 cups chicken,"ginger, tofu",4.8,457,536,39,10,119,1704,51,15,27,12,4,4 servings,"Recipe for Sushi: Mix ingredients, cook for 14 minutes.",
607,Sushi,116,Chef Singh,86,40,126,2024-11-02,A delicious Thai dish featuring sushi.,https://example.com/sushi.jpg,Breakfast,"Thai, sushi",1 cups chicken,"onion, beef",4.0,208,436,17,17,52,891,55,12,24,12,6,6 servings,"Recipe for Sushi: Mix ingredients, cook for 86 minutes.",
608,Wonton Soup,112,Chef Liu,112,53,165,2025-02-15,A delicious Chinese dish featuring wonton soup.,https://example.com/wonton-soup.jpg,Breakfast,"Chinese, wonton soup",3 cups spices,"garlic, tofu",4.7,285,474,27,5,55,766,61,10,20,33,2,2 servings,"Recipe for Wonton Soup: Mix ingredients, cook for 112 minutes.",
609,Tteokbokki,111,Chef Choi,53,17,70,2025-03-24,A delicious Korean dish featuring tteokbokki.,https://example.com/tteokbokki.jpg,Snack,"Korean, tteokbokki",4 cups chicken,"garlic, tofu",4.0,466,325,23,8,95,1094,82,13,23,31,7,7 servings,"Recipe for Tteokbokki: Mix ingredients, cook for 53 minutes.",
610,Banh Mi,110,Chef Kumar,38,54,92,2025-04-27,A delicious Japanese dish featuring banh mi.,https://example.com/banh-mi.jpg,Soup,"Japanese, banh mi",1 cups rice,"garlic, vegetables",4.3,181,285,39,9,75,1749,84,3,24,19,5,5 servings,"Recipe for Banh Mi: Mix ingredients, cook for 38 minutes.",
611,Butter Chicken,111,Chef Choi,25,50,75,2025-03-24,A delicious Indian dish featuring butter chicken.,https://example.com/butter-chicken.jpg,Breakfast,"Indian, butter chicken",4 cups vegetables,"ginger, vegetables",5.0,445,206,26,16,50,835,88,8,7,11,7,7 servings,"Recipe for Butter Chicken: Mix ingredients, cook for 25 minutes.",
612,Bibimbap,118,Chef Wu,48,26,74,2025-09-26,A delicious Korean dish featuring bibimbap.,https://example.com/bibimbap.jpg,Side Dish,"Korean, bibimbap",3 cups rice,"onion, tofu",4.8,363,519,38,20,114,960,69,3,30,11,7,7 servings,"Recipe for Bibimbap: Mix ingredients, cook for 48 minutes.",
613,Kimchi Jjigae,105,Chef Park,71,34,105,2025-03-10,A delicious Korean dish featuring kimchi jjigae.,https://example.com/kimchi-jjigae.jpg,Snack,"Korean, kimchi jjigae",3 cups rice,"ginger, chicken",4.9,453,352,22,5,38,1620,34,11,26,13,7,7 servings,"Recipe for Kimchi Jjigae: Mix ingredients, cook for 71 minutes.",
614,Tom Yum,109,Chef Chen,109,13,122,2025-01-20,A delicious Thai dish featuring tom yum.,https://example.com/tom-yum.jpg,Snack,"Thai, tom yum",2 cups chicken,"onion, vegetables",4.9,403,528,18,9,79,735,39,15,6,31,8,8 servings,"Recipe for Tom Yum: Mix ingredients, cook for 109 minutes.",
615,Banh Mi,108,Chef Lee,78,9,87,2025-09-09,A delicious Thai dish featuring banh mi.,https://example.com/banh-mi.jpg,Dessert,"Thai, banh mi",1 cups chicken,"ginger, chicken",4.6,108,751,30,18,134,1320,42,14,29,28,4,4 servings,"Recipe for Banh Mi: Mix ingredients, cook for 78 minutes.",
616,Ramen,118,Chef Wu,62,38,100,2025-04-01,A delicious Vietnamese dish featuring ramen.,https://example.com/ramen.jpg,Main Dish,"Vietnamese, ramen",2 cups chicken,"garlic, tofu",4.6,145,426,23,5,46,565,79,5,26,26,6,6 servings,"Recipe for Ramen: Mix ingredients, cook for 62 minutes.",
617,Green Curry,102,Chef Kim,60,36,96,2025-03-15,A delicious Thai dish featuring green curry.,https://example.com/green-curry.jpg,Side Dish,"Thai, green curry",1 cups rice,"garlic, tofu",4.0,314,684,29,11,66,1676,77,14,21,17,4,4 servings,"Recipe for Green Curry: Mix ingredients, cook for 60 minutes.",
618,Pad Thai,102,Chef Kim,29,35,64,2024-11-26,A delicious Thai dish featuring pad thai.,https://example.com/pad-thai.jpg,Snack,"Thai, pad thai",1 cups spices,"onion, vegetables",4.1,459,521,19,6,135,1907,40,10,24,34,6,6 servings,"Recipe for Pad Thai: Mix ingredients, cook for 29 minutes.",
619,Kung Pao Chicken,107,Chef Sharma,58,7,65,2025-06-29,A delicious Chinese dish featuring kung pao chicken.,https://example.com/kung-pao-chicken.jpg,Appetizer,"Chinese, kung pao chicken",3 cups rice,"onion, tofu",4.1,112,503,19,12,124,602,72,10,26,26,3,3 servings,"Recipe for Kung Pao Chicken: Mix ingredients, cook for 58 minutes.",
620,Paneer Tikka,105,Chef Park,29,27,56,2025-10-18,A delicious Indian dish featuring paneer tikka.,https://example.com/paneer-tikka.jpg,Soup,"Indian, paneer tikka",3 cups chicken,"garlic, vegetables",4.7,369,295,19,6,27,1140,54,8,6,11,4,4 servings,"Recipe for Paneer Tikka: Mix ingredients, cook for 29 minutes.",
621,Nasi Goreng,108,Chef Lee,68,9,77,2025-07-11,A delicious Japanese dish featuring nasi goreng.,https://example.com/nasi-goreng.jpg,Appetizer,"Japanese, nasi goreng",5 cups vegetables,"ginger, vegetables",4.7,340,232,18,16,77,1598,55,9,28,17,7,7 servings,"Recipe for Nasi Goreng: Mix ingredients, cook for 68 minutes.",
622,Tempura,114,Chef Yoon,118,27,145,2024-10-26,A delicious Japanese dish featuring tempura.,https://example.com/tempura.jpg,Dessert,"Japanese, tempura",1 cups spices,"onion, beef",4.6,107,707,33,12,86,862,79,14,5,30,5,5 servings,"Recipe for Tempura: Mix ingredients, cook for 118 minutes.",
623,Pad Thai,107,Chef Sharma,12,36,48,2025-06-03,A delicious Japanese dish featuring pad thai.,https://example.com/pad-thai.jpg,Soup,"Japanese, pad thai",5 cups spices,"tomato, vegetables",4.5,240,297,18,13,47,1257,89,12,26,34,6,6 servings,"Recipe for Pad Thai: Mix ingredients, cook for 12 minutes.",
624,Pho,108,Chef Lee,65,9,74,2025-04-13,A delicious Japanese dish featuring pho.,https://example.com/pho.jpg,Soup,"Japanese, pho",1 cups spices,"ginger, beef",4.5,81,320,11,7,104,587,48,15,25,33,2,2 servings,"Recipe for Pho: Mix ingredients, cook for 65 minutes.",
625,Kung Pao Chicken,117,Chef Han,64,40,104,2025-03-14,A delicious Chinese dish featuring kung pao chicken.,https://example.com/kung-pao-chicken.jpg,Soup,"Chinese, kung pao chicken",4 cups vegetables,"onion, beef",4.9,165,463,28,15,96,665,77,10,20,34,4,4 servings,"Recipe for Kung Pao Chicken: Mix ingredients, cook for 64 minutes.",
626,Pho,108,Chef Lee,28,21,49,2025-10-09,A delicious Japanese dish featuring pho.,https://example.com/pho.jpg,Dessert,"Japanese, pho",3 cups chicken,"tomato, vegetables",4.7,388,711,45,14,110,1606,52,9,16,32,5,5 servings,"Recipe for Pho: Mix ingredients, cook for 28 minutes.",
627,Tempura,108,Chef Lee,102,39,141,2025-03-22,A delicious Vietnamese dish featuring tempura.,https://example.com/tempura.jpg,Main Dish,"Vietnamese, tempura",4 cups spices,"onion, chicken",4.1,234,711,45,11,46,1606,43,11,7,36,7,7 servings,"Recipe for Tempura: Mix ingredients, cook for 102 minutes.",
628,Nasi Goreng,105,Chef Park,56,43,99,2025-08-31,A delicious Thai dish featuring nasi goreng.,https://example.com/nasi-goreng.jpg,Dessert,"Thai, nasi goreng",5 cups spices,"onion, beef",4.7,449,281,42,5,65,1461,94,7,12,12,3,3 servings,"Recipe for Nasi Goreng: Mix ingredients, cook for 56 minutes.",
629,Kimchi Jjigae,103,Chef Li,83,27,110,2025-05-20,A delicious Korean dish featuring kimchi jjigae.,https://example.com/kimchi-jjigae.jpg,Breakfast,"Korean, kimchi jjigae",1 cups chicken,"garlic, tofu",4.9,445,613,27,20,60,1678,65,11,14,11,6,6 servings,"Recipe for Kimchi Jjigae: Mix ingredients, cook for 83 minutes.",
630,Nasi Goreng,119,Chef Gupta,82,52,134,2025-07-12,A delicious Vietnamese dish featuring nasi goreng.,https://example.com/nasi-goreng.jpg,Appetizer,"Vietnamese, nasi goreng",5 cups spices,"garlic, tofu",4.5,81,540,33,8,67,498,35,9,5,32,4,4 servings,"Recipe for Nasi Goreng: Mix ingredients, cook for 82 minutes.",
631,Rogan Josh,106,Chef Wang,31,53,84,2025-05-03,A delicious Indian dish featuring rogan josh.,https://example.com/rogan-josh.jpg,Side Dish,"Indian, rogan josh",5 cups chicken,"ginger, beef",4.7,65,650,11,16,103,873,96,12,16,34,4,4 servings,"Recipe for Rogan Josh: Mix ingredients, cook for 31 minutes.",
632,Green Curry,120,Chef Jung,17,47,64,2025-07-23,A delicious Vietnamese dish featuring green curry.,https://example.com/green-curry.jpg,Soup,"Vietnamese, green curry",3 cups rice,"garlic, vegetables",4.8,123,325,25,16,113,1800,37,12,30,31,7,7 servings,"Recipe for Green Curry: Mix ingredients, cook for 17 minutes.",
633,Tom Yum,108,Chef Lee,97,16,113,2025-02-14,A delicious Japanese dish featuring tom yum.,https://example.com/tom-yum.jpg,Snack,"Japanese, tom yum",5 cups vegetables,"onion, tofu",4.5,258,374,22,19,68,970,39,15,24,12,8,8 servings,"Recipe for Tom Yum: Mix ingredients, cook for 97 minutes.",
634,Pad Thai,114,Chef Yoon,29,43,72,2025-06-17,A delicious Vietnamese dish featuring pad thai.,https://example.com/pad-thai.jpg,Appetizer,"Vietnamese, pad thai",4 cups spices,"onion, chicken",4.8,313,471,22,6,134,765,37,6,20,14,2,2 servings,"Recipe for Pad Thai: Mix ingredients, cook for 29 minutes.",
635,Ramen,109,Chef Chen,83,48,131,2025-07-24,A delicious Japanese dish featuring ramen.,https://example.com/ramen.jpg,Main Dish,"Japanese, ramen",3 cups vegetables,"ginger, vegetables",4.3,240,642,11,15,96,879,44,6,16,36,8,8 servings,"Recipe for Ramen: Mix ingredients, cook for 83 minutes.",
636,Banh Mi,108,Chef Lee,41,23,64,2025-02-10,A delicious Thai dish featuring banh mi.,https://example.com/banh-mi.jpg,Soup,"Thai, banh mi",2 cups chicken,"onion, beef",4.9,150,203,19,6,104,975,80,3,28,34,6,6 servings,"Recipe for Banh Mi: Mix ingredients, cook for 41 minutes.",
637,Tom Yum,114,Chef Yoon,94,13,107,2024-12-11,A delicious Thai dish featuring tom yum.,https://example.com/tom-yum.jpg,Main Dish,"Thai, tom yum",1 cups rice,"ginger, tofu",4.5,83,318,31,15,73,852,47,4,12,11,3,3 servings,"Recipe for Tom Yum: Mix ingredients, cook for 94 minutes.",
638,Samosa,104,Chef Ahmed,63,52,115,2024-12-16,A delicious Indian dish featuring samosa.,https://example.com/samosa.jpg,Soup,"Indian, samosa",2 cups spices,"ginger, beef",4.5,489,243,13,10,65,1583,41,3,10,28,3,3 servings,"Recipe for Samosa: Mix ingredients, cook for 63 minutes.",
639,Satay,101,Chef Raj,31,46,77,2025-07-16,A delicious Thai dish featuring satay.,https://example.com/satay.jpg,Breakfast,"Thai, satay",4 cups chicken,"tomato, chicken",4.4,344,218,19,13,53,1022,55,14,30,23,2,2 servings,"Recipe for Satay: Mix ingredients, cook for 31 minutes.",
640,Green Curry,107,Chef Sharma,106,60,166,2025-02-23,A delicious Thai dish featuring green curry.,https://example.com/green-curry.jpg,Dessert,"Thai, green curry",4 cups chicken,"onion, beef",4.2,144,487,37,7,130,815,88,11,26,26,3,3 servings,"Recipe for Green Curry: Mix ingredients, cook for 106 minutes.",
641,Satay,103,Chef Li,39,58,97,2025-06-07,A delicious Thai dish featuring satay.,https://example.com/satay.jpg,Breakfast,"Thai, satay",3 cups vegetables,"garlic, chicken",4.5,249,571,30,5,54,702,34,7,23,27,4,4 servings,"Recipe for Satay: Mix ingredients, cook for 39 minutes.",
642,Rajma,120,Chef Jung,90,27,117,2025-09-15,A delicious Indian dish featuring rajma.,https://example.com/rajma.jpg,Dessert,"Indian, rajma",1 cups rice,"onion, vegetables",4.2,351,238,19,12,86,1386,59,9,17,16,4,4 servings,"Recipe for Rajma: Mix ingredients, cook for 90 minutes.",
643,Sushi,106,Chef Wang,19,32,51,2025-10-09,A delicious Vietnamese dish featuring sushi.,https://example.com/sushi.jpg,Side Dish,"Vietnamese, sushi",4 cups rice,"onion, beef",4.4,247,302,31,14,114,1863,98,12,12,14,6,6 servings,"Recipe for Sushi: Mix ingredients, cook for 19 minutes.",
644,Dosa,115,Chef Zhang,16,5,21,2025-08-26,A delicious Indian dish featuring dosa.,https://example.com/dosa.jpg,Dessert,"Indian, dosa",1 cups rice,"garlic, beef",4.2,298,700,38,6,64,1635,32,13,28,40,4,4 servings,"Recipe for Dosa: Mix ingredients, cook for 16 minutes.",
645,Ramen,114,Chef Yoon,24,32,56,2025-06-20,A delicious Thai dish featuring ramen.,https://example.com/ramen.jpg,Dessert,"Thai, ramen",1 cups rice,"garlic, tofu",4.3,278,504,14,20,23,1034,99,13,24,13,5,5 servings,"Recipe for Ramen: Mix ingredients, cook for 24 minutes.",
646,Biryani,105,Chef Park,73,36,109,2025-10-12,A delicious Indian dish featuring biryani.,https://example.com/biryani.jpg,Snack,"Indian, biryani",5 cups spices,"onion, beef",4.0,424,226,27,6,39,881,68,11,12,40,7,7 servings,"Recipe for Biryani: Mix ingredients, cook for 73 minutes.",
647,Pho,111,Chef Choi,113,46,159,2025-03-11,A delicious Japanese dish featuring pho.,https://example.com/pho.jpg,Dessert,"Japanese, pho",4 cups spices,"ginger, vegetables",4.8,466,515,38,9,130,1554,97,8,7,10,5,5 servings,"Recipe for Pho: Mix ingredients, cook for 113 minutes.",
648,Satay,117,Chef Han,107,17,124,2024-12-22,A delicious Japanese dish featuring satay.,https://example.com/satay.jpg,Main Dish,"Japanese, satay",3 cups rice,"ginger, vegetables",4.5,298,449,36,18,67,482,53,6,12,21,8,8 servings,"Recipe for Satay: Mix ingredients, cook for 107 minutes.",
649,Satay,108,Chef Lee,45,36,81,2024-11-23,A delicious Vietnamese dish featuring satay.,https://example.com/satay.jpg,Snack,"Vietnamese, satay",4 cups spices,"ginger, beef",4.8,242,321,49,13,108,1610,43,11,14,12,5,5 servings,"Recipe for Satay: Mix ingredients, cook for 45 minutes.",
650,Samgyetang,115,Chef Zhang,106,12,118,2025-07-04,A delicious Korean dish featuring samgyetang.,https://example.com/samgyetang.jpg,Main Dish,"Korean, samgyetang",1 cups rice,"garlic, chicken",4.6,265,663,34,9,31,1982,37,12,28,22,4,4 servings,"Recipe for Samgyetang: Mix ingredients, cook for 106 minutes.",
651,Rajma,119,Chef Gupta,35,9,44,2025-07-04,A delicious Indian dish featuring rajma.,https://example.com/rajma.jpg,Main Dish,"Indian, rajma",1 cups chicken,"ginger, tofu",4.2,392,529,45,19,31,482,66,5,15,20,3,3 servings,"Recipe for Rajma: Mix ingredients, cook for 35 minutes.",
652,Satay,107,Chef Sharma,111,13,124,2025-09-25,A delicious Vietnamese dish featuring satay.,https://example.com/satay.jpg,Dessert,"Vietnamese, satay",3 cups rice,"ginger, tofu",4.2,492,712,38,14,124,527,54,13,24,14,8,8 servings,"Recipe for Satay: Mix ingredients, cook for 111 minutes.",
653,Sushi,106,Chef Wang,79,43,122,2025-08-07,A delicious Vietnamese dish featuring sushi.,https://example.com/sushi.jpg,Breakfast,"Vietnamese, sushi",1 cups spices,"tomato, tofu",4.1,125,731,25,13,86,761,91,7,28,25,7,7 servings,"Recipe for Sushi: Mix ingredients, cook for 79 minutes.",
654,Mapo Tofu,109,Chef Chen,15,32,47,2025-04-07,A delicious Chinese dish featuring mapo tofu.,https://example.com/mapo-tofu.jpg,Dessert,"Chinese, mapo tofu",4 cups rice,"ginger, chicken",4.7,242,447,18,15,58,572,52,5,14,30,3,3 servings,"Recipe for Mapo Tofu: Mix ingredients, cook for 15 minutes.",
655,Banh Mi,114,Chef Yoon,83,25,108,2025-09-19,A delicious Thai dish featuring banh mi.,https://example.com/banh-mi.jpg,Dessert,"Thai, banh mi",1 cups vegetables,"onion, tofu",4.3,223,403,44,18,64,1109,30,3,9,26,5,5 servings,"Recipe for Banh Mi: Mix ingredients, cook for 83 minutes.",
656,Satay,113,Chef Patel,58,30,88,2025-08-21,A delicious Japanese dish featuring satay.,https://example.com/satay.jpg,Snack,"Japanese, satay",1 cups spices,"onion, chicken",4.1,56,489,18,16,106,1177,69,11,14,19,2,2 servings,"Recipe for Satay: Mix ingredients, cook for 58 minutes.",
657,Dumplings,115,Chef Zhang,89,41,130,2025-10-16,A delicious Chinese dish featuring dumplings.,https://example.com/dumplings.jpg,Dessert,"Chinese, dumplings",4 cups spices,"garlic, chicken",4.7,426,500,48,12,84,1199,75,7,5,15,5,5 servings,"Recipe for Dumplings: Mix ingredients, cook for 89 minutes.",
658,Sweet and Sour Pork,107,Chef Sharma,51,40,91,2025-01-19,A delicious Chinese dish featuring sweet and sour pork.,https://example.com/sweet-and-sour-pork.jpg,Soup,"Chinese, sweet and sour pork",3 cups rice,"onion, chicken",4.1,76,377,10,6,134,1120,83,8,7,10,3,3 servings,"Recipe for Sweet and Sour Pork: Mix ingredients, cook for 51 minutes.",
659,Bibimbap,112,Chef Liu,102,18,120,2025-02-28,A delicious Korean dish featuring bibimbap.,https://example.com/bibimbap.jpg,Snack,"Korean, bibimbap",2 cups spices,"onion, vegetables",4.5,335,656,26,9,37,833,90,8,13,19,5,5 servings,"Recipe for Bibimbap: Mix ingredients, cook for 102 minutes.",
660,Hot Pot,111,Chef Choi,110,10,120,2025-02-18,A delicious Chinese dish featuring hot pot.,https://example.com/hot-pot.jpg,Appetizer,"Chinese, hot pot",1 cups rice,"tomato, beef",5.0,329,433,30,15,75,709,45,12,16,20,3,3 servings,"Recipe for Hot Pot: Mix ingredients, cook for 110 minutes.",
661,Tom Yum,101,Chef Raj,72,23,95,2024-11-14,A delicious Thai dish featuring tom yum.,https://example.com/tom-yum.jpg,Soup,"Thai, tom yum",3 cups chicken,"onion, tofu",4.3,205,729,26,5,129,1963,74,6,6,29,6,6 servings,"Recipe for Tom Yum: Mix ingredients, cook for 72 minutes.",
662,Paneer Tikka,104,Chef Ahmed,76,30,106,2024-12-14,A delicious Indian dish featuring paneer tikka.,https://example.com/paneer-tikka.jpg,Side Dish,"Indian, paneer tikka",5 cups vegetables,"ginger, chicken",4.3,227,690,28,10,57,933,45,3,18,26,8,8 servings,"Recipe for Paneer Tikka: Mix ingredients, cook for 76 minutes.",
663,Green Curry,113,Chef Patel,85,8,93,2025-07-05,A delicious Vietnamese dish featuring green curry.,https://example.com/green-curry.jpg,Soup,"Vietnamese, green curry",4 cups spices,"ginger, beef",4.0,113,728,36,11,147,689,99,10,11,40,7,7 servings,"Recipe for Green Curry: Mix ingredients, cook for 85 minutes.",
664,Sushi,108,Chef Lee,112,54,166,2025-05-01,A delicious Japanese dish featuring sushi.,https://example.com/sushi.jpg,Side Dish,"Japanese, sushi",3 cups rice,"garlic, chicken",4.4,115,734,29,8,59,1790,48,15,9,32,7,7 servings,"Recipe for Sushi: Mix ingredients, cook for 112 minutes.",
665,Beijing Duck,105,Chef Park,19,41,60,2025-04-09,A delicious Chinese dish featuring beijing duck.,https://example.com/beijing-duck.jpg,Side Dish,"Chinese, beijing duck",4 cups chicken,"garlic, tofu",4.5,463,689,23,7,126,687,53,14,11,14,3,3 servings,"Recipe for Beijing Duck: Mix ingredients, cook for 19 minutes.",
666,Paneer Tikka,104,Chef Ahmed,110,45,155,2024-11-02,A delicious Indian dish featuring paneer tikka.,https://example.com/paneer-tikka.jpg,Appetizer,"Indian, paneer tikka",1 cups spices,"tomato, tofu",5.0,473,466,32,13,117,1396,57,7,18,35,4,4 servings,"Recipe for Paneer Tikka: Mix ingredients, cook for 110 minutes.",
667,Hot Pot,114,Chef Yoon,112,12,124,2024-12-21,A delicious Chinese dish featuring hot pot.,https://example.com/hot-pot.jpg,Soup,"Chinese, hot pot",2 cups vegetables,"ginger, chicken",4.4,87,440,42,11,41,784,75,13,5,12,7,7 servings,"Recipe for Hot Pot: Mix ingredients, cook for 112 minutes.",
668,Kimbap,118,Chef Wu,116,8,124,2025-01-01,A delicious Korean dish featuring kimbap.,https://example.com/kimbap.jpg,Side Dish,"Korean, kimbap",1 cups spices,"ginger, vegetables",4.7,104,607,44,19,57,540,73,3,9,38,4,4 servings,"Recipe for Kimbap: Mix ingredients, cook for 116 minutes.",
669,Tempura,119,Chef Gupta,112,59,171,2025-03-09,A delicious Japanese dish featuring tempura.,https://example.com/tempura.jpg,Snack,"Japanese, tempura",2 cups spices,"tomato, beef",4.5,351,339,43,18,112,1328,41,13,23,40,4,4 servings,"Recipe for Tempura: Mix ingredients, cook for 112 minutes.",
670,Wonton Soup,101,Chef Raj,95,32,127,2025-03-20,A delicious Chinese dish featuring wonton soup.,https://example.com/wonton-soup.jpg,Soup,"Chinese, wonton soup",1 cups rice,"ginger, tofu",4.1,307,637,48,7,31,921,100,12,21,35,5,5 servings,"Recipe for Wonton Soup: Mix ingredients, cook for 95 minutes.",
671,Pho,118,Chef Wu,55,42,97,2025-10-05,A delicious Vietnamese dish featuring pho.,https://example.com/pho.jpg,Soup,"Vietnamese, pho",4 cups chicken,"garlic, chicken",4.1,445,399,32,10,79,1458,40,5,17,13,8,8 servings,"Recipe for Pho: Mix ingredients, cook for 55 minutes.",
672,Fried Chicken,104,Chef Ahmed,107,8,115,2025-10-16,A delicious Korean dish featuring fried chicken.,https://example.com/fried-chicken.jpg,Side Dish,"Korean, fried chicken",2 cups chicken,"tomato, tofu",4.7,433,762,48,12,72,1226,67,14,8,17,2,2 servings,"Recipe for Fried Chicken: Mix ingredients, cook for 107 minutes.",
673,Pho,115,Chef Zhang,115,9,124,2025-08-14,A delicious Thai dish featuring pho.,https://example.com/pho.jpg,Soup,"Thai, pho",2 cups chicken,"onion, chicken",4.0,228,690,10,6,85,1434,89,11,17,29,7,7 servings,"Recipe for Pho: Mix ingredients, cook for 115 minutes.",
674,Beijing Duck,113,Chef Patel,59,22,81,2025-05-22,A delicious Chinese dish featuring beijing duck.,https://example.com/beijing-duck.jpg,Snack,"Chinese, beijing duck",2 cups vegetables,"garlic, chicken",4.7,392,419,25,15,72,890,83,4,25,12,6,6 servings,"Recipe for Beijing Duck: Mix ingredients, cook for 59 minutes.",
675,Banh Mi,102,Chef Kim,40,7,47,2024-11-13,A delicious Japanese dish featuring banh mi.,https://example.com/banh-mi.jpg,Dessert,"Japanese, banh mi",3 cups vegetables,"garlic, chicken",4.1,102,588,23,20,79,1398,58,4,16,23,7,7 servings,"Recipe for Banh Mi: Mix ingredients, cook for 40 minutes.",
676,Rogan Josh,113,Chef Patel,68,19,87,2025-06-10,A delicious Indian dish featuring rogan josh.,https://example.com/rogan-josh.jpg,Snack,"Indian, rogan josh",4 cups spices,"ginger, tofu",5.0,252,681,47,19,125,423,93,10,26,39,3,3 servings,"Recipe for Rogan Josh: Mix ingredients, cook for 68 minutes.",
677,Ramen,114,Chef Yoon,98,23,121,2025-03-29,A delicious Thai dish featuring ramen.,https://example.com/ramen.jpg,Main Dish,"Thai, ramen",1 cups vegetables,"onion, chicken",4.8,466,301,50,16,25,1448,65,5,12,15,2,2 servings,"Recipe for Ramen: Mix ingredients, cook for 98 minutes.",
678,Tom Yum,114,Chef Yoon,104,18,122,2024-11-15,A delicious Vietnamese dish featuring tom yum.,https://example.com/tom-yum.jpg,Side Dish,"Vietnamese, tom yum",4 cups vegetables,"garlic, chicken",4.3,477,470,39,8,41,1232,54,11,16,12,4,4 servings,"Recipe for Tom Yum: Mix ingredients, cook for 104 minutes.",
679,Ramen,117,Chef Han,38,41,79,2025-03-23,A delicious Vietnamese dish featuring ramen.,https://example.com/ramen.jpg,Snack,"Vietnamese, ramen",4 cups chicken,"ginger, vegetables",4.5,482,729,45,7,100,525,92,3,10,29,8,8 servings,"Recipe for Ramen: Mix ingredients, cook for 38 minutes.",
680,Pho,112,Chef Liu,48,12,60,2025-10-15,A delicious Vietnamese dish featuring pho.,https://example.com/pho.jpg,Side Dish,"Vietnamese, pho",3 cups spices,"tomato, chicken",4.1,193,505,12,5,51,571,90,15,27,11,6,6 servings,"Recipe for Pho: Mix ingredients, cook for 48 minutes.",
681,Green Curry,118,Chef Wu,90,60,150,2024-11-27,A delicious Vietnamese dish featuring green curry.,https://example.com/green-curry.jpg,Soup,"Vietnamese, green curry",2 cups rice,"garlic, vegetables",4.4,456,378,19,9,136,1362,48,8,25,38,6,6 servings,"Recipe for Green Curry: Mix ingredients, cook for 90 minutes.",
682,Bulgogi,102,Chef Kim,50,6,56,2025-06-14,A delicious Korean dish featuring bulgogi.,https://example.com/bulgogi.jpg,Dessert,"Korean, bulgogi",3 cups spices,"tomato, chicken",4.4,340,464,16,19,130,1420,92,9,5,30,2,2 servings,"Recipe for Bulgogi: Mix ingredients, cook for 50 minutes.",
683,Rajma,104,Chef Ahmed,21,51,72,2025-10-06,A delicious Indian dish featuring rajma.,https://example.com/rajma.jpg,Snack,"Indian, rajma",2 cups spices,"garlic, tofu",4.5,460,329,42,8,46,1329,97,13,6,10,4,4 servings,"Recipe for Rajma: Mix ingredients, cook for 21 minutes.",
684,Green Curry,109,Chef Chen,98,58,156,2025-03-11,A delicious Thai dish featuring green curry.,https://example.com/green-curry.jpg,Main Dish,"Thai, green curry",5 cups spices,"tomato, vegetables",4.7,431,427,36,8,122,1150,35,14,16,20,3,3 servings,"Recipe for Green Curry: Mix ingredients, cook for 98 minutes.",
685,Green Curry,101,Chef Raj,103,57,160,2025-08-05,A delicious Thai dish featuring green curry.,https://example.com/green-curry.jpg,Dessert,"Thai, green curry",1 cups spices,"ginger, tofu",4.8,179,762,20,16,30,715,89,15,17,19,7,7 servings,"Recipe for Green Curry: Mix ingredients, cook for 103 minutes.",
686,Banh Mi,113,Chef Patel,61,17,78,2025-04-19,A delicious Japanese dish featuring banh mi.,https://example.com/banh-mi.jpg,Appetizer,"Japanese, banh mi",5 cups spices,"onion, beef",4.4,452,393,50,17,139,889,39,12,26,23,5,5 servings,"Recipe for Banh Mi: Mix ingredients, cook for 61 minutes.",
687,Tempura,105,Chef Park,18,41,59,2025-03-18,A delicious Japanese dish featuring tempura.,https://example.com/tempura.jpg,Main Dish,"Japanese, tempura",1 cups rice,"onion, chicken",4.9,161,655,39,8,133,567,54,5,6,16,8,8 servings,"Recipe for Tempura: Mix ingredients, cook for 18 minutes.",
688,Fried Rice,114,Chef Yoon,48,38,86,2025-01-13,A delicious Chinese dish featuring fried rice.,https://example.com/fried-rice.jpg,Appetizer,"Chinese, fried rice",3 cups chicken,"ginger, tofu",4.6,287,373,40,5,94,1996,55,7,29,13,6,6 servings,"Recipe for Fried Rice: Mix ingredients, cook for 48 minutes.",
689,Nasi Goreng,103,Chef Li,97,48,145,2024-12-06,A delicious Vietnamese dish featuring nasi goreng.,https://example.com/nasi-goreng.jpg,Snack,"Vietnamese, nasi goreng",1 cups chicken,"tomato, beef",4.6,232,709,39,8,72,1900,54,10,22,40,4,4 servings,"Recipe for Nasi Goreng: Mix ingredients, cook for 97 minutes.",
690,Kimbap,116,Chef Singh,86,15,101,2024-12-31,A delicious Korean dish featuring kimbap.,https://example.com/kimbap.jpg,Soup,"Korean, kimbap",1 cups spices,"garlic, tofu",4.3,222,374,16,5,63,1824,36,7,26,11,5,5 servings,"Recipe for Kimbap: Mix ingredients, cook for 86 minutes.",
691,Green Curry,105,Chef Park,19,37,56,2025-03-08,A delicious Japanese dish featuring green curry.,https://example.com/green-curry.jpg,Dessert,"Japanese, green curry",2 cups rice,"tomato, vegetables",4.5,322,632,49,6,126,581,70,14,17,35,8,8 servings,"Recipe for Green Curry: Mix ingredients, cook for 19 minutes.",
692,Rogan Josh,108,Chef Lee,20,59,79,2025-08-20,A delicious Indian dish featuring rogan josh.,https://example.com/rogan-josh.jpg,Soup,"Indian, rogan josh",3 cups spices,"ginger, vegetables",4.4,177,621,13,18,20,645,96,7,26,40,6,6 servings,"Recipe for Rogan Josh: Mix ingredients, cook for 20 minutes.",
693,Chow Mein,111,Chef Choi,66,39,105,2025-05-22,A delicious Chinese dish featuring chow mein.,https://example.com/chow-mein.jpg,Breakfast,"Chinese, chow mein",5 cups rice,"onion, beef",4.6,57,360,29,13,51,968,70,8,16,17,7,7 servings,"Recipe for Chow Mein: Mix ingredients, cook for 66 minutes.",
694,Nasi Goreng,105,Chef Park,81,50,131,2025-08-23,A delicious Japanese dish featuring nasi goreng.,https://example.com/nasi-goreng.jpg,Side Dish,"Japanese, nasi goreng",4 cups rice,"onion, beef",4.2,473,730,13,14,83,1951,35,12,22,21,2,2 servings,"Recipe for Nasi Goreng: Mix ingredients, cook for 81 minutes.",
695,Nasi Goreng,109,Chef Chen,59,8,67,2025-03-26,A delicious Vietnamese dish featuring nasi goreng.,https://example.com/nasi-goreng.jpg,Dessert,"Vietnamese, nasi goreng",1 cups vegetables,"onion, beef",4.0,419,370,34,19,133,1568,45,8,9,37,5,5 servings,"Recipe for Nasi Goreng: Mix ingredients, cook for 59 minutes.",
696,Nasi Goreng,115,Chef Zhang,81,17,98,2025-07-25,A delicious Japanese dish featuring nasi goreng.,https://example.com/nasi-goreng.jpg,Main Dish,"Japanese, nasi goreng",3 cups spices,"ginger, beef",4.1,108,319,15,14,136,477,35,6,10,11,3,3 servings,"Recipe for Nasi Goreng: Mix ingredients, cook for 81 minutes.",
697,Dumplings,106,Chef Wang,105,46,151,2025-02-03,A delicious Chinese dish featuring dumplings.,https://example.com/dumplings.jpg,Main Dish,"Chinese, dumplings",2 cups spices,"tomato, chicken",4.1,200,261,28,10,128,711,53,7,25,37,2,2 servings,"Recipe for Dumplings: Mix ingredients, cook for 105 minutes.",
698,Nasi Goreng,117,Chef Han,10,51,61,2025-01-07,A delicious Thai dish featuring nasi goreng.,https://example.com/nasi-goreng.jpg,Soup,"Thai, nasi goreng",4 cups chicken,"onion, tofu",4.3,347,430,38,15,107,1421,56,4,26,22,2,2 servings,"Recipe for Nasi Goreng: Mix ingredients, cook for 10 minutes.",
699,Ramen,109,Chef Chen,10,35,45,2025-08-01,A delicious Japanese dish featuring ramen.,https://example.com/ramen.jpg,Main Dish,"Japanese, ramen",4 cups rice,"ginger, chicken",4.8,208,789,20,6,49,1022,57,15,19,21,4,4 servings,"Recipe for Ramen: Mix ingredients, cook for 10 minutes.",
700,Tempura,104,Chef Ahmed,62,34,96,2025-04-14,A delicious Thai dish featuring tempura.,https://example.com/tempura.jpg,Main Dish,"Thai, tempura",2 cups rice,"onion, beef",4.5,428,302,38,19,66,1488,77,8,7,22,4,4 servings,"Recipe for Tempura: Mix ingredients, cook for 62 minutes.",
701,Kimchi,119,Chef Gupta,114,21,135,2024-11-11,A delicious Korean dish featuring kimchi.,https://example.com/kimchi.jpg,Main Dish,"Korean, kimchi",3 cups chicken,"garlic, chicken",4.7,403,404,41,7,53,670,54,9,25,38,5,5 servings,"Recipe for Kimchi: Mix ingredients, cook for 114 minutes.",
702,Hot Pot,113,Chef Patel,56,48,104,2025-08-30,A delicious Chinese dish featuring hot pot.,https://example.com/hot-pot.jpg,Dessert,"Chinese, hot pot",1 cups vegetables,"onion, vegetables",4.4,344,206,26,13,80,1555,55,4,24,34,3,3 servings,"Recipe for Hot Pot: Mix ingredients, cook for 56 minutes.",
703,Sushi,117,Chef Han,34,17,51,2025-06-25,A delicious Vietnamese dish featuring sushi.,https://example.com/sushi.jpg,Breakfast,"Vietnamese, sushi",3 cups vegetables,"ginger, beef",4.0,242,623,22,11,57,1957,48,15,22,30,5,5 servings,"Recipe for Sushi: Mix ingredients, cook for 34 minutes.",
704,Fried Chicken,111,Chef Choi,115,31,146,2025-03-14,A delicious Korean dish featuring fried chicken.,https://example.com/fried-chicken.jpg,Snack,"Korean, fried chicken",2 cups chicken,"onion, chicken",4.8,139,239,17,19,60,724,86,3,27,40,2,2 servings,"Recipe for Fried Chicken: Mix ingredients, cook for 115 minutes.",
705,Ramen,116,Chef Singh,91,51,142,2025-06-01,A delicious Vietnamese dish featuring ramen.,https://example.com/ramen.jpg,Breakfast,"Vietnamese, ramen",1 cups rice,"ginger, chicken",4.2,229,363,40,17,25,419,82,5,17,16,8,8 servings,"Recipe for Ramen: Mix ingredients, cook for 91 minutes.",
706,Satay,117,Chef Han,41,5,46,2025-05-19,A delicious Thai dish featuring satay.,https://example.com/satay.jpg,Main Dish,"Thai, satay",5 cups spices,"onion, vegetables",4.3,270,695,47,8,31,1994,82,5,30,27,3,3 servings,"Recipe for Satay: Mix ingredients, cook for 41 minutes.",
707,Spring Rolls,111,Chef Choi,99,29,128,2025-02-23,A delicious Chinese dish featuring spring rolls.,https://example.com/spring-rolls.jpg,Breakfast,"Chinese, spring rolls",3 cups vegetables,"ginger, chicken",4.3,207,465,38,17,43,1998,61,8,10,38,5,5 servings,"Recipe for Spring Rolls: Mix ingredients, cook for 99 minutes.",
708,Green Curry,119,Chef Gupta,96,34,130,2025-09-30,A delicious Japanese dish featuring green curry.,https://example.com/green-curry.jpg,Breakfast,"Japanese, green curry",5 cups rice,"tomato, chicken",4.4,376,350,50,17,93,461,59,4,14,39,2,2 servings,"Recipe for Green Curry: Mix ingredients, cook for 96 minutes.",
709,Biryani,117,Chef Han,54,39,93,2024-11-09,A delicious Indian dish featuring biryani.,https://example.com/biryani.jpg,Breakfast,"Indian, biryani",1 cups spices,"garlic, vegetables",4.1,397,443,43,9,79,991,80,9,9,15,2,2 servings,"Recipe for Biryani: Mix ingredients, cook for 54 minutes.",
710,Dumplings,110,Chef Kumar,46,13,59,2025-03-04,A delicious Chinese dish featuring dumplings.,https://example.com/dumplings.jpg,Side Dish,"Chinese, dumplings",5 cups spices,"garlic, chicken",4.3,196,301,48,7,68,1807,32,6,9,26,6,6 servings,"Recipe for Dumplings: Mix ingredients, cook for 46 minutes.",
711,Japchae,104,Chef Ahmed,11,23,34,2025-04-11,A delicious Korean dish featuring japchae.,https://example.com/japchae.jpg,Appetizer,"Korean, japchae",4 cups vegetables,"garlic, tofu",4.1,152,597,29,6,108,695,71,5,11,24,4,4 servings,"Recipe for Japchae: Mix ingredients, cook for 11 minutes.",
712,Satay,112,Chef Liu,79,28,107,2024-11-03,A delicious Thai dish featuring satay.,https://example.com/satay.jpg,Appetizer,"Thai, satay",2 cups vegetables,"tomato, chicken",5.0,129,426,38,10,146,674,44,12,12,38,8,8 servings,"Recipe for Satay: Mix ingredients, cook for 79 minutes.",
713,Bulgogi,113,Chef Patel,39,20,59,2024-12-25,A delicious Korean dish featuring bulgogi.,https://example.com/bulgogi.jpg,Snack,"Korean, bulgogi",1 cups vegetables,"garlic, beef",4.7,465,791,22,7,39,864,73,15,30,28,7,7 servings,"Recipe for Bulgogi: Mix ingredients, cook for 39 minutes.",
714,Tom Yum,103,Chef Li,68,12,80,2025-09-05,A delicious Vietnamese dish featuring tom yum.,https://example.com/tom-yum.jpg,Soup,"Vietnamese, tom yum",4 cups chicken,"ginger, vegetables",4.4,469,383,23,8,53,1114,62,11,24,32,7,7 servings,"Recipe for Tom Yum: Mix ingredients, cook for 68 minutes.",
715,Tteokbokki,113,Chef Patel,85,51,136,2024-10-23,A delicious Korean dish featuring tteokbokki.,https://example.com/tteokbokki.jpg,Snack,"Korean, tteokbokki",5 cups chicken,"tomato, beef",4.9,456,578,48,7,133,1390,54,8,22,11,8,8 servings,"Recipe for Tteokbokki: Mix ingredients, cook for 85 minutes.",
716,Satay,112,Chef Liu,10,34,44,2025-02-07,A delicious Japanese dish featuring satay.,https://example.com/satay.jpg,Breakfast,"Japanese, satay",5 cups vegetables,"ginger, tofu",4.9,299,539,27,13,91,1478,61,9,16,32,3,3 servings,"Recipe for Satay: Mix ingredients, cook for 10 minutes.",
717,Nasi Goreng,116,Chef Singh,115,23,138,2025-06-28,A delicious Japanese dish featuring nasi goreng.,https://example.com/nasi-goreng.jpg,Main Dish,"Japanese, nasi goreng",5 cups vegetables,"onion, chicken",4.2,372,355,37,12,127,650,85,13,27,15,2,2 servings,"Recipe for Nasi Goreng: Mix ingredients, cook for 115 minutes.",
718,Tom Yum,117,Chef Han,60,13,73,2025-09-15,A delicious Japanese dish featuring tom yum.,https://example.com/tom-yum.jpg,Appetizer,"Japanese, tom yum",4 cups vegetables,"garlic, beef",4.5,52,673,46,16,42,1004,87,14,23,32,6,6 servings,"Recipe for Tom Yum: Mix ingredients, cook for 60 minutes.",
719,Wonton Soup,107,Chef Sharma,105,21,126,2025-07-31,A delicious Chinese dish featuring wonton soup.,https://example.com/wonton-soup.jpg,Soup,"Chinese, wonton soup",1 cups chicken,"ginger, vegetables",4.8,169,678,22,14,72,1122,82,3,10,36,8,8 servings,"Recipe for Wonton Soup: Mix ingredients, cook for 105 minutes.",
720,Biryani,105,Chef Park,67,22,89,2025-01-24,A delicious Indian dish featuring biryani.,https://example.com/biryani.jpg,Appetizer,"Indian, biryani",3 cups vegetables,"garlic, beef",4.3,173,342,37,7,118,590,71,15,16,16,2,2 servings,"Recipe for Biryani: Mix ingredients, cook for 67 minutes.",
721,Kimchi,109,Chef Chen,18,31,49,2025-08-28,A delicious Korean dish featuring kimchi.,https://example.com/kimchi.jpg,Breakfast,"Korean, kimchi",3 cups spices,"onion, tofu",4.5,428,485,17,11,98,1547,51,7,24,38,8,8 servings,"Recipe for Kimchi: Mix ingredients, cook for 18 minutes.",
722,Satay,119,Chef Gupta,95,22,117,2025-05-24,A delicious Vietnamese dish featuring satay.,https://example.com/satay.jpg,Main Dish,"Vietnamese, satay",4 cups spices,"garlic, chicken",4.7,311,543,15,9,47,1379,86,9,6,32,4,4 servings,"Recipe for Satay: Mix ingredients, cook for 95 minutes.",
723,Spring Rolls,111,Chef Choi,63,34,97,2025-03-26,A delicious Chinese dish featuring spring rolls.,https://example.com/spring-rolls.jpg,Side Dish,"Chinese, spring rolls",1 cups chicken,"onion, chicken",4.2,363,638,39,18,42,496,49,4,6,33,7,7 servings,"Recipe for Spring Rolls: Mix ingredients, cook for 63 minutes.",
724,Bibimbap,106,Chef Wang,51,36,87,2025-04-08,A delicious Korean dish featuring bibimbap.,https://example.com/bibimbap.jpg,Appetizer,"Korean, bibimbap",1 cups vegetables,"garlic, tofu",4.0,490,643,12,7,131,729,100,10,29,39,8,8 servings,"Recipe for Bibimbap: Mix ingredients, cook for 51 minutes.",
725,Samgyetang,108,Chef Lee,97,46,143,2025-01-17,A delicious Korean dish featuring samgyetang.,https://example.com/samgyetang.jpg,Breakfast,"Korean, samgyetang",2 cups vegetables,"ginger, beef",4.6,476,686,13,20,135,1597,46,9,20,29,8,8 servings,"Recipe for Samgyetang: Mix ingredients, cook for 97 minutes.",
726,Pad Thai,115,Chef Zhang,67,42,109,2024-12-14,A delicious Vietnamese dish featuring pad thai.,https://example.com/pad-thai.jpg,Appetizer,"Vietnamese, pad thai",1 cups spices,"ginger, beef",5.0,106,268,28,11,53,1829,66,11,26,21,2,2 servings,"Recipe for Pad Thai: Mix ingredients, cook for 67 minutes.",
727,Tom Yum,106,Chef Wang,66,12,78,2025-10-17,A delicious Vietnamese dish featuring tom yum.,https://example.com/tom-yum.jpg,Snack,"Vietnamese, tom yum",4 cups chicken,"ginger, beef",5.0,244,204,44,12,80,612,64,10,25,31,5,5 servings,"Recipe for Tom Yum: Mix ingredients, cook for 66 minutes.",
728,Bibimbap,116,Chef Singh,103,16,119,2025-06-15,A delicious Korean dish featuring bibimbap.,https://example.com/bibimbap.jpg,Snack,"Korean, bibimbap",5 cups chicken,"ginger, beef",4.1,154,341,26,8,112,571,43,13,18,15,6,6 servings,"Recipe for Bibimbap: Mix ingredients, cook for 103 minutes.",
729,Hot Pot,110,Chef Kumar,65,9,74,2025-09-26,A delicious Chinese dish featuring hot pot.,https://example.com/hot-pot.jpg,Main Dish,"Chinese, hot pot",4 cups chicken,"ginger, chicken",4.7,142,447,34,18,117,1102,90,7,9,18,2,2 servings,"Recipe for Hot Pot: Mix ingredients, cook for 65 minutes.",
730,Pani Puri,104,Chef Ahmed,52,24,76,2025-03-21,A delicious Indian dish featuring pani puri.,https://example.com/pani-puri.jpg,Snack,"Indian, pani puri",2 cups spices,"garlic, vegetables",4.6,80,759,16,12,112,1251,74,10,18,23,7,7 servings,"Recipe for Pani Puri: Mix ingredients, cook for 52 minutes.",
731,Ramen,117,Chef Han,10,57,67,2025-01-12,A delicious Vietnamese dish featuring ramen.,https://example.com/ramen.jpg,Snack,"Vietnamese, ramen",3 cups chicken,"ginger, tofu",4.8,165,338,49,17,139,526,35,8,15,24,3,3 servings,"Recipe for Ramen: Mix ingredients, cook for 10 minutes.",
732,Kimbap,104,Chef Ahmed,93,8,101,2025-08-16,A delicious Korean dish featuring kimbap.,https://example.com/kimbap.jpg,Soup,"Korean, kimbap",4 cups spices,"ginger, beef",4.4,300,756,27,8,125,1110,73,15,16,24,5,5 servings,"Recipe for Kimbap: Mix ingredients, cook for 93 minutes.",
733,Pani Puri,113,Chef Patel,87,47,134,2024-10-24,A delicious Indian dish featuring pani puri.,https://example.com/pani-puri.jpg,Breakfast,"Indian, pani puri",3 cups vegetables,"garlic, tofu",4.4,360,648,10,17,150,1575,34,13,22,23,7,7 servings,"Recipe for Pani Puri: Mix ingredients, cook for 87 minutes.",
734,Rajma,105,Chef Park,68,26,94,2025-01-22,A delicious Indian dish featuring rajma.,https://example.com/rajma.jpg,Soup,"Indian, rajma",2 cups spices,"tomato, vegetables",4.2,454,309,41,20,90,664,87,7,15,39,6,6 servings,"Recipe for Rajma: Mix ingredients, cook for 68 minutes.",
735,Pad Thai,104,Chef Ahmed,108,48,156,2025-05-22,A delicious Japanese dish featuring pad thai.,https://example.com/pad-thai.jpg,Side Dish,"Japanese, pad thai",2 cups spices,"garlic, chicken",4.6,433,245,32,9,119,1040,31,5,21,28,2,2 servings,"Recipe for Pad Thai: Mix ingredients, cook for 108 minutes.",
736,Samgyetang,102,Chef Kim,113,12,125,2025-05-29,A delicious Korean dish featuring samgyetang.,https://example.com/samgyetang.jpg,Snack,"Korean, samgyetang",3 cups chicken,"ginger, chicken",4.0,74,342,32,11,112,772,52,15,14,11,7,7 servings,"Recipe for Samgyetang: Mix ingredients, cook for 113 minutes.",
737,Green Curry,107,Chef Sharma,23,27,50,2025-04-04,A delicious Japanese dish featuring green curry.,https://example.com/green-curry.jpg,Breakfast,"Japanese, green curry",4 cups vegetables,"garlic, vegetables",4.0,62,687,14,17,75,1270,62,5,15,35,4,4 servings,"Recipe for Green Curry: Mix ingredients, cook for 23 minutes.",
738,Fried Chicken,112,Chef Liu,45,27,72,2024-11-10,A delicious Korean dish featuring fried chicken.,https://example.com/fried-chicken.jpg,Dessert,"Korean, fried chicken",5 cups chicken,"garlic, chicken",4.7,497,561,42,5,118,1353,99,6,5,35,2,2 servings,"Recipe for Fried Chicken: Mix ingredients, cook for 45 minutes.",
739,Rogan Josh,111,Chef Choi,102,59,161,2025-06-16,A delicious Indian dish featuring rogan josh.,https://example.com/rogan-josh.jpg,Appetizer,"Indian, rogan josh",3 cups spices,"tomato, tofu",4.1,287,434,35,14,105,1307,90,6,14,38,4,4 servings,"Recipe for Rogan Josh: Mix ingredients, cook for 102 minutes.",
740,Bibimbap,103,Chef Li,35,12,47,2024-11-19,A delicious Korean dish featuring bibimbap.,https://example.com/bibimbap.jpg,Dessert,"Korean, bibimbap",1 cups spices,"ginger, chicken",4.8,314,664,15,7,27,1040,96,11,6,19,3,3 servings,"Recipe for Bibimbap: Mix ingredients, cook for 35 minutes.",
741,Sushi,102,Chef Kim,78,30,108,2025-04-25,A delicious Japanese dish featuring sushi.,https://example.com/sushi.jpg,Snack,"Japanese, sushi",1 cups spices,"onion, tofu",4.6,184,666,26,17,137,834,38,6,17,35,4,4 servings,"Recipe for Sushi: Mix ingredients, cook for 78 minutes.",
742,Fried Rice,119,Chef Gupta,46,51,97,2025-04-26,A delicious Chinese dish featuring fried rice.,https://example.com/fried-rice.jpg,Breakfast,"Chinese, fried rice",5 cups vegetables,"garlic, tofu",4.4,172,454,47,16,23,917,98,13,11,22,4,4 servings,"Recipe for Fried Rice: Mix ingredients, cook for 46 minutes.",
743,Tom Yum,112,Chef Liu,30,8,38,2025-06-07,A delicious Japanese dish featuring tom yum.,https://example.com/tom-yum.jpg,Soup,"Japanese, tom yum",2 cups vegetables,"garlic, tofu",4.7,54,464,45,15,78,656,39,5,24,19,5,5 servings,"Recipe for Tom Yum: Mix ingredients, cook for 30 minutes.",
744,Sushi,102,Chef Kim,36,19,55,2025-07-12,A delicious Japanese dish featuring sushi.,https://example.com/sushi.jpg,Soup,"Japanese, sushi",5 cups rice,"ginger, chicken",4.0,439,760,15,7,76,411,57,4,17,36,8,8 servings,"Recipe for Sushi: Mix ingredients, cook for 36 minutes.",
745,Kimbap,116,Chef Singh,60,57,117,2024-11-03,A delicious Korean dish featuring kimbap.,https://example.com/kimbap.jpg,Dessert,"Korean, kimbap",5 cups chicken,"onion, chicken",4.8,375,244,27,5,110,1121,87,5,27,29,7,7 servings,"Recipe for Kimbap: Mix ingredients, cook for 60 minutes.",
746,Nasi Goreng,115,Chef Zhang,86,28,114,2025-07-05,A delicious Japanese dish featuring nasi goreng.,https://example.com/nasi-goreng.jpg,Snack,"Japanese, nasi goreng",2 cups spices,"garlic, beef",5.0,288,727,32,10,29,1440,76,11,9,36,8,8 servings,"Recipe for Nasi Goreng: Mix ingredients, cook for 86 minutes.",
747,Butter Chicken,101,Chef Raj,88,31,119,2025-02-16,A delicious Indian dish featuring butter chicken.,https://example.com/butter-chicken.jpg,Dessert,"Indian, butter chicken",1 cups chicken,"garlic, tofu",4.5,355,543,21,18,47,492,48,9,13,10,7,7 servings,"Recipe for Butter Chicken: Mix ingredients, cook for 88 minutes.",
748,Biryani,116,Chef Singh,57,7,64,2025-08-11,A delicious Indian dish featuring biryani.,https://example.com/biryani.jpg,Appetizer,"Indian, biryani",4 cups spices,"ginger, chicken",4.3,255,383,32,10,90,517,78,7,28,34,3,3 servings,"Recipe for Biryani: Mix ingredients, cook for 57 minutes.",
749,Banh Mi,115,Chef Zhang,74,39,113,2025-01-25,A delicious Vietnamese dish featuring banh mi.,https://example.com/banh-mi.jpg,Main Dish,"Vietnamese, banh mi",4 cups vegetables,"tomato, chicken",4.8,68,400,23,11,90,1667,81,5,18,25,6,6 servings,"Recipe for Banh Mi: Mix ingredients, cook for 74 minutes.",
750,Ramen,101,Chef Raj,43,60,103,2025-01-12,A delicious Japanese dish featuring ramen.,https://example.com/ramen.jpg,Main Dish,"Japanese, ramen",3 cups spices,"tomato, beef",4.2,490,472,46,10,43,1283,67,4,30,13,6,6 servings,"Recipe for Ramen: Mix ingredients, cook for 43 minutes.",
751,Tom Yum,117,Chef Han,26,11,37,2025-02-14,A delicious Japanese dish featuring tom yum.,https://example.com/tom-yum.jpg,Appetizer,"Japanese, tom yum",2 cups chicken,"ginger, tofu",4.5,455,780,13,20,104,626,38,12,10,14,8,8 servings,"Recipe for Tom Yum: Mix ingredients, cook for 26 minutes.",
752,Nasi Goreng,107,Chef Sharma,78,57,135,2025-07-07,A delicious Vietnamese dish featuring nasi goreng.,https://example.com/nasi-goreng.jpg,Dessert,"Vietnamese, nasi goreng",2 cups vegetables,"onion, beef",4.6,84,560,47,7,92,1625,35,8,11,19,3,3 servings,"Recipe for Nasi Goreng: Mix ingredients, cook for 78 minutes.",
753,Ramen,105,Chef Park,61,16,77,2025-01-31,A delicious Vietnamese dish featuring ramen.,https://example.com/ramen.jpg,Dessert,"Vietnamese, ramen",1 cups rice,"garlic, beef",4.2,446,431,32,12,101,1284,95,11,8,10,8,8 servings,"Recipe for Ramen: Mix ingredients, cook for 61 minutes.",
754,Dumplings,112,Chef Liu,95,32,127,2025-08-27,A delicious Chinese dish featuring dumplings.,https://example.com/dumplings.jpg,Dessert,"Chinese, dumplings",3 cups rice,"onion, tofu",4.1,437,475,48,8,130,1926,72,13,25,33,4,4 servings,"Recipe for Dumplings: Mix ingredients, cook for 95 minutes.",
755,Rogan Josh,120,Chef Jung,46,19,65,2025-03-25,A delicious Indian dish featuring rogan josh.,https://example.com/rogan-josh.jpg,Breakfast,"Indian, rogan josh",1 cups chicken,"tomato, tofu",4.2,193,285,10,17,73,1978,63,15,21,29,6,6 servings,"Recipe for Rogan Josh: Mix ingredients, cook for 46 minutes.",
756,Pho,113,Chef Patel,17,26,43,2025-02-10,A delicious Thai dish featuring pho.,https://example.com/pho.jpg,Appetizer,"Thai, pho",5 cups rice,"onion, beef",4.9,219,418,37,15,69,1545,33,10,16,27,7,7 servings,"Recipe for Pho: Mix ingredients, cook for 17 minutes.",
757,Satay,118,Chef Wu,117,51,168,2024-10-28,A delicious Japanese dish featuring satay.,https://example.com/satay.jpg,Soup,"Japanese, satay",4 cups vegetables,"tomato, vegetables",4.9,481,577,23,20,89,1806,82,14,14,29,4,4 servings,"Recipe for Satay: Mix ingredients, cook for 117 minutes.",
758,Kung Pao Chicken,101,Chef Raj,57,36,93,2025-01-26,A delicious Chinese dish featuring kung pao chicken.,https://example.com/kung-pao-chicken.jpg,Main Dish,"Chinese, kung pao chicken",3 cups spices,"onion, beef",4.8,361,337,49,6,59,957,51,14,8,18,6,6 servings,"Recipe for Kung Pao Chicken: Mix ingredients, cook for 57 minutes.",
759,Green Curry,105,Chef Park,92,23,115,2025-08-03,A delicious Thai dish featuring green curry.,https://example.com/green-curry.jpg,Soup,"Thai, green curry",2 cups spices,"tomato, tofu",4.0,362,449,27,9,119,1681,31,12,7,23,4,4 servings,"Recipe for Green Curry: Mix ingredients, cook for 92 minutes.",
760,Satay,101,Chef Raj,47,58,105,2025-03-07,A delicious Vietnamese dish featuring satay.,https://example.com/satay.jpg,Breakfast,"Vietnamese, satay",3 cups rice,"onion, chicken",4.7,269,430,50,13,64,1183,57,9,23,19,3,3 servings,"Recipe for Satay: Mix ingredients, cook for 47 minutes.",
761,Ramen,108,Chef Lee,86,35,121,2025-09-14,A delicious Thai dish featuring ramen.,https://example.com/ramen.jpg,Appetizer,"Thai, ramen",1 cups vegetables,"tomato, beef",4.5,364,213,46,7,68,995,34,13,10,30,2,2 servings,"Recipe for Ramen: Mix ingredients, cook for 86 minutes.",
762,Biryani,114,Chef Yoon,113,40,153,2025-04-09,A delicious Indian dish featuring biryani.,https://example.com/biryani.jpg,Soup,"Indian, biryani",1 cups rice,"onion, tofu",4.2,230,675,19,13,129,1234,81,11,14,31,5,5 servings,"Recipe for Biryani: Mix ingredients, cook for 113 minutes.",
763,Kimchi Jjigae,115,Chef Zhang,20,57,77,2025-07-02,A delicious Korean dish featuring kimchi jjigae.,https://example.com/kimchi-jjigae.jpg,Dessert,"Korean, kimchi jjigae",2 cups vegetables,"onion, chicken",4.4,224,719,46,8,65,1171,70,10,21,21,8,8 servings,"Recipe for Kimchi Jjigae: Mix ingredients, cook for 20 minutes.",
764,Nasi Goreng,101,Chef Raj,57,39,96,2025-06-05,A delicious Thai dish featuring nasi goreng.,https://example.com/nasi-goreng.jpg,Soup,"Thai, nasi goreng",5 cups spices,"onion, chicken",4.2,176,288,23,18,98,1633,85,5,24,34,4,4 servings,"Recipe for Nasi Goreng: Mix ingredients, cook for 57 minutes.",
765,Pad Thai,117,Chef Han,97,45,142,2024-10-24,A delicious Thai dish featuring pad thai.,https://example.com/pad-thai.jpg,Main Dish,"Thai, pad thai",3 cups chicken,"ginger, tofu",4.4,339,542,11,15,79,1363,90,4,10,35,5,5 servings,"Recipe for Pad Thai: Mix ingredients, cook for 97 minutes.",
766,Paneer Tikka,107,Chef Sharma,35,58,93,2025-03-06,A delicious Indian dish featuring paneer tikka.,https://example.com/paneer-tikka.jpg,Soup,"Indian, paneer tikka",2 cups chicken,"onion, beef",4.8,241,203,38,8,44,474,76,12,12,17,6,6 servings,"Recipe for Paneer Tikka: Mix ingredients, cook for 35 minutes.",
767,Tempura,115,Chef Zhang,37,40,77,2025-07-14,A delicious Japanese dish featuring tempura.,https://example.com/tempura.jpg,Side Dish,"Japanese, tempura",4 cups vegetables,"garlic, vegetables",4.8,175,680,14,19,24,1791,100,7,29,16,4,4 servings,"Recipe for Tempura: Mix ingredients, cook for 37 minutes.",
768,Sweet and Sour Pork,116,Chef Singh,87,31,118,2025-04-26,A delicious Chinese dish featuring sweet and sour pork.,https://example.com/sweet-and-sour-pork.jpg,Side Dish,"Chinese, sweet and sour pork",5 cups spices,"garlic, beef",4.1,493,693,25,10,50,511,95,12,24,15,3,3 servings,"Recipe for Sweet and Sour Pork: Mix ingredients, cook for 87 minutes.",
769,Chana Masala,110,Chef Kumar,35,39,74,2025-07-06,A delicious Indian dish featuring chana masala.,https://example.com/chana-masala.jpg,Breakfast,"Indian, chana masala",5 cups vegetables,"onion, chicken",4.9,112,739,27,20,45,1996,82,7,8,14,7,7 servings,"Recipe for Chana Masala: Mix ingredients, cook for 35 minutes.",
770,Fried Rice,112,Chef Liu,111,19,130,2025-10-04,A delicious Chinese dish featuring fried rice.,https://example.com/fried-rice.jpg,Soup,"Chinese, fried rice",1 cups vegetables,"garlic, vegetables",4.2,378,529,31,9,79,1756,100,15,15,12,8,8 servings,"Recipe for Fried Rice: Mix ingredients, cook for 111 minutes.",
771,Mapo Tofu,112,Chef Liu,10,58,68,2025-05-23,A delicious Chinese dish featuring mapo tofu.,https://example.com/mapo-tofu.jpg,Main Dish,"Chinese, mapo tofu",4 cups chicken,"garlic, chicken",4.1,181,472,12,8,137,1315,57,15,9,17,5,5 servings,"Recipe for Mapo Tofu: Mix ingredients, cook for 10 minutes.",
772,Samgyetang,114,Chef Yoon,93,8,101,2025-09-03,A delicious Korean dish featuring samgyetang.,https://example.com/samgyetang.jpg,Breakfast,"Korean, samgyetang",3 cups chicken,"garlic, vegetables",4.2,192,583,46,16,37,1562,72,7,26,22,8,8 servings,"Recipe for Samgyetang: Mix ingredients, cook for 93 minutes.",
773,Pad Thai,113,Chef Patel,92,46,138,2024-12-23,A delicious Vietnamese dish featuring pad thai.,https://example.com/pad-thai.jpg,Soup,"Vietnamese, pad thai",3 cups chicken,"onion, beef",4.9,357,559,13,8,111,1139,38,8,7,30,4,4 servings,"Recipe for Pad Thai: Mix ingredients, cook for 92 minutes.",
774,Green Curry,114,Chef Yoon,72,11,83,2025-04-01,A delicious Vietnamese dish featuring green curry.,https://example.com/green-curry.jpg,Soup,"Vietnamese, green curry",3 cups chicken,"garlic, beef",4.2,402,530,28,15,138,1597,94,3,16,28,6,6 servings,"Recipe for Green Curry: Mix ingredients, cook for 72 minutes.",
775,Tempura,110,Chef Kumar,54,23,77,2025-04-02,A delicious Japanese dish featuring tempura.,https://example.com/tempura.jpg,Breakfast,"Japanese, tempura",5 cups spices,"garlic, beef",4.0,290,648,48,15,88,666,81,7,23,31,7,7 servings,"Recipe for Tempura: Mix ingredients, cook for 54 minutes.",
776,Bulgogi,113,Chef Patel,108,18,126,2025-10-07,A delicious Korean dish featuring bulgogi.,https://example.com/bulgogi.jpg,Side Dish,"Korean, bulgogi",4 cups rice,"ginger, vegetables",4.1,88,299,49,10,110,728,77,10,11,37,2,2 servings,"Recipe for Bulgogi: Mix ingredients, cook for 108 minutes.",
777,Pho,119,Chef Gupta,111,16,127,2025-01-18,A delicious Vietnamese dish featuring pho.,https://example.com/pho.jpg,Main Dish,"Vietnamese, pho",1 cups vegetables,"tomato, vegetables",4.2,184,203,20,19,81,1188,44,9,29,40,2,2 servings,"Recipe for Pho: Mix ingredients, cook for 111 minutes.",
778,Chow Mein,118,Chef Wu,68,33,101,2024-10-20,A delicious Chinese dish featuring chow mein.,https://example.com/chow-mein.jpg,Main Dish,"Chinese, chow mein",3 cups spices,"onion, beef",4.1,89,215,20,11,149,1822,33,12,9,12,5,5 servings,"Recipe for Chow Mein: Mix ingredients, cook for 68 minutes.",
779,Satay,117,Chef Han,33,40,73,2025-08-24,A delicious Vietnamese dish featuring satay.,https://example.com/satay.jpg,Soup,"Vietnamese, satay",2 cups vegetables,"ginger, tofu",4.4,224,314,50,19,24,1524,38,5,25,13,2,2 servings,"Recipe for Satay: Mix ingredients, cook for 33 minutes.",
780,Dumplings,116,Chef Singh,29,6,35,2025-07-18,A delicious Chinese dish featuring dumplings.,https://example.com/dumplings.jpg,Breakfast,"Chinese, dumplings",4 cups rice,"ginger, tofu",4.9,463,211,49,20,84,747,65,13,22,19,3,3 servings,"Recipe for Dumplings: Mix ingredients, cook for 29 minutes.",
781,Samgyetang,110,Chef Kumar,74,56,130,2025-01-09,A delicious Korean dish featuring samgyetang.,https://example.com/samgyetang.jpg,Breakfast,"Korean, samgyetang",3 cups vegetables,"ginger, vegetables",4.0,310,668,40,8,75,1989,45,4,20,23,5,5 servings,"Recipe for Samgyetang: Mix ingredients, cook for 74 minutes.",
782,Bibimbap,105,Chef Park,73,17,90,2025-07-18,A delicious Korean dish featuring bibimbap.,https://example.com/bibimbap.jpg,Side Dish,"Korean, bibimbap",2 cups vegetables,"garlic, tofu",4.8,64,357,17,8,66,1129,48,7,28,34,8,8 servings,"Recipe for Bibimbap: Mix ingredients, cook for 73 minutes.",
783,Pad Thai,108,Chef Lee,86,29,115,2025-05-06,A delicious Thai dish featuring pad thai.,https://example.com/pad-thai.jpg,Side Dish,"Thai, pad thai",2 cups chicken,"tomato, vegetables",4.4,480,208,25,5,33,1601,85,9,21,21,8,8 servings,"Recipe for Pad Thai: Mix ingredients, cook for 86 minutes.",
784,Pho,112,Chef Liu,37,52,89,2025-09-25,A delicious Vietnamese dish featuring pho.,https://example.com/pho.jpg,Breakfast,"Vietnamese, pho",1 cups chicken,"onion, beef",4.3,278,436,20,6,89,960,53,7,5,30,8,8 servings,"Recipe for Pho: Mix ingredients, cook for 37 minutes.",
785,Kung Pao Chicken,101,Chef Raj,96,12,108,2024-12-08,A delicious Chinese dish featuring kung pao chicken.,https://example.com/kung-pao-chicken.jpg,Appetizer,"Chinese, kung pao chicken",2 cups rice,"tomato, tofu",4.3,401,476,28,6,148,1924,35,6,14,28,3,3 servings,"Recipe for Kung Pao Chicken: Mix ingredients, cook for 96 minutes.",
786,Chow Mein,109,Chef Chen,23,51,74,2025-10-05,A delicious Chinese dish featuring chow mein.,https://example.com/chow-mein.jpg,Dessert,"Chinese, chow mein",1 cups chicken,"tomato, beef",4.9,223,670,32,15,119,1351,85,11,17,15,6,6 servings,"Recipe for Chow Mein: Mix ingredients, cook for 23 minutes.",
787,Chow Mein,117,Chef Han,26,9,35,2025-05-15,A delicious Chinese dish featuring chow mein.,https://example.com/chow-mein.jpg,Dessert,"Chinese, chow mein",3 cups rice,"garlic, tofu",4.1,470,269,12,11,134,1725,53,4,14,34,8,8 servings,"Recipe for Chow Mein: Mix ingredients, cook for 26 minutes.",
788,Tempura,101,Chef Raj,18,26,44,2025-04-17,A delicious Japanese dish featuring tempura.,https://example.com/tempura.jpg,Snack,"Japanese, tempura",4 cups chicken,"onion, tofu",4.6,397,547,38,20,126,1900,100,8,29,24,2,2 servings,"Recipe for Tempura: Mix ingredients, cook for 18 minutes.",
789,Pad Thai,120,Chef Jung,93,47,140,2025-09-07,A delicious Thai dish featuring pad thai.,https://example.com/pad-thai.jpg,Appetizer,"Thai, pad thai",4 cups chicken,"ginger, vegetables",4.4,79,508,41,20,81,1424,35,11,17,38,2,2 servings,"Recipe for Pad Thai: Mix ingredients, cook for 93 minutes.",
790,Japchae,101,Chef Raj,98,33,131,2025-08-27,A delicious Korean dish featuring japchae.,https://example.com/japchae.jpg,Appetizer,"Korean, japchae",2 cups vegetables,"ginger, vegetables",4.9,379,264,26,16,25,1190,37,15,30,10,2,2 servings,"Recipe for Japchae: Mix ingredients, cook for 98 minutes.",
791,Beijing Duck,116,Chef Singh,19,59,78,2025-04-28,A delicious Chinese dish featuring beijing duck.,https://example.com/beijing-duck.jpg,Side Dish,"Chinese, beijing duck",4 cups chicken,"onion, chicken",4.6,64,418,12,13,66,845,86,4,8,16,4,4 servings,"Recipe for Beijing Duck: Mix ingredients, cook for 19 minutes.",
792,Sushi,109,Chef Chen,107,40,147,2025-07-04,A delicious Japanese dish featuring sushi.,https://example.com/sushi.jpg,Appetizer,"Japanese, sushi",2 cups vegetables,"onion, beef",4.7,404,514,48,15,129,704,90,13,17,10,3,3 servings,"Recipe for Sushi: Mix ingredients, cook for 107 minutes.",
793,Pani Puri,119,Chef Gupta,76,60,136,2025-03-01,A delicious Indian dish featuring pani puri.,https://example.com/pani-puri.jpg,Soup,"Indian, pani puri",5 cups vegetables,"garlic, chicken",4.9,487,659,17,8,66,1728,47,7,7,17,6,6 servings,"Recipe for Pani Puri: Mix ingredients, cook for 76 minutes.",
794,Sushi,113,Chef Patel,16,45,61,2025-10-16,A delicious Vietnamese dish featuring sushi.,https://example.com/sushi.jpg,Main Dish,"Vietnamese, sushi",2 cups vegetables,"tomato, tofu",4.4,202,797,46,13,65,1483,76,14,5,18,8,8 servings,"Recipe for Sushi: Mix ingredients, cook for 16 minutes.",
795,Pad Thai,120,Chef Jung,72,16,88,2025-05-17,A delicious Japanese dish featuring pad thai.,https://example.com/pad-thai.jpg,Side Dish,"Japanese, pad thai",1 cups spices,"ginger, vegetables",5.0,98,640,38,7,89,1164,39,11,19,28,5,5 servings,"Recipe for Pad Thai: Mix ingredients, cook for 72 minutes.",
796,Tom Yum,106,Chef Wang,94,40,134,2025-06-16,A delicious Vietnamese dish featuring tom yum.,https://example.com/tom-yum.jpg,Breakfast,"Vietnamese, tom yum",2 cups vegetables,"tomato, tofu",4.7,362,715,33,8,72,618,67,7,29,26,7,7 servings,"Recipe for Tom Yum: Mix ingredients, cook for 94 minutes.",
797,Tom Yum,109,Chef Chen,74,35,109,2025-03-08,A delicious Japanese dish featuring tom yum.,https://example.com/tom-yum.jpg,Snack,"Japanese, tom yum",1 cups rice,"garlic, tofu",4.7,289,627,31,8,71,1696,69,15,15,23,3,3 servings,"Recipe for Tom Yum: Mix ingredients, cook for 74 minutes.",
798,Sushi,107,Chef Sharma,91,53,144,2025-03-05,A delicious Thai dish featuring sushi.,https://example.com/sushi.jpg,Breakfast,"Thai, sushi",4 cups rice,"garlic, chicken",4.4,249,356,40,11,145,409,53,15,22,22,8,8 servings,"Recipe for Sushi: Mix ingredients, cook for 91 minutes.",
799,Fried Chicken,104,Chef Ahmed,75,25,100,2025-06-30,A delicious Korean dish featuring fried chicken.,https://example.com/fried-chicken.jpg,Side Dish,"Korean, fried chicken",4 cups rice,"tomato, vegetables",4.4,429,393,26,12,75,962,42,12,18,34,5,5 servings,"Recipe for Fried Chicken: Mix ingredients, cook for 75 minutes.",
800,Rajma,120,Chef Jung,72,42,114,2025-03-25,A delicious Indian dish featuring rajma.,https://example.com/rajma.jpg,Snack,"Indian, rajma",1 cups chicken,"onion, beef",4.8,469,478,29,6,136,554,86,6,25,35,3,3 servings,"Recipe for Rajma: Mix ingredients, cook for 72 minutes.",
801,Ramen,107,Chef Sharma,92,60,152,2025-07-19,A delicious Vietnamese dish featuring ramen.,https://example.com/ramen.jpg,Soup,"Vietnamese, ramen",3 cups chicken,"garlic, tofu",5.0,210,586,16,18,50,1337,79,14,18,40,5,5 servings,"Recipe for Ramen: Mix ingredients, cook for 92 minutes.",
802,Pani Puri,103,Chef Li,69,31,100,2025-02-12,A delicious Indian dish featuring pani puri.,https://example.com/pani-puri.jpg,Soup,"Indian, pani puri",1 cups rice,"garlic, beef",5.0,77,644,36,7,148,1873,78,4,28,37,3,3 servings,"Recipe for Pani Puri: Mix ingredients, cook for 69 minutes.",
803,Ramen,112,Chef Liu,38,56,94,2024-10-30,A delicious Japanese dish featuring ramen.,https://example.com/ramen.jpg,Breakfast,"Japanese, ramen",4 cups chicken,"ginger, tofu",4.8,214,629,38,17,136,1445,52,10,28,30,3,3 servings,"Recipe for Ramen: Mix ingredients, cook for 38 minutes.",
804,Green Curry,113,Chef Patel,58,49,107,2025-03-08,A delicious Vietnamese dish featuring green curry.,https://example.com/green-curry.jpg,Breakfast,"Vietnamese, green curry",1 cups vegetables,"ginger, beef",4.8,188,674,20,7,129,700,37,9,5,29,8,8 servings,"Recipe for Green Curry: Mix ingredients, cook for 58 minutes.",
805,Hot Pot,105,Chef Park,45,6,51,2025-02-25,A delicious Chinese dish featuring hot pot.,https://example.com/hot-pot.jpg,Breakfast,"Chinese, hot pot",2 cups rice,"garlic, beef",4.9,318,325,31,7,131,908,43,7,18,12,4,4 servings,"Recipe for Hot Pot: Mix ingredients, cook for 45 minutes.",
806,Kimbap,112,Chef Liu,78,60,138,2025-04-08,A delicious Korean dish featuring kimbap.,https://example.com/kimbap.jpg,Breakfast,"Korean, kimbap",3 cups chicken,"onion, chicken",4.1,238,250,44,12,111,1261,60,7,29,40,3,3 servings,"Recipe for Kimbap: Mix ingredients, cook for 78 minutes.",
807,Bulgogi,102,Chef Kim,36,42,78,2025-09-12,A delicious Korean dish featuring bulgogi.,https://example.com/bulgogi.jpg,Breakfast,"Korean, bulgogi",4 cups chicken,"onion, beef",4.1,261,489,15,12,78,1500,81,8,12,25,7,7 servings,"Recipe for Bulgogi: Mix ingredients, cook for 36 minutes.",
808,Butter Chicken,116,Chef Singh,22,33,55,2024-10-26,A delicious Indian dish featuring butter chicken.,https://example.com/butter-chicken.jpg,Snack,"Indian, butter chicken",4 cups chicken,"ginger, beef",4.9,125,337,12,15,59,422,92,6,11,20,8,8 servings,"Recipe for Butter Chicken: Mix ingredients, cook for 22 minutes.",
809,Bibimbap,102,Chef Kim,83,49,132,2025-05-30,A delicious Korean dish featuring bibimbap.,https://example.com/bibimbap.jpg,Appetizer,"Korean, bibimbap",2 cups rice,"ginger, chicken",4.9,369,548,22,11,103,1714,57,5,27,24,7,7 servings,"Recipe for Bibimbap: Mix ingredients, cook for 83 minutes.",
810,Pho,111,Chef Choi,115,49,164,2025-08-12,A delicious Japanese dish featuring pho.,https://example.com/pho.jpg,Soup,"Japanese, pho",4 cups chicken,"onion, tofu",4.8,390,312,44,17,125,1528,80,12,20,36,6,6 servings,"Recipe for Pho: Mix ingredients, cook for 115 minutes.",
811,Sushi,107,Chef Sharma,59,28,87,2025-04-26,A delicious Vietnamese dish featuring sushi.,https://example.com/sushi.jpg,Breakfast,"Vietnamese, sushi",3 cups rice,"garlic, vegetables",4.8,409,665,27,15,60,555,72,13,22,18,8,8 servings,"Recipe for Sushi: Mix ingredients, cook for 59 minutes.",
812,Aloo Gobi,119,Chef Gupta,99,33,132,2024-12-18,A delicious Indian dish featuring aloo gobi.,https://example.com/aloo-gobi.jpg,Breakfast,"Indian, aloo gobi",1 cups vegetables,"ginger, beef",4.5,83,763,35,13,102,1199,99,3,16,29,2,2 servings,"Recipe for Aloo Gobi: Mix ingredients, cook for 99 minutes.",
813,Bulgogi,118,Chef Wu,34,53,87,2025-08-23,A delicious Korean dish featuring bulgogi.,https://example.com/bulgogi.jpg,Snack,"Korean, bulgogi",3 cups vegetables,"onion, beef",4.5,350,243,21,7,63,546,59,13,25,13,2,2 servings,"Recipe for Bulgogi: Mix ingredients, cook for 34 minutes.",
814,Tteokbokki,120,Chef Jung,54,59,113,2025-01-08,A delicious Korean dish featuring tteokbokki.,https://example.com/tteokbokki.jpg,Dessert,"Korean, tteokbokki",4 cups chicken,"onion, vegetables",4.4,70,218,26,20,117,823,53,11,15,26,8,8 servings,"Recipe for Tteokbokki: Mix ingredients, cook for 54 minutes.",
815,Fried Rice,119,Chef Gupta,56,28,84,2025-02-27,A delicious Chinese dish featuring fried rice.,https://example.com/fried-rice.jpg,Main Dish,"Chinese, fried rice",3 cups spices,"tomato, tofu",4.7,288,301,12,10,131,815,49,10,29,31,6,6 servings,"Recipe for Fried Rice: Mix ingredients, cook for 56 minutes.",
816,Kung Pao Chicken,108,Chef Lee,92,19,111,2025-01-08,A delicious Chinese dish featuring kung pao chicken.,https://example.com/kung-pao-chicken.jpg,Appetizer,"Chinese, kung pao chicken",2 cups vegetables,"onion, vegetables",4.2,457,394,27,13,20,1525,98,4,11,25,4,4 servings,"Recipe for Kung Pao Chicken: Mix ingredients, cook for 92 minutes.",
817,Sushi,103,Chef Li,107,48,155,2025-06-17,A delicious Thai dish featuring sushi.,https://example.com/sushi.jpg,Main Dish,"Thai, sushi",3 cups chicken,"tomato, vegetables",4.5,173,757,33,5,135,1596,45,11,14,33,5,5 servings,"Recipe for Sushi: Mix ingredients, cook for 107 minutes.",
818,Kimchi Jjigae,105,Chef Park,25,36,61,2025-06-28,A delicious Korean dish featuring kimchi jjigae.,https://example.com/kimchi-jjigae.jpg,Appetizer,"Korean, kimchi jjigae",5 cups spices,"garlic, beef",4.4,448,570,42,14,64,1828,69,11,28,25,4,4 servings,"Recipe for Kimchi Jjigae: Mix ingredients, cook for 25 minutes.",
819,Wonton Soup,103,Chef Li,75,41,116,2025-08-02,A delicious Chinese dish featuring wonton soup.,https://example.com/wonton-soup.jpg,Breakfast,"Chinese, wonton soup",3 cups spices,"garlic, beef",4.5,484,468,12,19,111,908,99,9,9,20,4,4 servings,"Recipe for Wonton Soup: Mix ingredients, cook for 75 minutes.",
820,Nasi Goreng,108,Chef Lee,103,54,157,2025-02-20,A delicious Vietnamese dish featuring nasi goreng.,https://example.com/nasi-goreng.jpg,Main Dish,"Vietnamese, nasi goreng",3 cups spices,"tomato, vegetables",4.9,83,730,21,8,112,1891,95,12,6,25,3,3 servings,"Recipe for Nasi Goreng: Mix ingredients, cook for 103 minutes.",
821,Sweet and Sour Pork,106,Chef Wang,115,48,163,2025-08-02,A delicious Chinese dish featuring sweet and sour pork.,https://example.com/sweet-and-sour-pork.jpg,Snack,"Chinese, sweet and sour pork",1 cups chicken,"garlic, beef",4.4,257,640,46,8,77,679,81,13,22,28,5,5 servings,"Recipe for Sweet and Sour Pork: Mix ingredients, cook for 115 minutes.",
822,Spring Rolls,114,Chef Yoon,49,38,87,2025-05-29,A delicious Chinese dish featuring spring rolls.,https://example.com/spring-rolls.jpg,Soup,"Chinese, spring rolls",4 cups chicken,"onion, tofu",4.2,85,231,27,12,37,573,94,14,24,29,5,5 servings,"Recipe for Spring Rolls: Mix ingredients, cook for 49 minutes.",
823,Tempura,112,Chef Liu,79,11,90,2024-11-07,A delicious Thai dish featuring tempura.,https://example.com/tempura.jpg,Snack,"Thai, tempura",4 cups spices,"ginger, beef",4.9,191,412,36,13,20,1097,44,12,17,31,8,8 servings,"Recipe for Tempura: Mix ingredients, cook for 79 minutes.",
824,Japchae,103,Chef Li,40,25,65,2025-05-23,A delicious Korean dish featuring japchae.,https://example.com/japchae.jpg,Dessert,"Korean, japchae",1 cups spices,"tomato, chicken",4.1,456,763,29,15,85,1844,36,10,29,34,7,7 servings,"Recipe for Japchae: Mix ingredients, cook for 40 minutes.",
825,Tempura,113,Chef Patel,77,28,105,2025-07-26,A delicious Vietnamese dish featuring tempura.,https://example.com/tempura.jpg,Side Dish,"Vietnamese, tempura",1 cups spices,"tomato, beef",4.6,50,471,12,20,111,737,94,4,16,11,8,8 servings,"Recipe for Tempura: Mix ingredients, cook for 77 minutes.",
826,Wonton Soup,106,Chef Wang,97,17,114,2025-08-23,A delicious Chinese dish featuring wonton soup.,https://example.com/wonton-soup.jpg,Dessert,"Chinese, wonton soup",1 cups spices,"onion, vegetables",4.7,275,315,38,18,45,1541,40,8,28,21,6,6 servings,"Recipe for Wonton Soup: Mix ingredients, cook for 97 minutes.",
827,Pho,104,Chef Ahmed,35,22,57,2025-03-30,A delicious Japanese dish featuring pho.,https://example.com/pho.jpg,Appetizer,"Japanese, pho",5 cups spices,"ginger, beef",4.1,328,252,45,19,64,1535,34,13,24,38,8,8 servings,"Recipe for Pho: Mix ingredients, cook for 35 minutes.",
828,Pho,102,Chef Kim,11,52,63,2025-05-03,A delicious Thai dish featuring pho.,https://example.com/pho.jpg,Main Dish,"Thai, pho",3 cups rice,"tomato, tofu",4.9,268,461,24,7,41,794,56,10,7,37,3,3 servings,"Recipe for Pho: Mix ingredients, cook for 11 minutes.",
829,Satay,109,Chef Chen,32,16,48,2025-08-18,A delicious Thai dish featuring satay.,https://example.com/satay.jpg,Soup,"Thai, satay",4 cups vegetables,"onion, vegetables",4.1,410,223,39,13,60,614,32,10,13,26,6,6 servings,"Recipe for Satay: Mix ingredients, cook for 32 minutes.",
830,Kimbap,120,Chef Jung,37,7,44,2025-09-18,A delicious Korean dish featuring kimbap.,https://example.com/kimbap.jpg,Main Dish,"Korean, kimbap",1 cups vegetables,"tomato, beef",4.5,161,414,27,20,20,1988,65,9,24,12,6,6 servings,"Recipe for Kimbap: Mix ingredients, cook for 37 minutes.",
831,Wonton Soup,111,Chef Choi,75,30,105,2025-10-10,A delicious Chinese dish featuring wonton soup.,https://example.com/wonton-soup.jpg,Main Dish,"Chinese, wonton soup",3 cups spices,"garlic, tofu",4.6,271,317,38,11,131,1284,96,13,11,21,2,2 servings,"Recipe for Wonton Soup: Mix ingredients, cook for 75 minutes.",
832,Spring Rolls,105,Chef Park,76,45,121,2025-03-05,A delicious Chinese dish featuring spring rolls.,https://example.com/spring-rolls.jpg,Breakfast,"Chinese, spring rolls",3 cups spices,"garlic, tofu",4.9,190,359,21,13,58,700,77,8,26,24,2,2 servings,"Recipe for Spring Rolls: Mix ingredients, cook for 76 minutes.",
833,Wonton Soup,115,Chef Zhang,79,45,124,2025-02-04,A delicious Chinese dish featuring wonton soup.,https://example.com/wonton-soup.jpg,Appetizer,"Chinese, wonton soup",2 cups vegetables,"onion, vegetables",4.4,188,796,34,15,42,1851,61,10,27,10,8,8 servings,"Recipe for Wonton Soup: Mix ingredients, cook for 79 minutes.",
834,Fried Rice,104,Chef Ahmed,112,17,129,2024-12-12,A delicious Chinese dish featuring fried rice.,https://example.com/fried-rice.jpg,Main Dish,"Chinese, fried rice",5 cups vegetables,"garlic, chicken",4.8,291,673,25,20,28,515,51,4,6,33,3,3 servings,"Recipe for Fried Rice: Mix ingredients, cook for 112 minutes.",
835,Ramen,109,Chef Chen,86,53,139,2024-12-12,A delicious Vietnamese dish featuring ramen.,https://example.com/ramen.jpg,Snack,"Vietnamese, ramen",1 cups chicken,"ginger, vegetables",4.8,91,458,41,20,54,1006,73,10,23,21,8,8 servings,"Recipe for Ramen: Mix ingredients, cook for 86 minutes.",
836,Tempura,120,Chef Jung,108,54,162,2025-08-28,A delicious Japanese dish featuring tempura.,https://example.com/tempura.jpg,Main Dish,"Japanese, tempura",5 cups vegetables,"tomato, vegetables",4.7,88,469,13,5,80,688,75,9,20,22,4,4 servings,"Recipe for Tempura: Mix ingredients, cook for 108 minutes.",
837,Bulgogi,102,Chef Kim,107,29,136,2025-07-19,A delicious Korean dish featuring bulgogi.,https://example.com/bulgogi.jpg,Dessert,"Korean, bulgogi",2 cups vegetables,"onion, vegetables",4.2,120,504,38,15,112,1773,88,10,16,20,5,5 servings,"Recipe for Bulgogi: Mix ingredients, cook for 107 minutes.",
838,Sushi,105,Chef Park,26,24,50,2025-03-22,A delicious Japanese dish featuring sushi.,https://example.com/sushi.jpg,Main Dish,"Japanese, sushi",5 cups chicken,"tomato, vegetables",4.5,413,434,40,15,70,775,82,3,29,16,2,2 servings,"Recipe for Sushi: Mix ingredients, cook for 26 minutes.",
839,Green Curry,109,Chef Chen,66,35,101,2025-07-05,A delicious Vietnamese dish featuring green curry.,https://example.com/green-curry.jpg,Soup,"Vietnamese, green curry",5 cups chicken,"onion, beef",4.7,485,675,39,10,52,1004,89,6,24,19,8,8 servings,"Recipe for Green Curry: Mix ingredients, cook for 66 minutes.",
840,Satay,119,Chef Gupta,70,28,98,2025-01-22,A delicious Vietnamese dish featuring satay.,https://example.com/satay.jpg,Soup,"Vietnamese, satay",5 cups rice,"tomato, beef",4.1,429,273,37,8,101,958,92,3,11,25,7,7 servings,"Recipe for Satay: Mix ingredients, cook for 70 minutes.",
841,Rogan Josh,105,Chef Park,112,42,154,2025-09-25,A delicious Indian dish featuring rogan josh.,https://example.com/rogan-josh.jpg,Snack,"Indian, rogan josh",5 cups rice,"ginger, beef",4.1,101,684,34,11,149,798,75,8,10,17,4,4 servings,"Recipe for Rogan Josh: Mix ingredients, cook for 112 minutes.",
842,Tempura,116,Chef Singh,88,47,135,2025-05-28,A delicious Japanese dish featuring tempura.,https://example.com/tempura.jpg,Main Dish,"Japanese, tempura",4 cups vegetables,"tomato, chicken",4.9,262,599,35,5,79,1288,83,14,10,31,6,6 servings,"Recipe for Tempura: Mix ingredients, cook for 88 minutes.",
843,Kimchi Jjigae,103,Chef Li,66,6,72,2025-04-05,A delicious Korean dish featuring kimchi jjigae.,https://example.com/kimchi-jjigae.jpg,Soup,"Korean, kimchi jjigae",5 cups spices,"tomato, vegetables",4.3,126,226,10,17,43,476,88,5,9,21,7,7 servings,"Recipe for Kimchi Jjigae: Mix ingredients, cook for 66 minutes.",
844,Samgyetang,109,Chef Chen,34,11,45,2025-05-18,A delicious Korean dish featuring samgyetang.,https://example.com/samgyetang.jpg,Main Dish,"Korean, samgyetang",1 cups vegetables,"garlic, tofu",4.8,66,202,15,12,84,1758,36,10,9,26,5,5 servings,"Recipe for Samgyetang: Mix ingredients, cook for 34 minutes.",
845,Banh Mi,113,Chef Patel,44,41,85,2025-09-18,A delicious Japanese dish featuring banh mi.,https://example.com/banh-mi.jpg,Breakfast,"Japanese, banh mi",3 cups chicken,"tomato, tofu",4.3,131,511,30,5,85,1624,61,12,27,36,2,2 servings,"Recipe for Banh Mi: Mix ingredients, cook for 44 minutes.",
846,Butter Chicken,110,Chef Kumar,104,40,144,2025-02-09,A delicious Indian dish featuring butter chicken.,https://example.com/butter-chicken.jpg,Side Dish,"Indian, butter chicken",5 cups vegetables,"onion, chicken",4.4,365,622,25,9,42,1659,55,6,19,10,4,4 servings,"Recipe for Butter Chicken: Mix ingredients, cook for 104 minutes.",
847,Sweet and Sour Pork,107,Chef Sharma,38,5,43,2025-04-03,A delicious Chinese dish featuring sweet and sour pork.,https://example.com/sweet-and-sour-pork.jpg,Main Dish,"Chinese, sweet and sour pork",1 cups chicken,"garlic, tofu",5.0,442,681,16,12,27,1254,50,7,23,29,2,2 servings,"Recipe for Sweet and Sour Pork: Mix ingredients, cook for 38 minutes.",
848,Tom Yum,104,Chef Ahmed,37,11,48,2025-10-18,A delicious Japanese dish featuring tom yum.,https://example.com/tom-yum.jpg,Breakfast,"Japanese, tom yum",3 cups spices,"garlic, chicken",4.7,286,367,36,12,101,597,80,3,25,17,8,8 servings,"Recipe for Tom Yum: Mix ingredients, cook for 37 minutes.",
849,Kimbap,114,Chef Yoon,20,26,46,2024-12-21,A delicious Korean dish featuring kimbap.,https://example.com/kimbap.jpg,Snack,"Korean, kimbap",1 cups vegetables,"garlic, vegetables",4.9,349,312,35,8,98,452,73,3,13,35,6,6 servings,"Recipe for Kimbap: Mix ingredients, cook for 20 minutes.",
850,Nasi Goreng,105,Chef Park,81,41,122,2024-12-09,A delicious Vietnamese dish featuring nasi goreng.,https://example.com/nasi-goreng.jpg,Breakfast,"Vietnamese, nasi goreng",1 cups rice,"ginger, chicken",4.4,385,560,28,5,55,1029,43,8,14,31,2,2 servings,"Recipe for Nasi Goreng: Mix ingredients, cook for 81 minutes.",
851,Tempura,102,Chef Kim,111,47,158,2025-06-24,A delicious Vietnamese dish featuring tempura.,https://example.com/tempura.jpg,Appetizer,"Vietnamese, tempura",4 cups spices,"tomato, chicken",4.6,235,416,21,12,45,441,73,9,9,14,5,5 servings,"Recipe for Tempura: Mix ingredients, cook for 111 minutes.",
852,Nasi Goreng,112,Chef Liu,106,22,128,2025-04-05,A delicious Thai dish featuring nasi goreng.,https://example.com/nasi-goreng.jpg,Soup,"Thai, nasi goreng",3 cups rice,"ginger, beef",4.3,266,294,43,7,72,1827,93,10,20,27,3,3 servings,"Recipe for Nasi Goreng: Mix ingredients, cook for 106 minutes.",
853,Tteokbokki,116,Chef Singh,17,32,49,2025-07-15,A delicious Korean dish featuring tteokbokki.,https://example.com/tteokbokki.jpg,Snack,"Korean, tteokbokki",1 cups vegetables,"ginger, beef",4.2,235,434,26,6,119,1643,70,6,22,21,6,6 servings,"Recipe for Tteokbokki: Mix ingredients, cook for 17 minutes.",
854,Rajma,117,Chef Han,11,41,52,2025-05-24,A delicious Indian dish featuring rajma.,https://example.com/rajma.jpg,Side Dish,"Indian, rajma",4 cups rice,"tomato, chicken",4.2,378,571,17,9,87,987,88,15,28,38,8,8 servings,"Recipe for Rajma: Mix ingredients, cook for 11 minutes.",
855,Banh Mi,112,Chef Liu,50,48,98,2025-04-09,A delicious Japanese dish featuring banh mi.,https://example.com/banh-mi.jpg,Appetizer,"Japanese, banh mi",4 cups spices,"ginger, beef",4.6,180,432,25,20,49,1358,85,13,27,27,8,8 servings,"Recipe for Banh Mi: Mix ingredients, cook for 50 minutes.",
856,Sushi,118,Chef Wu,110,53,163,2025-01-02,A delicious Vietnamese dish featuring sushi.,https://example.com/sushi.jpg,Side Dish,"Vietnamese, sushi",4 cups spices,"ginger, chicken",4.6,201,316,20,16,60,1507,59,13,19,24,2,2 servings,"Recipe for Sushi: Mix ingredients, cook for 110 minutes.",
857,Chow Mein,112,Chef Liu,68,56,124,2024-11-09,A delicious Chinese dish featuring chow mein.,https://example.com/chow-mein.jpg,Main Dish,"Chinese, chow mein",5 cups rice,"tomato, beef",4.5,325,557,33,14,47,1603,62,3,11,29,5,5 servings,"Recipe for Chow Mein: Mix ingredients, cook for 68 minutes.",
858,Green Curry,112,Chef Liu,114,9,123,2025-04-03,A delicious Thai dish featuring green curry.,https://example.com/green-curry.jpg,Appetizer,"Thai, green curry",1 cups vegetables,"onion, chicken",4.5,441,670,45,5,59,646,90,13,30,11,6,6 servings,"Recipe for Green Curry: Mix ingredients, cook for 114 minutes.",
859,Satay,106,Chef Wang,19,38,57,2025-04-19,A delicious Thai dish featuring satay.,https://example.com/satay.jpg,Dessert,"Thai, satay",2 cups chicken,"onion, beef",4.5,120,774,21,12,62,536,55,11,21,39,7,7 servings,"Recipe for Satay: Mix ingredients, cook for 19 minutes.",
860,Ramen,112,Chef Liu,13,28,41,2025-02-07,A delicious Japanese dish featuring ramen.,https://example.com/ramen.jpg,Appetizer,"Japanese, ramen",4 cups spices,"ginger, beef",4.2,257,738,33,13,122,1657,90,7,7,36,7,7 servings,"Recipe for Ramen: Mix ingredients, cook for 13 minutes.",
861,Beijing Duck,113,Chef Patel,107,23,130,2025-02-24,A delicious Chinese dish featuring beijing duck.,https://example.com/beijing-duck.jpg,Main Dish,"Chinese, beijing duck",3 cups spices,"ginger, beef",4.8,87,348,45,5,87,1586,35,7,6,30,3,3 servings,"Recipe for Beijing Duck: Mix ingredients, cook for 107 minutes.",
862,Bibimbap,117,Chef Han,61,52,113,2025-05-26,A delicious Korean dish featuring bibimbap.,https://example.com/bibimbap.jpg,Soup,"Korean, bibimbap",2 cups spices,"ginger, tofu",4.3,442,728,45,11,84,1424,64,15,30,15,4,4 servings,"Recipe for Bibimbap: Mix ingredients, cook for 61 minutes.",
863,Pad Thai,107,Chef Sharma,50,29,79,2025-02-24,A delicious Thai dish featuring pad thai.,https://example.com/pad-thai.jpg,Soup,"Thai, pad thai",1 cups spices,"garlic, tofu",4.2,262,544,29,6,64,597,42,8,10,17,3,3 servings,"Recipe for Pad Thai: Mix ingredients, cook for 50 minutes.",
864,Satay,104,Chef Ahmed,113,32,145,2025-07-25,A delicious Thai dish featuring satay.,https://example.com/satay.jpg,Main Dish,"Thai, satay",2 cups spices,"ginger, vegetables",4.6,184,402,34,16,96,900,60,6,15,35,2,2 servings,"Recipe for Satay: Mix ingredients, cook for 113 minutes.",
865,Kimbap,117,Chef Han,66,53,119,2025-01-19,A delicious Korean dish featuring kimbap.,https://example.com/kimbap.jpg,Side Dish,"Korean, kimbap",4 cups rice,"tomato, vegetables",4.1,469,642,23,14,109,1871,80,4,13,16,6,6 servings,"Recipe for Kimbap: Mix ingredients, cook for 66 minutes.",
866,Banh Mi,110,Chef Kumar,53,54,107,2025-04-16,A delicious Thai dish featuring banh mi.,https://example.com/banh-mi.jpg,Appetizer,"Thai, banh mi",4 cups spices,"tomato, beef",4.9,162,687,23,12,94,492,38,11,23,25,6,6 servings,"Recipe for Banh Mi: Mix ingredients, cook for 53 minutes.",
867,Kimchi,108,Chef Lee,17,55,72,2025-01-19,A delicious Korean dish featuring kimchi.,https://example.com/kimchi.jpg,Main Dish,"Korean, kimchi",4 cups chicken,"garlic, vegetables",4.8,92,682,11,18,68,1689,78,9,23,24,5,5 servings,"Recipe for Kimchi: Mix ingredients, cook for 17 minutes.",
868,Chow Mein,115,Chef Zhang,70,59,129,2025-07-12,A delicious Chinese dish featuring chow mein.,https://example.com/chow-mein.jpg,Appetizer,"Chinese, chow mein",3 cups chicken,"onion, tofu",4.1,189,607,46,14,117,1216,54,7,13,26,3,3 servings,"Recipe for Chow Mein: Mix ingredients, cook for 70 minutes.",
869,Green Curry,107,Chef Sharma,49,40,89,2025-06-28,A delicious Japanese dish featuring green curry.,https://example.com/green-curry.jpg,Side Dish,"Japanese, green curry",1 cups vegetables,"garlic, vegetables",4.3,346,509,43,8,41,1007,58,9,26,39,5,5 servings,"Recipe for Green Curry: Mix ingredients, cook for 49 minutes.",
870,Hot Pot,101,Chef Raj,86,23,109,2025-02-07,A delicious Chinese dish featuring hot pot.,https://example.com/hot-pot.jpg,Appetizer,"Chinese, hot pot",5 cups vegetables,"ginger, beef",4.1,246,529,22,18,121,1255,57,15,14,10,4,4 servings,"Recipe for Hot Pot: Mix ingredients, cook for 86 minutes.",
871,Ramen,113,Chef Patel,39,45,84,2024-10-18,A delicious Vietnamese dish featuring ramen.,https://example.com/ramen.jpg,Snack,"Vietnamese, ramen",2 cups spices,"ginger, chicken",4.9,303,794,23,8,135,1260,81,14,24,33,3,3 servings,"Recipe for Ramen: Mix ingredients, cook for 39 minutes.",
872,Kimchi,102,Chef Kim,57,13,70,2025-01-08,A delicious Korean dish featuring kimchi.,https://example.com/kimchi.jpg,Appetizer,"Korean, kimchi",5 cups vegetables,"onion, chicken",4.1,324,292,49,10,61,488,81,15,20,39,3,3 servings,"Recipe for Kimchi: Mix ingredients, cook for 57 minutes.",
873,Green Curry,119,Chef Gupta,111,54,165,2025-03-13,A delicious Japanese dish featuring green curry.,https://example.com/green-curry.jpg,Soup,"Japanese, green curry",1 cups chicken,"garlic, beef",4.4,278,730,35,19,71,969,44,9,29,37,4,4 servings,"Recipe for Green Curry: Mix ingredients, cook for 111 minutes.",
874,Ramen,106,Chef Wang,64,55,119,2025-10-12,A delicious Thai dish featuring ramen.,https://example.com/ramen.jpg,Side Dish,"Thai, ramen",2 cups vegetables,"ginger, tofu",4.7,136,280,25,14,128,1859,62,4,27,23,5,5 servings,"Recipe for Ramen: Mix ingredients, cook for 64 minutes.",
875,Biryani,109,Chef Chen,24,18,42,2025-06-16,A delicious Indian dish featuring biryani.,https://example.com/biryani.jpg,Main Dish,"Indian, biryani",1 cups chicken,"onion, tofu",4.2,152,400,35,10,82,724,85,6,24,40,2,2 servings,"Recipe for Biryani: Mix ingredients, cook for 24 minutes.",
876,Pho,114,Chef Yoon,110,16,126,2024-11-17,A delicious Vietnamese dish featuring pho.,https://example.com/pho.jpg,Appetizer,"Vietnamese, pho",5 cups chicken,"onion, tofu",4.5,238,407,26,10,29,1910,88,12,18,11,8,8 servings,"Recipe for Pho: Mix ingredients, cook for 110 minutes.",
877,Tempura,113,Chef Patel,49,24,73,2025-02-25,A delicious Japanese dish featuring tempura.,https://example.com/tempura.jpg,Appetizer,"Japanese, tempura",1 cups vegetables,"tomato, beef",4.5,405,260,13,16,113,1109,46,9,20,24,3,3 servings,"Recipe for Tempura: Mix ingredients, cook for 49 minutes.",
878,Spring Rolls,101,Chef Raj,114,42,156,2025-08-24,A delicious Chinese dish featuring spring rolls.,https://example.com/spring-rolls.jpg,Appetizer,"Chinese, spring rolls",3 cups vegetables,"ginger, vegetables",4.4,188,345,30,7,55,1124,67,5,21,31,3,3 servings,"Recipe for Spring Rolls: Mix ingredients, cook for 114 minutes.",
879,Rajma,102,Chef Kim,79,21,100,2025-05-10,A delicious Indian dish featuring rajma.,https://example.com/rajma.jpg,Side Dish,"Indian, rajma",3 cups spices,"onion, vegetables",4.1,482,353,46,10,137,1115,56,13,10,33,5,5 servings,"Recipe for Rajma: Mix ingredients, cook for 79 minutes.",
880,Sushi,116,Chef Singh,16,55,71,2025-07-26,A delicious Vietnamese dish featuring sushi.,https://example.com/sushi.jpg,Appetizer,"Vietnamese, sushi",1 cups vegetables,"ginger, beef",4.9,344,247,41,6,117,467,74,13,9,24,6,6 servings,"Recipe for Sushi: Mix ingredients, cook for 16 minutes.",
881,Pho,105,Chef Park,21,49,70,2024-10-18,A delicious Vietnamese dish featuring pho.,https://example.com/pho.jpg,Appetizer,"Vietnamese, pho",4 cups vegetables,"onion, tofu",4.8,128,336,23,18,21,1413,55,10,19,20,6,6 servings,"Recipe for Pho: Mix ingredients, cook for 21 minutes.",
882,Chana Masala,115,Chef Zhang,100,52,152,2025-08-19,A delicious Indian dish featuring chana masala.,https://example.com/chana-masala.jpg,Appetizer,"Indian, chana masala",2 cups chicken,"onion, vegetables",4.8,262,237,35,9,133,716,33,12,24,17,4,4 servings,"Recipe for Chana Masala: Mix ingredients, cook for 100 minutes.",
883,Tteokbokki,118,Chef Wu,38,14,52,2025-06-17,A delicious Korean dish featuring tteokbokki.,https://example.com/tteokbokki.jpg,Snack,"Korean, tteokbokki",4 cups chicken,"tomato, chicken",4.9,137,631,12,19,124,1700,74,11,9,30,2,2 servings,"Recipe for Tteokbokki: Mix ingredients, cook for 38 minutes.",
884,Japchae,114,Chef Yoon,120,48,168,2025-08-14,A delicious Korean dish featuring japchae.,https://example.com/japchae.jpg,Dessert,"Korean, japchae",3 cups spices,"ginger, chicken",4.2,297,646,42,20,137,844,44,9,22,12,8,8 servings,"Recipe for Japchae: Mix ingredients, cook for 120 minutes.",
885,Samgyetang,113,Chef Patel,113,38,151,2025-03-08,A delicious Korean dish featuring samgyetang.,https://example.com/samgyetang.jpg,Snack,"Korean, samgyetang",1 cups chicken,"onion, tofu",4.2,423,709,46,7,55,439,89,4,18,23,2,2 servings,"Recipe for Samgyetang: Mix ingredients, cook for 113 minutes.",
886,Ramen,114,Chef Yoon,22,39,61,2025-06-17,A delicious Vietnamese dish featuring ramen.,https://example.com/ramen.jpg,Soup,"Vietnamese, ramen",4 cups vegetables,"onion, chicken",4.8,70,577,25,9,127,1948,49,9,11,26,8,8 servings,"Recipe for Ramen: Mix ingredients, cook for 22 minutes.",
887,Paneer Tikka,114,Chef Yoon,28,12,40,2025-01-21,A delicious Indian dish featuring paneer tikka.,https://example.com/paneer-tikka.jpg,Dessert,"Indian, paneer tikka",1 cups rice,"ginger, tofu",4.1,385,228,22,11,54,901,61,9,24,31,8,8 servings,"Recipe for Paneer Tikka: Mix ingredients, cook for 28 minutes.",
888,Paneer Tikka,118,Chef Wu,69,41,110,2025-02-02,A delicious Indian dish featuring paneer tikka.,https://example.com/paneer-tikka.jpg,Breakfast,"Indian, paneer tikka",3 cups rice,"garlic, chicken",4.4,257,423,43,17,24,1190,72,6,28,34,7,7 servings,"Recipe for Paneer Tikka: Mix ingredients, cook for 69 minutes.",
889,Nasi Goreng,117,Chef Han,17,33,50,2024-12-10,A delicious Vietnamese dish featuring nasi goreng.,https://example.com/nasi-goreng.jpg,Dessert,"Vietnamese, nasi goreng",2 cups rice,"onion, vegetables",4.6,112,365,12,9,96,1061,92,3,29,21,6,6 servings,"Recipe for Nasi Goreng: Mix ingredients, cook for 17 minutes.",
890,Dumplings,112,Chef Liu,36,22,58,2025-08-18,A delicious Chinese dish featuring dumplings.,https://example.com/dumplings.jpg,Main Dish,"Chinese, dumplings",5 cups rice,"onion, beef",4.6,276,500,16,17,77,1746,84,6,10,19,6,6 servings,"Recipe for Dumplings: Mix ingredients, cook for 36 minutes.",
891,Bulgogi,108,Chef Lee,39,57,96,2025-03-30,A delicious Korean dish featuring bulgogi.,https://example.com/bulgogi.jpg,Side Dish,"Korean, bulgogi",4 cups rice,"onion, beef",4.6,335,358,32,20,103,1794,30,5,8,18,2,2 servings,"Recipe for Bulgogi: Mix ingredients, cook for 39 minutes.",
892,Ramen,106,Chef Wang,113,16,129,2025-03-19,A delicious Vietnamese dish featuring ramen.,https://example.com/ramen.jpg,Soup,"Vietnamese, ramen",4 cups rice,"garlic, beef",4.1,248,491,16,16,148,1243,35,13,14,25,8,8 servings,"Recipe for Ramen: Mix ingredients, cook for 113 minutes.",
893,Rogan Josh,103,Chef Li,76,53,129,2025-03-27,A delicious Indian dish featuring rogan josh.,https://example.com/rogan-josh.jpg,Snack,"Indian, rogan josh",3 cups vegetables,"ginger, beef",4.6,105,201,12,11,100,1269,48,14,21,10,5,5 servings,"Recipe for Rogan Josh: Mix ingredients, cook for 76 minutes.",
894,Tempura,105,Chef Park,42,52,94,2024-12-09,A delicious Vietnamese dish featuring tempura.,https://example.com/tempura.jpg,Snack,"Vietnamese, tempura",4 cups rice,"tomato, tofu",4.4,220,591,12,6,87,938,91,5,6,11,3,3 servings,"Recipe for Tempura: Mix ingredients, cook for 42 minutes.",
895,Satay,116,Chef Singh,106,5,111,2025-08-08,A delicious Japanese dish featuring satay.,https://example.com/satay.jpg,Side Dish,"Japanese, satay",3 cups rice,"garlic, chicken",4.8,241,767,40,16,59,744,79,14,30,27,2,2 servings,"Recipe for Satay: Mix ingredients, cook for 106 minutes.",
896,Rajma,118,Chef Wu,117,41,158,2025-06-01,A delicious Indian dish featuring rajma.,https://example.com/rajma.jpg,Breakfast,"Indian, rajma",4 cups chicken,"tomato, tofu",4.1,371,295,42,9,137,1940,36,10,10,38,7,7 servings,"Recipe for Rajma: Mix ingredients, cook for 117 minutes.",
897,Nasi Goreng,120,Chef Jung,106,22,128,2025-01-28,A delicious Japanese dish featuring nasi goreng.,https://example.com/nasi-goreng.jpg,Main Dish,"Japanese, nasi goreng",1 cups chicken,"ginger, tofu",4.9,334,689,38,6,99,744,85,12,11,18,7,7 servings,"Recipe for Nasi Goreng: Mix ingredients, cook for 106 minutes.",
898,Banh Mi,105,Chef Park,55,54,109,2024-11-03,A delicious Vietnamese dish featuring banh mi.,https://example.com/banh-mi.jpg,Snack,"Vietnamese, banh mi",5 cups rice,"ginger, vegetables",4.4,141,246,43,10,123,621,73,9,13,37,8,8 servings,"Recipe for Banh Mi: Mix ingredients, cook for 55 minutes.",
899,Wonton Soup,110,Chef Kumar,82,22,104,2025-03-28,A delicious Chinese dish featuring wonton soup.,https://example.com/wonton-soup.jpg,Soup,"Chinese, wonton soup",2 cups spices,"onion, beef",4.2,152,442,12,6,37,756,31,13,9,32,5,5 servings,"Recipe for Wonton Soup: Mix ingredients, cook for 82 minutes.",
900,Nasi Goreng,101,Chef Raj,63,23,86,2025-02-06,A delicious Japanese dish featuring nasi goreng.,https://example.com/nasi-goreng.jpg,Side Dish,"Japanese, nasi goreng",1 cups vegetables,"ginger, beef",4.0,213,515,28,9,142,1326,61,3,12,40,2,2 servings,"Recipe for Nasi Goreng: Mix ingredients, cook for 63 minutes.",
901,Chow Mein,110,Chef Kumar,72,57,129,2025-02-25,A delicious Chinese dish featuring chow mein.,https://example.com/chow-mein.jpg,Side Dish,"Chinese, chow mein",5 cups spices,"ginger, vegetables",4.4,314,484,40,11,42,1333,78,5,25,19,6,6 servings,"Recipe for Chow Mein: Mix ingredients, cook for 72 minutes.",
902,Pho,107,Chef Sharma,48,13,61,2024-12-15,A delicious Vietnamese dish featuring pho.,https://example.com/pho.jpg,Appetizer,"Vietnamese, pho",3 cups rice,"garlic, beef",4.7,165,462,36,16,47,1531,46,3,30,25,5,5 servings,"Recipe for Pho: Mix ingredients, cook for 48 minutes.",
903,Hot Pot,109,Chef Chen,42,44,86,2025-02-24,A delicious Chinese dish featuring hot pot.,https://example.com/hot-pot.jpg,Main Dish,"Chinese, hot pot",5 cups chicken,"ginger, vegetables",4.2,388,635,33,7,45,1150,56,7,15,20,8,8 servings,"Recipe for Hot Pot: Mix ingredients, cook for 42 minutes.",
904,Green Curry,120,Chef Jung,38,28,66,2025-09-13,A delicious Thai dish featuring green curry.,https://example.com/green-curry.jpg,Appetizer,"Thai, green curry",5 cups rice,"garlic, beef",4.7,255,207,29,17,24,412,54,9,8,28,4,4 servings,"Recipe for Green Curry: Mix ingredients, cook for 38 minutes.",
905,Hot Pot,114,Chef Yoon,21,21,42,2025-01-03,A delicious Chinese dish featuring hot pot.,https://example.com/hot-pot.jpg,Soup,"Chinese, hot pot",2 cups vegetables,"tomato, tofu",4.2,273,327,50,8,104,1964,31,15,15,14,6,6 servings,"Recipe for Hot Pot: Mix ingredients, cook for 21 minutes.",
906,Satay,106,Chef Wang,81,50,131,2025-06-19,A delicious Japanese dish featuring satay.,https://example.com/satay.jpg,Snack,"Japanese, satay",5 cups vegetables,"onion, tofu",4.9,73,332,23,15,108,1838,54,3,26,30,6,6 servings,"Recipe for Satay: Mix ingredients, cook for 81 minutes.",
907,Green Curry,108,Chef Lee,63,56,119,2024-12-29,A delicious Japanese dish featuring green curry.,https://example.com/green-curry.jpg,Dessert,"Japanese, green curry",5 cups spices,"tomato, beef",5.0,449,690,37,17,77,1785,43,14,30,30,5,5 servings,"Recipe for Green Curry: Mix ingredients, cook for 63 minutes.",
908,Ramen,118,Chef Wu,110,12,122,2025-07-13,A delicious Vietnamese dish featuring ramen.,https://example.com/ramen.jpg,Appetizer,"Vietnamese, ramen",2 cups rice,"onion, vegetables",4.5,341,767,28,6,49,1044,38,10,10,19,5,5 servings,"Recipe for Ramen: Mix ingredients, cook for 110 minutes.",
909,Satay,103,Chef Li,66,24,90,2025-01-26,A delicious Thai dish featuring satay.,https://example.com/satay.jpg,Dessert,"Thai, satay",4 cups spices,"onion, chicken",4.4,225,240,19,10,34,1117,62,15,18,27,2,2 servings,"Recipe for Satay: Mix ingredients, cook for 66 minutes.",
910,Banh Mi,105,Chef Park,86,10,96,2025-07-05,A delicious Japanese dish featuring banh mi.,https://example.com/banh-mi.jpg,Side Dish,"Japanese, banh mi",2 cups spices,"tomato, chicken",4.4,282,510,46,15,42,1353,86,4,8,32,2,2 servings,"Recipe for Banh Mi: Mix ingredients, cook for 86 minutes.",
911,Chana Masala,117,Chef Han,64,36,100,2025-02-21,A delicious Indian dish featuring chana masala.,https://example.com/chana-masala.jpg,Breakfast,"Indian, chana masala",2 cups chicken,"ginger, chicken",4.2,342,259,28,7,149,1555,86,12,16,21,2,2 servings,"Recipe for Chana Masala: Mix ingredients, cook for 64 minutes.",
912,Bibimbap,102,Chef Kim,96,36,132,2025-02-17,A delicious Korean dish featuring bibimbap.,https://example.com/bibimbap.jpg,Main Dish,"Korean, bibimbap",5 cups vegetables,"tomato, chicken",4.2,172,751,49,14,64,1780,85,3,28,36,6,6 servings,"Recipe for Bibimbap: Mix ingredients, cook for 96 minutes.",
913,Satay,107,Chef Sharma,88,32,120,2024-11-13,A delicious Thai dish featuring satay.,https://example.com/satay.jpg,Snack,"Thai, satay",2 cups rice,"onion, chicken",4.9,122,729,31,20,36,1323,84,12,19,19,3,3 servings,"Recipe for Satay: Mix ingredients, cook for 88 minutes.",
914,Bulgogi,112,Chef Liu,52,48,100,2025-05-06,A delicious Korean dish featuring bulgogi.,https://example.com/bulgogi.jpg,Snack,"Korean, bulgogi",4 cups vegetables,"ginger, tofu",4.8,423,561,31,8,50,577,36,9,13,32,3,3 servings,"Recipe for Bulgogi: Mix ingredients, cook for 52 minutes.",
915,Japchae,107,Chef Sharma,102,33,135,2024-11-14,A delicious Korean dish featuring japchae.,https://example.com/japchae.jpg,Snack,"Korean, japchae",2 cups rice,"onion, chicken",4.6,157,627,23,19,83,964,50,14,25,38,4,4 servings,"Recipe for Japchae: Mix ingredients, cook for 102 minutes.",
916,Samosa,102,Chef Kim,57,12,69,2025-05-24,A delicious Indian dish featuring samosa.,https://example.com/samosa.jpg,Snack,"Indian, samosa",5 cups chicken,"tomato, beef",4.9,252,713,19,13,138,1527,55,10,20,17,8,8 servings,"Recipe for Samosa: Mix ingredients, cook for 57 minutes.",
917,Nasi Goreng,102,Chef Kim,63,56,119,2025-01-14,A delicious Thai dish featuring nasi goreng.,https://example.com/nasi-goreng.jpg,Appetizer,"Thai, nasi goreng",5 cups rice,"ginger, beef",4.9,389,549,42,12,64,1520,30,9,20,36,4,4 servings,"Recipe for Nasi Goreng: Mix ingredients, cook for 63 minutes.",
918,Fried Chicken,117,Chef Han,61,41,102,2025-05-19,A delicious Korean dish featuring fried chicken.,https://example.com/fried-chicken.jpg,Main Dish,"Korean, fried chicken",3 cups chicken,"ginger, tofu",4.1,349,668,43,12,34,907,53,10,12,25,6,6 servings,"Recipe for Fried Chicken: Mix ingredients, cook for 61 minutes.",
919,Ramen,114,Chef Yoon,45,36,81,2025-04-10,A delicious Thai dish featuring ramen.,https://example.com/ramen.jpg,Dessert,"Thai, ramen",3 cups vegetables,"garlic, chicken",4.8,470,792,33,20,135,1596,39,8,26,26,4,4 servings,"Recipe for Ramen: Mix ingredients, cook for 45 minutes.",
920,Sushi,120,Chef Jung,31,60,91,2024-12-01,A delicious Japanese dish featuring sushi.,https://example.com/sushi.jpg,Appetizer,"Japanese, sushi",3 cups spices,"ginger, tofu",4.1,394,352,21,5,145,1298,55,13,14,21,2,2 servings,"Recipe for Sushi: Mix ingredients, cook for 31 minutes.",
921,Mapo Tofu,110,Chef Kumar,44,42,86,2025-09-12,A delicious Chinese dish featuring mapo tofu.,https://example.com/mapo-tofu.jpg,Soup,"Chinese, mapo tofu",4 cups chicken,"garlic, tofu",4.2,436,600,27,15,136,546,51,14,7,12,7,7 servings,"Recipe for Mapo Tofu: Mix ingredients, cook for 44 minutes.",
922,Ramen,120,Chef Jung,16,42,58,2025-09-13,A delicious Vietnamese dish featuring ramen.,https://example.com/ramen.jpg,Dessert,"Vietnamese, ramen",1 cups chicken,"onion, tofu",4.3,477,405,46,12,28,1623,43,8,25,15,5,5 servings,"Recipe for Ramen: Mix ingredients, cook for 16 minutes.",
923,Chow Mein,111,Chef Choi,67,41,108,2025-06-02,A delicious Chinese dish featuring chow mein.,https://example.com/chow-mein.jpg,Side Dish,"Chinese, chow mein",2 cups spices,"tomato, vegetables",4.2,308,206,19,12,46,1543,73,8,13,25,6,6 servings,"Recipe for Chow Mein: Mix ingredients, cook for 67 minutes.",
924,Green Curry,111,Chef Choi,24,12,36,2025-09-10,A delicious Thai dish featuring green curry.,https://example.com/green-curry.jpg,Main Dish,"Thai, green curry",2 cups vegetables,"onion, beef",4.9,225,260,18,20,65,1995,32,3,13,33,4,4 servings,"Recipe for Green Curry: Mix ingredients, cook for 24 minutes.",
925,Tteokbokki,103,Chef Li,72,58,130,2025-05-02,A delicious Korean dish featuring tteokbokki.,https://example.com/tteokbokki.jpg,Main Dish,"Korean, tteokbokki",3 cups chicken,"onion, chicken",4.4,62,769,22,17,57,1598,51,12,14,15,7,7 servings,"Recipe for Tteokbokki: Mix ingredients, cook for 72 minutes.",
926,Fried Chicken,105,Chef Park,69,50,119,2025-07-08,A delicious Korean dish featuring fried chicken.,https://example.com/fried-chicken.jpg,Main Dish,"Korean, fried chicken",4 cups spices,"tomato, chicken",4.4,87,394,11,7,37,1826,91,4,30,37,4,4 servings,"Recipe for Fried Chicken: Mix ingredients, cook for 69 minutes.",
927,Ramen,119,Chef Gupta,25,12,37,2025-04-24,A delicious Thai dish featuring ramen.,https://example.com/ramen.jpg,Appetizer,"Thai, ramen",4 cups chicken,"garlic, chicken",4.2,297,431,28,17,123,967,80,5,19,11,2,2 servings,"Recipe for Ramen: Mix ingredients, cook for 25 minutes.",
928,Spring Rolls,117,Chef Han,13,40,53,2025-07-14,A delicious Chinese dish featuring spring rolls.,https://example.com/spring-rolls.jpg,Dessert,"Chinese, spring rolls",5 cups spices,"ginger, chicken",4.9,470,440,35,14,21,1217,45,4,9,40,7,7 servings,"Recipe for Spring Rolls: Mix ingredients, cook for 13 minutes.",
929,Tempura,109,Chef Chen,76,25,101,2025-06-06,A delicious Vietnamese dish featuring tempura.,https://example.com/tempura.jpg,Appetizer,"Vietnamese, tempura",3 cups rice,"tomato, vegetables",4.3,283,515,18,16,80,1863,71,11,20,19,7,7 servings,"Recipe for Tempura: Mix ingredients, cook for 76 minutes.",
930,Bibimbap,103,Chef Li,24,34,58,2024-11-10,A delicious Korean dish featuring bibimbap.,https://example.com/bibimbap.jpg,Soup,"Korean, bibimbap",2 cups rice,"garlic, beef",4.5,210,205,26,8,132,1906,95,9,6,25,5,5 servings,"Recipe for Bibimbap: Mix ingredients, cook for 24 minutes.",
931,Tempura,118,Chef Wu,40,55,95,2025-04-07,A delicious Thai dish featuring tempura.,https://example.com/tempura.jpg,Side Dish,"Thai, tempura",2 cups chicken,"tomato, vegetables",4.4,160,492,30,15,116,1523,87,4,17,17,7,7 servings,"Recipe for Tempura: Mix ingredients, cook for 40 minutes.",
932,Ramen,120,Chef Jung,48,7,55,2024-12-07,A delicious Vietnamese dish featuring ramen.,https://example.com/ramen.jpg,Main Dish,"Vietnamese, ramen",1 cups rice,"garlic, chicken",4.4,69,750,50,20,112,975,32,13,29,33,8,8 servings,"Recipe for Ramen: Mix ingredients, cook for 48 minutes.",
933,Ramen,104,Chef Ahmed,57,10,67,2025-01-06,A delicious Japanese dish featuring ramen.,https://example.com/ramen.jpg,Appetizer,"Japanese, ramen",3 cups spices,"garlic, chicken",4.3,176,480,42,6,29,1102,71,7,17,16,5,5 servings,"Recipe for Ramen: Mix ingredients, cook for 57 minutes.",
934,Sushi,109,Chef Chen,99,39,138,2025-07-31,A delicious Vietnamese dish featuring sushi.,https://example.com/sushi.jpg,Soup,"Vietnamese, sushi",1 cups spices,"tomato, vegetables",4.2,341,425,50,13,69,1066,93,9,7,36,7,7 servings,"Recipe for Sushi: Mix ingredients, cook for 99 minutes.",
935,Bulgogi,115,Chef Zhang,97,28,125,2025-05-10,A delicious Korean dish featuring bulgogi.,https://example.com/bulgogi.jpg,Main Dish,"Korean, bulgogi",1 cups rice,"ginger, beef",4.3,101,222,36,8,38,1563,99,4,11,30,4,4 servings,"Recipe for Bulgogi: Mix ingredients, cook for 97 minutes.",
936,Ramen,109,Chef Chen,90,41,131,2025-08-31,A delicious Japanese dish featuring ramen.,https://example.com/ramen.jpg,Side Dish,"Japanese, ramen",5 cups chicken,"garlic, beef",4.7,220,573,19,11,83,1739,47,4,6,33,6,6 servings,"Recipe for Ramen: Mix ingredients, cook for 90 minutes.",
937,Rajma,110,Chef Kumar,108,8,116,2025-06-15,A delicious Indian dish featuring rajma.,https://example.com/rajma.jpg,Main Dish,"Indian, rajma",1 cups vegetables,"ginger, tofu",4.1,334,500,21,8,29,924,99,5,25,15,7,7 servings,"Recipe for Rajma: Mix ingredients, cook for 108 minutes.",
938,Tempura,115,Chef Zhang,71,42,113,2024-12-15,A delicious Japanese dish featuring tempura.,https://example.com/tempura.jpg,Dessert,"Japanese, tempura",1 cups vegetables,"garlic, beef",4.1,479,207,28,19,29,1261,62,3,26,38,2,2 servings,"Recipe for Tempura: Mix ingredients, cook for 71 minutes.",
939,Dosa,101,Chef Raj,50,52,102,2025-02-20,A delicious Indian dish featuring dosa.,https://example.com/dosa.jpg,Appetizer,"Indian, dosa",5 cups spices,"onion, chicken",4.4,495,797,14,12,49,1128,74,11,20,13,5,5 servings,"Recipe for Dosa: Mix ingredients, cook for 50 minutes.",
940,Kimchi,118,Chef Wu,101,36,137,2025-05-09,A delicious Korean dish featuring kimchi.,https://example.com/kimchi.jpg,Appetizer,"Korean, kimchi",4 cups spices,"onion, beef",4.8,272,665,47,10,107,519,30,5,21,38,7,7 servings,"Recipe for Kimchi: Mix ingredients, cook for 101 minutes.",
941,Green Curry,103,Chef Li,118,35,153,2025-01-11,A delicious Vietnamese dish featuring green curry.,https://example.com/green-curry.jpg,Dessert,"Vietnamese, green curry",5 cups vegetables,"garlic, chicken",4.4,155,245,10,11,42,561,85,12,16,40,7,7 servings,"Recipe for Green Curry: Mix ingredients, cook for 118 minutes.",
942,Banh Mi,109,Chef Chen,110,43,153,2025-03-17,A delicious Japanese dish featuring banh mi.,https://example.com/banh-mi.jpg,Main Dish,"Japanese, banh mi",2 cups chicken,"onion, beef",4.8,194,296,41,10,70,1043,48,11,6,36,6,6 servings,"Recipe for Banh Mi: Mix ingredients, cook for 110 minutes.",
943,Kimchi,113,Chef Patel,85,55,140,2025-06-17,A delicious Korean dish featuring kimchi.,https://example.com/kimchi.jpg,Soup,"Korean, kimchi",4 cups vegetables,"tomato, beef",4.3,379,675,17,14,78,1646,77,5,10,23,4,4 servings,"Recipe for Kimchi: Mix ingredients, cook for 85 minutes.",
944,Pho,119,Chef Gupta,102,18,120,2025-09-24,A delicious Japanese dish featuring pho.,https://example.com/pho.jpg,Appetizer,"Japanese, pho",2 cups chicken,"tomato, vegetables",4.5,272,424,20,13,120,1522,84,13,23,15,3,3 servings,"Recipe for Pho: Mix ingredients, cook for 102 minutes.",
945,Japchae,117,Chef Han,47,21,68,2025-08-16,A delicious Korean dish featuring japchae.,https://example.com/japchae.jpg,Snack,"Korean, japchae",5 cups spices,"ginger, beef",4.3,486,423,43,6,24,723,74,8,8,12,3,3 servings,"Recipe for Japchae: Mix ingredients, cook for 47 minutes.",
946,Pho,108,Chef Lee,16,17,33,2025-09-01,A delicious Vietnamese dish featuring pho.,https://example.com/pho.jpg,Appetizer,"Vietnamese, pho",1 cups vegetables,"tomato, vegetables",4.8,274,316,31,20,141,1514,31,6,7,38,7,7 servings,"Recipe for Pho: Mix ingredients, cook for 16 minutes.",
947,Tteokbokki,110,Chef Kumar,51,15,66,2025-09-09,A delicious Korean dish featuring tteokbokki.,https://example.com/tteokbokki.jpg,Dessert,"Korean, tteokbokki",2 cups vegetables,"onion, vegetables",4.4,354,532,48,5,96,700,34,12,11,35,6,6 servings,"Recipe for Tteokbokki: Mix ingredients, cook for 51 minutes.",
948,Bibimbap,107,Chef Sharma,67,32,99,2025-09-11,A delicious Korean dish featuring bibimbap.,https://example.com/bibimbap.jpg,Soup,"Korean, bibimbap",1 cups vegetables,"garlic, beef",4.6,476,672,49,19,95,903,72,6,9,39,3,3 servings,"Recipe for Bibimbap: Mix ingredients, cook for 67 minutes.",
949,Chow Mein,101,Chef Raj,35,22,57,2025-02-12,A delicious Chinese dish featuring chow mein.,https://example.com/chow-mein.jpg,Snack,"Chinese, chow mein",2 cups rice,"ginger, beef",4.9,444,246,19,19,75,1279,83,15,30,11,5,5 servings,"Recipe for Chow Mein: Mix ingredients, cook for 35 minutes.",
950,Kimchi Jjigae,115,Chef Zhang,91,9,100,2025-10-10,A delicious Korean dish featuring kimchi jjigae.,https://example.com/kimchi-jjigae.jpg,Main Dish,"Korean, kimchi jjigae",2 cups spices,"onion, beef",4.2,365,497,33,18,42,1071,98,10,22,20,3,3 servings,"Recipe for Kimchi Jjigae: Mix ingredients, cook for 91 minutes.",
951,Chow Mein,120,Chef Jung,88,54,142,2024-10-25,A delicious Chinese dish featuring chow mein.,https://example.com/chow-mein.jpg,Main Dish,"Chinese, chow mein",5 cups vegetables,"garlic, vegetables",4.4,383,294,31,12,142,1732,58,10,17,26,3,3 servings,"Recipe for Chow Mein: Mix ingredients, cook for 88 minutes.",
952,Tom Yum,114,Chef Yoon,69,59,128,2025-09-18,A delicious Vietnamese dish featuring tom yum.,https://example.com/tom-yum.jpg,Dessert,"Vietnamese, tom yum",4 cups vegetables,"ginger, beef",4.4,198,527,20,10,114,688,35,9,8,37,6,6 servings,"Recipe for Tom Yum: Mix ingredients, cook for 69 minutes.",
953,Kimchi Jjigae,118,Chef Wu,37,58,95,2025-06-29,A delicious Korean dish featuring kimchi jjigae.,https://example.com/kimchi-jjigae.jpg,Appetizer,"Korean, kimchi jjigae",5 cups vegetables,"garlic, tofu",4.7,398,546,38,6,143,1326,85,13,27,29,5,5 servings,"Recipe for Kimchi Jjigae: Mix ingredients, cook for 37 minutes.",
954,Tempura,119,Chef Gupta,19,28,47,2025-10-05,A delicious Vietnamese dish featuring tempura.,https://example.com/tempura.jpg,Main Dish,"Vietnamese, tempura",5 cups spices,"garlic, chicken",4.6,478,498,20,14,110,1914,37,11,7,13,6,6 servings,"Recipe for Tempura: Mix ingredients, cook for 19 minutes.",
955,Sweet and Sour Pork,116,Chef Singh,65,8,73,2025-07-03,A delicious Chinese dish featuring sweet and sour pork.,https://example.com/sweet-and-sour-pork.jpg,Dessert,"Chinese, sweet and sour pork",2 cups rice,"ginger, chicken",4.7,410,612,15,12,149,405,68,10,15,14,5,5 servings,"Recipe for Sweet and Sour Pork: Mix ingredients, cook for 65 minutes.",
956,Rajma,101,Chef Raj,41,5,46,2025-09-29,A delicious Indian dish featuring rajma.,https://example.com/rajma.jpg,Side Dish,"Indian, rajma",2 cups rice,"tomato, beef",4.3,238,795,11,12,89,455,61,3,20,30,6,6 servings,"Recipe for Rajma: Mix ingredients, cook for 41 minutes.",
957,Kimbap,106,Chef Wang,91,29,120,2025-08-13,A delicious Korean dish featuring kimbap.,https://example.com/kimbap.jpg,Main Dish,"Korean, kimbap",4 cups chicken,"garlic, tofu",4.8,127,254,47,9,120,1462,65,8,22,19,6,6 servings,"Recipe for Kimbap: Mix ingredients, cook for 91 minutes.",
958,Pad Thai,117,Chef Han,94,58,152,2025-01-02,A delicious Thai dish featuring pad thai.,https://example.com/pad-thai.jpg,Soup,"Thai, pad thai",2 cups spices,"onion, tofu",4.4,351,776,13,10,113,955,75,11,13,32,5,5 servings,"Recipe for Pad Thai: Mix ingredients, cook for 94 minutes.",
959,Kimchi,119,Chef Gupta,22,24,46,2025-06-23,A delicious Korean dish featuring kimchi.,https://example.com/kimchi.jpg,Side Dish,"Korean, kimchi",2 cups chicken,"tomato, vegetables",4.7,355,210,48,16,91,1536,33,10,27,33,7,7 servings,"Recipe for Kimchi: Mix ingredients, cook for 22 minutes.",
960,Wonton Soup,112,Chef Liu,35,42,77,2024-12-23,A delicious Chinese dish featuring wonton soup.,https://example.com/wonton-soup.jpg,Soup,"Chinese, wonton soup",2 cups spices,"onion, tofu",4.9,486,262,22,16,115,410,73,9,11,19,2,2 servings,"Recipe for Wonton Soup: Mix ingredients, cook for 35 minutes.",
961,Sweet and Sour Pork,105,Chef Park,63,20,83,2025-09-26,A delicious Chinese dish featuring sweet and sour pork.,https://example.com/sweet-and-sour-pork.jpg,Soup,"Chinese, sweet and sour pork",5 cups chicken,"garlic, tofu",5.0,81,640,14,12,90,1848,78,12,27,32,6,6 servings,"Recipe for Sweet and Sour Pork: Mix ingredients, cook for 63 minutes.",
962,Bulgogi,119,Chef Gupta,73,24,97,2024-12-09,A delicious Korean dish featuring bulgogi.,https://example.com/bulgogi.jpg,Snack,"Korean, bulgogi",3 cups rice,"ginger, tofu",4.3,178,763,48,16,142,895,83,4,14,12,2,2 servings,"Recipe for Bulgogi: Mix ingredients, cook for 73 minutes.",
963,Satay,109,Chef Chen,17,28,45,2025-09-06,A delicious Vietnamese dish featuring satay.,https://example.com/satay.jpg,Dessert,"Vietnamese, satay",1 cups vegetables,"garlic, vegetables",4.6,481,338,41,14,103,1850,83,14,19,29,6,6 servings,"Recipe for Satay: Mix ingredients, cook for 17 minutes.",
964,Japchae,108,Chef Lee,63,34,97,2025-04-28,A delicious Korean dish featuring japchae.,https://example.com/japchae.jpg,Main Dish,"Korean, japchae",5 cups chicken,"tomato, tofu",4.3,241,312,49,20,75,1943,76,4,8,11,7,7 servings,"Recipe for Japchae: Mix ingredients, cook for 63 minutes.",
965,Spring Rolls,118,Chef Wu,107,47,154,2025-09-29,A delicious Chinese dish featuring spring rolls.,https://example.com/spring-rolls.jpg,Snack,"Chinese, spring rolls",3 cups rice,"tomato, tofu",4.1,461,654,30,9,148,499,30,13,30,33,3,3 servings,"Recipe for Spring Rolls: Mix ingredients, cook for 107 minutes.",
966,Kimbap,104,Chef Ahmed,10,44,54,2025-03-30,A delicious Korean dish featuring kimbap.,https://example.com/kimbap.jpg,Soup,"Korean, kimbap",5 cups vegetables,"ginger, tofu",4.6,233,228,24,11,84,934,36,13,13,21,6,6 servings,"Recipe for Kimbap: Mix ingredients, cook for 10 minutes.",
967,Hot Pot,114,Chef Yoon,73,23,96,2025-01-10,A delicious Chinese dish featuring hot pot.,https://example.com/hot-pot.jpg,Appetizer,"Chinese, hot pot",3 cups chicken,"onion, tofu",4.2,323,640,10,20,83,1684,97,4,29,22,6,6 servings,"Recipe for Hot Pot: Mix ingredients, cook for 73 minutes.",
968,Tempura,118,Chef Wu,18,11,29,2025-10-12,A delicious Japanese dish featuring tempura.,https://example.com/tempura.jpg,Soup,"Japanese, tempura",1 cups vegetables,"tomato, vegetables",4.5,490,497,50,15,102,1938,54,10,24,37,8,8 servings,"Recipe for Tempura: Mix ingredients, cook for 18 minutes.",
969,Banh Mi,114,Chef Yoon,85,23,108,2025-02-01,A delicious Thai dish featuring banh mi.,https://example.com/banh-mi.jpg,Main Dish,"Thai, banh mi",4 cups spices,"ginger, chicken",4.9,229,398,18,16,86,812,32,5,6,27,6,6 servings,"Recipe for Banh Mi: Mix ingredients, cook for 85 minutes.",
970,Tempura,109,Chef Chen,103,27,130,2025-09-26,A delicious Vietnamese dish featuring tempura.,https://example.com/tempura.jpg,Breakfast,"Vietnamese, tempura",3 cups vegetables,"onion, tofu",4.5,422,545,11,15,79,947,87,4,5,32,2,2 servings,"Recipe for Tempura: Mix ingredients, cook for 103 minutes.",
971,Mapo Tofu,116,Chef Singh,57,59,116,2025-08-09,A delicious Chinese dish featuring mapo tofu.,https://example.com/mapo-tofu.jpg,Breakfast,"Chinese, mapo tofu",5 cups vegetables,"garlic, vegetables",4.9,145,454,34,5,117,1864,62,7,24,32,5,5 servings,"Recipe for Mapo Tofu: Mix ingredients, cook for 57 minutes.",
972,Green Curry,108,Chef Lee,70,15,85,2025-07-24,A delicious Thai dish featuring green curry.,https://example.com/green-curry.jpg,Snack,"Thai, green curry",4 cups chicken,"onion, tofu",4.1,419,781,14,7,41,739,97,8,18,37,8,8 servings,"Recipe for Green Curry: Mix ingredients, cook for 70 minutes.",
973,Rogan Josh,102,Chef Kim,62,49,111,2025-05-30,A delicious Indian dish featuring rogan josh.,https://example.com/rogan-josh.jpg,Appetizer,"Indian, rogan josh",1 cups vegetables,"tomato, tofu",4.2,199,628,22,16,101,1124,62,9,25,30,5,5 servings,"Recipe for Rogan Josh: Mix ingredients, cook for 62 minutes.",
974,Nasi Goreng,119,Chef Gupta,25,8,33,2025-05-10,A delicious Vietnamese dish featuring nasi goreng.,https://example.com/nasi-goreng.jpg,Appetizer,"Vietnamese, nasi goreng",2 cups chicken,"garlic, beef",4.7,188,657,13,10,83,1376,92,3,22,33,5,5 servings,"Recipe for Nasi Goreng: Mix ingredients, cook for 25 minutes.",
975,Tom Yum,117,Chef Han,18,50,68,2024-11-02,A delicious Vietnamese dish featuring tom yum.,https://example.com/tom-yum.jpg,Side Dish,"Vietnamese, tom yum",2 cups rice,"tomato, chicken",5.0,500,327,35,17,126,710,60,8,23,20,7,7 servings,"Recipe for Tom Yum: Mix ingredients, cook for 18 minutes.",
976,Chana Masala,102,Chef Kim,29,43,72,2025-08-06,A delicious Indian dish featuring chana masala.,https://example.com/chana-masala.jpg,Breakfast,"Indian, chana masala",4 cups rice,"tomato, beef",4.7,150,329,14,15,28,1011,48,12,23,15,6,6 servings,"Recipe for Chana Masala: Mix ingredients, cook for 29 minutes.",
977,Chow Mein,116,Chef Singh,28,8,36,2025-01-06,A delicious Chinese dish featuring chow mein.,https://example.com/chow-mein.jpg,Breakfast,"Chinese, chow mein",2 cups rice,"tomato, beef",4.5,338,613,24,17,127,565,45,9,19,35,2,2 servings,"Recipe for Chow Mein: Mix ingredients, cook for 28 minutes.",
978,Butter Chicken,103,Chef Li,37,42,79,2024-12-19,A delicious Indian dish featuring butter chicken.,https://example.com/butter-chicken.jpg,Side Dish,"Indian, butter chicken",1 cups spices,"ginger, tofu",4.3,208,605,47,14,83,611,71,11,10,15,7,7 servings,"Recipe for Butter Chicken: Mix ingredients, cook for 37 minutes.",
979,Japchae,118,Chef Wu,11,55,66,2025-04-04,A delicious Korean dish featuring japchae.,https://example.com/japchae.jpg,Main Dish,"Korean, japchae",2 cups spices,"onion, beef",4.6,465,543,44,13,105,1962,64,5,30,25,8,8 servings,"Recipe for Japchae: Mix ingredients, cook for 11 minutes.",
980,Tempura,109,Chef Chen,21,39,60,2025-06-09,A delicious Japanese dish featuring tempura.,https://example.com/tempura.jpg,Breakfast,"Japanese, tempura",3 cups spices,"garlic, tofu",4.5,336,501,14,6,59,451,75,3,19,14,4,4 servings,"Recipe for Tempura: Mix ingredients, cook for 21 minutes.",
981,Ramen,120,Chef Jung,102,41,143,2024-11-06,A delicious Thai dish featuring ramen.,https://example.com/ramen.jpg,Side Dish,"Thai, ramen",1 cups vegetables,"ginger, chicken",4.0,345,444,26,14,145,1615,98,6,15,38,8,8 servings,"Recipe for Ramen: Mix ingredients, cook for 102 minutes.",
982,Pad Thai,104,Chef Ahmed,43,51,94,2025-10-16,A delicious Vietnamese dish featuring pad thai.,https://example.com/pad-thai.jpg,Breakfast,"Vietnamese, pad thai",1 cups rice,"ginger, chicken",4.2,309,435,42,18,64,1397,73,9,27,30,8,8 servings,"Recipe for Pad Thai: Mix ingredients, cook for 43 minutes.",
983,Samosa,111,Chef Choi,67,30,97,2024-11-09,A delicious Indian dish featuring samosa.,https://example.com/samosa.jpg,Dessert,"Indian, samosa",1 cups spices,"onion, vegetables",4.6,313,600,46,11,64,770,93,13,22,40,5,5 servings,"Recipe for Samosa: Mix ingredients, cook for 67 minutes.",
984,Green Curry,113,Chef Patel,94,60,154,2025-06-06,A delicious Vietnamese dish featuring green curry.,https://example.com/green-curry.jpg,Side Dish,"Vietnamese, green curry",2 cups chicken,"tomato, tofu",4.5,345,349,11,14,139,1624,31,11,19,23,4,4 servings,"Recipe for Green Curry: Mix ingredients, cook for 94 minutes.",
985,Green Curry,112,Chef Liu,18,56,74,2025-06-19,A delicious Japanese dish featuring green curry.,https://example.com/green-curry.jpg,Side Dish,"Japanese, green curry",4 cups spices,"garlic, chicken",4.7,126,529,30,11,63,1842,37,7,15,38,3,3 servings,"Recipe for Green Curry: Mix ingredients, cook for 18 minutes.",
986,Tom Yum,115,Chef Zhang,63,17,80,2025-02-11,A delicious Japanese dish featuring tom yum.,https://example.com/tom-yum.jpg,Soup,"Japanese, tom yum",1 cups rice,"ginger, beef",4.3,173,780,13,9,66,1078,92,7,10,12,6,6 servings,"Recipe for Tom Yum: Mix ingredients, cook for 63 minutes.",
987,Pani Puri,102,Chef Kim,120,29,149,2025-08-06,A delicious Indian dish featuring pani puri.,https://example.com/pani-puri.jpg,Main Dish,"Indian, pani puri",3 cups chicken,"onion, tofu",4.1,193,540,46,12,21,1270,54,3,30,39,6,6 servings,"Recipe for Pani Puri: Mix ingredients, cook for 120 minutes.",
988,Kimchi,101,Chef Raj,110,56,166,2025-04-17,A delicious Korean dish featuring kimchi.,https://example.com/kimchi.jpg,Breakfast,"Korean, kimchi",3 cups vegetables,"tomato, vegetables",4.2,500,788,19,9,142,420,72,8,25,18,8,8 servings,"Recipe for Kimchi: Mix ingredients, cook for 110 minutes.",
989,Kimchi,116,Chef Singh,64,37,101,2025-07-09,A delicious Korean dish featuring kimchi.,https://example.com/kimchi.jpg,Appetizer,"Korean, kimchi",4 cups vegetables,"onion, chicken",4.9,424,670,21,12,94,460,96,13,10,20,7,7 servings,"Recipe for Kimchi: Mix ingredients, cook for 64 minutes.",
990,Butter Chicken,107,Chef Sharma,112,35,147,2025-05-12,A delicious Indian dish featuring butter chicken.,https://example.com/butter-chicken.jpg,Side Dish,"Indian, butter chicken",2 cups vegetables,"onion, tofu",4.9,159,313,42,5,42,1161,75,10,8,19,3,3 servings,"Recipe for Butter Chicken: Mix ingredients, cook for 112 minutes.",
991,Tempura,105,Chef Park,69,34,103,2025-03-18,A delicious Thai dish featuring tempura.,https://example.com/tempura.jpg,Side Dish,"Thai, tempura",1 cups chicken,"ginger, vegetables",4.8,80,304,26,14,42,486,47,11,19,37,2,2 servings,"Recipe for Tempura: Mix ingredients, cook for 69 minutes.",
992,Chow Mein,117,Chef Han,106,59,165,2024-11-18,A delicious Chinese dish featuring chow mein.,https://example.com/chow-mein.jpg,Side Dish,"Chinese, chow mein",4 cups spices,"ginger, vegetables",4.7,83,450,12,20,48,1905,49,8,15,11,3,3 servings,"Recipe for Chow Mein: Mix ingredients, cook for 106 minutes.",
993,Fried Rice,113,Chef Patel,46,19,65,2025-10-18,A delicious Chinese dish featuring fried rice.,https://example.com/fried-rice.jpg,Appetizer,"Chinese, fried rice",3 cups vegetables,"ginger, tofu",4.5,336,348,44,15,68,1248,33,12,19,35,2,2 servings,"Recipe for Fried Rice: Mix ingredients, cook for 46 minutes.",
994,Nasi Goreng,108,Chef Lee,37,47,84,2024-12-24,A delicious Vietnamese dish featuring nasi goreng.,https://example.com/nasi-goreng.jpg,Main Dish,"Vietnamese, nasi goreng",4 cups spices,"garlic, beef",4.7,467,716,47,5,127,1516,86,7,15,31,6,6 servings,"Recipe for Nasi Goreng: Mix ingredients, cook for 37 minutes.",
995,Kimchi Jjigae,115,Chef Zhang,81,24,105,2024-12-21,A delicious Korean dish featuring kimchi jjigae.,https://example.com/kimchi-jjigae.jpg,Main Dish,"Korean, kimchi jjigae",2 cups vegetables,"tomato, chicken",4.5,436,227,43,13,113,1286,68,9,14,22,6,6 servings,"Recipe for Kimchi Jjigae: Mix ingredients, cook for 81 minutes.",
996,Ramen,114,Chef Yoon,15,33,48,2025-04-18,A delicious Japanese dish featuring ramen.,https://example.com/ramen.jpg,Snack,"Japanese, ramen",5 cups chicken,"tomato, vegetables",4.0,423,385,11,16,95,1424,48,8,7,27,2,2 servings,"Recipe for Ramen: Mix ingredients, cook for 15 minutes.",
997,Samosa,115,Chef Zhang,114,9,123,2025-04-10,A delicious Indian dish featuring samosa.,https://example.com/samosa.jpg,Soup,"Indian, samosa",5 cups spices,"garlic, tofu",4.8,339,676,23,8,113,551,34,13,10,21,2,2 servings,"Recipe for Samosa: Mix ingredients, cook for 114 minutes.",
998,Dosa,114,Chef Yoon,103,36,139,2025-09-07,A delicious Indian dish featuring dosa.,https://example.com/dosa.jpg,Dessert,"Indian, dosa",1 cups spices,"onion, tofu",4.5,341,438,33,18,144,1887,45,7,25,31,2,2 servings,"Recipe for Dosa: Mix ingredients, cook for 103 minutes.",
999,Mapo Tofu,109,Chef Chen,98,8,106,2025-05-14,A delicious Chinese dish featuring mapo tofu.,https://example.com/mapo-tofu.jpg,Side Dish,"Chinese, mapo tofu",3 cups spices,"onion, vegetables",4.2,304,513,12,17,136,1436,90,8,9,25,3,3 servings,"Recipe for Mapo Tofu: Mix ingredients, cook for 98 minutes.",
1000,Chana Masala,109,Chef Chen,94,18,112,2025-10-12,A delicious Indian dish featuring chana masala.,https://example.com/chana-masala.jpg,Soup,"Indian, chana masala",5 cups spices,"onion, beef",4.6,485,702,32,6,110,1101,39,3,21,32,3,3 servings,"Recipe for Chana Masala: Mix ingredients, cook for 94 minutes.",



"RecipeId,Name,AuthorId,AuthorName,CookTime,PrepTime,TotalTime,DatePublished,Description,Images,RecipeCategory,Keywords,RecipeIngredientQuantities,RecipeIngredientParts,AggregatedRating,ReviewCount,Calories,FatContent,SaturatedFatContent,CholesterolContent,SodiumContent,CarbohydrateContent,FiberContent,SugarContent,ProteinContent,RecipeServings,RecipeYield,recipe",Unnamed: 1
"1001,""Coolio-Inspired Caribbean Chicken (Koloi Chicken)"",5001,""Community Recipe"",PT60M,PT20M,PT80M,2024-11-05,""A delicious Caribbean-inspired chicken dish full of heat, sweetness, and spice, typically baked after grilling."",""[Placeholder for Image URL]"",Main Dish|Chicken|Caribbean,""Caribbean|Chicken|Spicy|Sweet|Baked"",""5|1|1|3|1/2|3|1|1|1|1|1"",""lbs bone-in chicken thighs (skin off)|can green peppers (diced)|large can cream of chicken|medium sweet onions (diced)|cup balsamic vinegar|tbsp Frank's Red Hot sauce|rounded tsp crushed garlic|tsp black pepper|tbsp Badia's Complete Seasoning|tbsp light brown sugar|Dusting of black pepper and complete seasoning"",4.5,15,250,""NA"",""NA"",""NA"",""NA"",""NA"",""NA"",""NA"",""NA"",6,""6 servings"",""**Ingredients:** 5 lbs bone-in chicken thighs (skin off), 1 can green peppers (diced), 1 large can cream of chicken, 3 medium sweet onions (diced), 1/2 cup balsamic vinegar, 3 tbsp Frank's Red Hot sauce, 1 rounded tsp crushed garlic, 1 tsp black pepper, 1 tbsp Badia's Complete Seasoning, 1 tbsp light brown sugar, Dusting of black pepper and complete seasoning. **Instructions:** 1. **Prepare Chicken:** Dust the chicken with black pepper and complete seasoning. Grill until lightly browned. 2. **Make Sauce:** Combine the diced green peppers, cream of chicken, diced onions, balsamic vinegar, Frank's Red Hot sauce, crushed garlic, black pepper, Badia's Complete Seasoning, and light brown sugar. 3. **Combine and Bake:** Place the grilled chicken into a baking dish. Pour the sauce mixture over the chicken. 4. **Cook:** Bake at 375Â°F (190Â°C) for 1 hour, or until cooked through.""",
"1002,""Keerai Sadam (South Indian Spinach Rice)"",5002,""Traditional South Indian Cuisine"",PT20M,PT10M,PT40M,2024-03-31,""A wholesome and comforting South Indian one-pot rice dish made with fresh spinach (keerai), moong dal, and a mix of simple spices."",""[Placeholder for Image URL]"",Main Dish|Rice|Vegetarian|South Indian,""Spinach|Keerai|Rice|Dal|One-Pot|Indian"",""1|1/4|4|1|1|2|10|1|1|3|1|2|1|1/2|2"",""cup Rice|cup Split Yellow Moong Dal|cups Chopped Spinach|Onion (chopped)|Tomato (chopped)|Green Chillies (slit)|cloves Garlic|tbsp Sambar Powder|tsp Turmeric Powder|cups Water|tsp Mustard Seeds|tbsp Ghee / Oil|tsp Cumin Seeds|tsp Asafoetida (Hing)|Red Chillies (whole)"",4.7,35,250,""NA"",""NA"",""NA"",""NA"",""NA"",""NA"",""NA"",""NA"",4,""4 servings"",""**Ingredients:** 1 cup Rice, 1/4 cup Split Yellow Moong Dal, 4 cups Chopped Spinach, 1 Onion (chopped), 1 Tomato (chopped), 2 Green Chillies (slit), 10 cloves Garlic, 1 tbsp Sambar Powder, 1 tsp Turmeric Powder, 3 cups Water, 1 tsp Mustard Seeds, 2 tbsp Ghee / Oil, 1/2 tsp Cumin Seeds, a big pinch Asafoetida (Hing), 2 Red Chillies (whole), Salt as needed. **Instructions:** 1. Wash rice and dal, and soak for 30 min. 2. Heat ghee/oil. Add mustard seeds, cumin seeds, asafoetida, and red chillies. Let mustard splutter. 3. Add onion, green chillies, and garlic. SautÃ©. 4. Add tomatoes, turmeric, and sambar powder. Cook. 5. Add spinach and salt. Cook until wilted. 6. Add drained rice and dal, and water. Stir well. 7. Pressure cook for 8 minutes on high (Instant Pot) or 3-4 whistles (stovetop). Allow Natural Pressure Release. 8. Stir and serve hot.""",
"1003,""Konir Dom (Assamese-Style Egg and Potato Curry)"",5003,""Traditional Assamese Cuisine"",PT20M,PT15M,PT35M,2023-05-22,""A tangy and spicy Assamese-style curry featuring boiled and fried eggs and potatoes in a rich tomato and whole-spice gravy."",""[Placeholder for Image URL]"",Main Dish|Curry|Assamese|Non-Vegetarian,""Egg|Potato|Curry|Assamese|Tangy|Spicy"",""4|2|2|3|2|4|2|1|4|1|1|1|1|2|1.5"",""eggs (boiled and peeled)|potatoes (peeled and halved)|onions (ground to a paste)|tomatoes (ground to a paste)|tbsp ginger garlic paste|green chillies (slit)|cardamom pods|cinnamon stick|cloves|bay leaf|tsp cumin seeds|tsp turmeric powder|tsp cumin powder|tbsp mustard oil|cups water"",4.6,22,250,""NA"",""NA"",""NA"",""NA"",""NA"",""NA"",""NA"",""NA"",4,""4 servings"",""**Ingredients:** 4 eggs (boiled and peeled), 2 potatoes (peeled and halved), 2 onions (paste), 3 tomatoes (paste), 2 tbsp ginger garlic paste, 4 green chillies (slit), 2 cardamom pods, 1 cinnamon stick, 4 cloves, 1 bay leaf, 1 tsp cumin seeds, 1 tsp turmeric powder, 1 tsp cumin powder, 2 tbsp mustard oil, 1.5 cups water, Salt, Coriander leaves. **Instructions:** 1. Fry boiled eggs and potatoes in mustard oil until golden. Set aside. 2. Add whole spices (cardamom, cinnamon, cloves, bay leaf, cumin seeds) to the oil. Let them splutter. 3. Add onion, tomato, and ginger garlic paste. SautÃ© until raw smell is gone. 4. Add turmeric, cumin powder, coriander powder, and salt. Cook until oil releases. 5. Add potatoes and cook for 5 min. 6. Add water, cover, and cook until potatoes are tender. 7. Add fried eggs and cook for 5 more min. Garnish and serve.""",
"1004,""Gujarati Chorafali (Crispy Fried Strips)"",5004,""Traditional Gujarati Snack"",PT15M,PT35M,PT50M,2023-10-20,""A light, airy, and crispy traditional Gujarati deep-fried snack, typically made during Diwali, and served with a tangy spice powder."",""[Placeholder for Image URL]"",Snack|Gujarati|Vegetarian,""Diwali|Snack|Gujarati|Besan|Crispy|Deep-Fried"",""1|1/4|1/8|3/4|1|1|1"",""cup besan (gram flour)|cup urad dal (split black lentil) flour|tsp baking soda|tsp salt (for dough)|tsp Chilli Powder (for masala)|tsp Black Salt (for masala)|tsp Amchoor Powder (Dry Mango Powder) (for masala)|Oil for deep-frying and greasing"",4.4,18,250,""NA"",""NA"",""NA"",""NA"",""NA"",""NA"",""NA"",""NA"",5,""Approx. 16 strips"",""**Ingredients:** 1 cup besan, 1/4 cup urad dal flour, 1/8 tsp baking soda, 3/4 tsp salt (for dough), Water as needed, Oil for deep-frying. **For Masala:** 1 tsp Chilli Powder, 1 tsp Black Salt, 1 tsp Amchoor Powder. **Instructions:** 1. **Dough:** Combine flours, soda, and salt. Knead into a very **stiff** dough using minimal water. 2. **Beat:** Place dough in a mortar and beat with a pestle for 2 minutes, flipping frequently, to smoothen. 3. **Roll/Cut:** Roll dough very thin on a greased surface. Trim to a rectangle, then cut into long strips. 4. **Fry:** Heat oil. Reduce heat to **low**. Deep fry strips until light brown and crispy. 5. **Season:** Place fried strips in a bowl. Sprinkle with the spice powder mixture (chilli, black salt, amchoor) and toss gently to coat. Cool and store.""",
"1005,""Indian Samosa (Potato and Pea Filling)"",5005,""Traditional Indian Snack"",PT20M,PT40M,PT60M,2025-07-19,""The classic Indian deep-fried pastry snack with a savory and spiced potato and green pea filling."",""[Placeholder for Image URL]"",Snack|Indian|Vegetarian,""Samosa|Potato|Peas|Fried|Snack|Indian"",""2|1|6|1|1|1|6|7|3|1/2|1|2|2|1|1/2|1/2|1/2"",""cups all-purpose flour (maida)|tsp carom seeds (ajwain)|tbsp ghee (clarified butter) (for dough)|tsp salt (for dough)|tbsp water (approx.) (for dough)|tbsp oil (for filling)|tsp cumin seeds (for filling)|tsp chopped ginger (for filling)|medium potatoes (boiled and chopped)|cup green peas|tsp green chillies (finely chopped)|tsp coriander seeds (toasted and crushed)|tsp coriander powder|tsp red chili powder|tsp amchoor (dry mango powder)|Salt to taste (for filling)|Oil for deep frying"",4.8,55,250,""NA"",""NA"",""NA"",""NA"",""NA"",""NA"",""NA"",""NA"",9,""10 Samosas"",""**Ingredients (Dough):** 2 cups flour, 1 tsp carom seeds, 1 tsp salt, 6 tbsp ghee, 7-8 tbsp water. **Ingredients (Filling):** 1 tbsp oil, 1 tsp cumin seeds, 1 tsp ginger, 3 potatoes (boiled/chopped), 1/2 cup peas, 1 tsp chillies, 2 tsp crushed coriander seeds, 2 tsp coriander powder, 1 tsp red chili powder, 1/2 tsp amchoor, Salt. **Instructions:** 1. **Dough:** Mix flour, carom seeds, salt, and ghee/oil until crumbly. Knead into a **firm** dough with water. Rest 20 min. 2. **Filling:** Heat 1 tbsp oil. Add cumin seeds, ginger, chillies. Cook. Add peas and dry spices (coriander, chili, amchoor, salt). Cook 2 min. Add potatoes, mash slightly. Cool completely. 3. **Shape:** Roll dough into 5-inch ovals. Cut in half. Form a cone using water to seal. 4. **Fill:** Spoon filling into the cone. Moisten open edges and pinch to seal into a triangle. 5. **Fry:** Heat oil. Reduce heat to **low**. Deep fry samosas slowly until golden and crisp.""",
"1006,""Sukhi Bhaji (Gujarati Seasoned Potatoes)"",5006,""Traditional Gujarati Cuisine"",PT5M,PT20M,PT25M,2020-05-09,""A traditional dry potato dish from Gujarat, spiced with turmeric, chili, and given a unique taste and texture from ground peanuts and sesame seeds."",""[Placeholder for Image URL]"",Side Dish|Vegetable|Gujarati|Vegetarian,""Potatoes|Dry Curry|Gujarati|Seasoned|Sabzi"",""3|1|2|1/2|1/2|1|1/2|1|1"",""large potatoes (boiled and peeled)|tsp Lime Juice|tbsp Oil|tsp Mustard Seeds|tsp Cumin Seeds|pinch Asafoetida (Hing)|cup Peanuts (coarsely ground)|tbsp Sesame Seeds|tsp Turmeric|1-2 Green Chilies (finely chopped)|1 sprig Curry Leaves|5 sprigs Cilantro Leaves (chopped)|Salt to taste"",4.3,12,250,""NA"",""NA"",""NA"",""NA"",""NA"",""NA"",""NA"",""NA"",4,""4 servings"",""**Ingredients:** 3 large potatoes (boiled/peeled), 1 tsp Lime Juice, 2 tbsp Oil, 1/2 tsp Mustard Seeds, 1/2 tsp Cumin Seeds, pinch Hing, 1/2 cup Peanuts (ground), 1 tbsp Sesame Seeds, 1 tsp Turmeric, 1-2 Green Chilies, 1 sprig Curry Leaves, Salt, Cilantro. **Instructions:** 1. Cut potatoes into cubes. Toss gently with salt and lime juice. 2. Heat oil. Add mustard seeds and cumin seeds; let them sputter. 3. Add hing, ground peanuts, and sesame seeds. Once sesame seeds pop, add turmeric, green chili, and curry leaves. SautÃ© 1 min. 4. Add potato cubes. Gently mix to coat with spices. 5. Cook on medium heat for 4-5 minutes, stirring occasionally. 6. Garnish with chopped cilantro and serve hot.""",
,
,
"2001,""Daal Baati Churma (Rajasthani Thali)"",6001,""Traditional Rajasthani Thali"",PT60M,PT45M,PT1H 45M,2020-02-05,""A famous Rajasthani delicacy composed of three parts: spicy lentil curry (Daal), baked wheat balls (Baati), and a sweet crumbly dessert (Churma)."",""[Placeholder for Image URL]"",Main Dish|Indian|Rajasthani,""Daal|Baati|Churma|Rajasthani|Lentil|Baked"",1.25|0.5|0.5|4|0.5|5|1|1|1|2|1|1|1|0.5|1|1|1|1|1|1|1|1|1|0.5|0.5|0.5|1|1|1|1,cup Whole Wheat Flour (Baati)|cup Semolina (Baati)|cup Yogurt (Baati)|tbsp Ghee (Baati)|tsp Baking Powder (Baati)|cups Mixed Daals (Dal)|cups Water (Dal)|tsp Turmeric Powder (Dal)|cup Onion (chopped)|cup Tomato (chopped)|tsp Ginger Garlic Paste|tsp Cumin Seeds|Red Chillies (dry)|pinch Asafoetida (Hing)|tsp Coriander Powder|tsp Red Chili Powder|tsp Garam Masala|cup Whole Wheat Flour (Churma)|cup Semolina (Churma)|tbsp Melted Ghee (Churma)|cup Powdered Sugar (Churma)|tsp Cardamom Powder (Churma)|cup Oil/Ghee for frying|tbsp Ghee for serving,4.8,60,250,""NA"",""NA"",""NA"",""NA"",""NA"",""NA"",""NA"",""NA"",4,""4 Thalis"",""**Baati:** Mix 1.25 cup wheat flour, 0.5 cup semolina, 4 tbsp ghee, 0.5 tsp baking powder, and salt. Add 0.5 cup yogurt and knead into a semi-stiff dough. Divide into balls, flatten, and make a thumb indentation in the center. Bake in a preheated oven at 350Â°F (175Â°C) until golden brown and cooked through. Dip them in melted ghee before serving. **Daal:** Wash and pressure cook 0.5 cup mixed daals with 5 cups water and 1 tsp turmeric for 4-5 whistles. Heat ghee/oil, add 1 tsp cumin seeds, 2 dry red chillies, and a pinch of hing. Once crackled, add 1 cup chopped onion and chopped chillies. SautÃ©. Add 1 cup chopped tomato and 1 tsp ginger garlic paste. Cook. Add 1 tsp each of coriander powder, red chili powder, and garam masala. Cook the spices. Add this tempering to the cooked daal, mix well, and simmer for 2-3 minutes. **Churma:** Mix 1 cup wheat flour, 0.5 cup semolina, and 4 tbsp melted ghee. Knead into a stiff dough with a little water. Form 8-10 fist-shaped muthias. Deep-fry on low heat until golden brown. Cool, grind into a fine powder, and sieve. Mix with 0.5 cup powdered sugar, 1 tsp cardamom powder, and dry fruits (optional). Serve all three components hot.""",
"2002,""Sattu ki Roti (Bihari Style)"",6002,""Bihari Cuisine"",PT20M,PT10M,PT30M,2019-05-09,""A healthy, high-protein flatbread from Bihar made entirely from sattu (roasted chana flour) or as a stuffing in whole wheat flour."",""[Placeholder for Image URL]"",Main Dish|Roti|Vegetarian,""Sattu|Roti|Bihari|High-Protein|Flatbread"",1.25|1|1|2|4|1|1|0.5|0.25|0.25|0.25|0.25|0.25,cup Whole Wheat Flour (Dough)|cup Sattu Flour (Filling)|cup Water (for dough)|tbsp Oil/Ghee (for dough and filling)|Green Chillies (finely chopped)|tbsp Coriander Leaves (chopped)|tbsp Chopped Onion|tsp Carom Seeds (Ajwain)|tsp Kalonji (Nigella Seeds)|tsp Aamchur Powder|tsp Cumin Powder|tsp Red Chili Powder|tsp Garam Masala Powder,4.5,25,250,""NA"",""NA"",""NA"",""NA"",""NA"",""NA"",""NA"",""NA"",4,""4 Rotis"",""**Ingredients (Dough):** 1.25 cup Whole Wheat Flour, Water, Salt, 1 tbsp Oil/Ghee. **Ingredients (Filling):** 1 cup Sattu Flour, 2 Green Chillies, 1 tbsp Coriander Leaves, 1 tbsp Chopped Onion, 1/2 tsp Ajwain, 1/4 tsp Kalonji, 1/4 tsp Aamchur, 1/4 tsp Cumin Powder, 1/4 tsp Red Chili Powder, 1/4 tsp Garam Masala, 1 tbsp Oil/Ghee, Salt. **Instructions:** 1. **Dough:** Knead a soft dough with flour, water, salt, and 1 tbsp oil/ghee. Cover and rest for 10-15 minutes. 2. **Filling:** Mix all filling ingredients (Sattu, spices, onions, oil) well. Add a tablespoon of water if needed to make a moist, crumbly mixture. 3. **Stuffing:** Divide dough and filling into 4 equal portions. Take a dough ball, flatten it, place a sattu portion in the center, and seal the edges. 4. **Roll & Cook:** Roll lightly into a 5-6 inch paratha. Cook on a hot tawa, flipping once. Spread ghee/oil on both sides and roast until golden brown and cooked.""",
"2003,""Bhindi Masala (Okra Curry)"",6003,""North Indian Cuisine"",PT20M,PT15M,PT35M,2025-05-07,""A popular restaurant-style North Indian semi-dry curry where sautÃ©ed okra is cooked in a thick, tangy, and spiced onion-tomato gravy."",""[Placeholder for Image URL]"",Main Dish|Curry|Vegetarian|North Indian,""Bhindi|Okra|Masala|Curry|Semi-Dry"",250|3|1|1|1|1|1|1|1|1|0.5|0.5|0.5|0.5|0.5|1|0.5|2,grams Okra (Bhindi)|tbsp Oil (divided)|tsp Cumin Seeds|Bay Leaf|large Onions (chopped)|tbsp Ginger Garlic Paste|medium Tomatoes (chopped)|tsp Turmeric Powder|tsp Red Chili Powder|tsp Coriander Powder|tsp Cumin Powder|tsp Garam Masala|tsp Dried Fenugreek Leaves (Kasuri Methi)|tbsp Chopped Coriander Leaves|Salt to taste|tbsp Yogurt/Curd (optional)|tsp Besan (Gram Flour) (optional)|tbsp Water,4.6,30,250,""NA"",""NA"",""NA"",""NA"",""NA"",""NA"",""NA"",""NA"",4,""4 servings"",""**Ingredients:** 250g Okra (Bhindi), 3 tbsp Oil (divided), 1 tsp Cumin Seeds, 1 large Onion, 2 medium Tomatoes, 1 tbsp Ginger Garlic Paste, 1 tsp Turmeric Powder, 1 tsp Red Chili Powder, 1 tsp Coriander Powder, 0.5 tsp Cumin Powder, 0.5 tsp Garam Masala, 0.5 tsp Kasuri Methi, Salt, 2 tbsp Yogurt (optional), Coriander Leaves. **Instructions:** 1. **Prep Okra:** Wash and dry okra completely. Chop off ends, cut into 1-2 inch pieces. 2. **SautÃ© Okra:** Heat 2 tbsp oil. SautÃ© the okra on medium-low heat until tender and non-slimy. Remove and set aside. 3. **Make Gravy:** Add 1 tbsp oil to the same pan. Add cumin seeds. Once they splutter, add onion and sautÃ© until golden. Add ginger garlic paste, green chillies, and sautÃ© until raw smell is gone. 4. **Cook Masala:** Add chopped tomatoes and cook until soft. Add turmeric, chili, coriander, and cumin powders. Cook until oil separates. If using, add yogurt/besan and cook until oil separates again. 5. **Combine:** Add the sautÃ©ed okra, salt, and kasuri methi. Mix gently. Cook covered for 5-7 minutes. Add garam masala and coriander leaves. Serve hot.""",
"2004,""Poriyal (South Indian Stir Fry)"",6004,""South Indian Cuisine"",PT15M,PT10M,PT25M,2023-03-07,""A simple, dry South Indian side dish made by stir-frying finely chopped vegetables (like beans or cabbage) with tempering spices, curry leaves, and fresh coconut."",""[Placeholder for Image URL]"",Side Dish|Vegetable|South Indian|Vegetarian,""Poriyal|Stir-Fry|Coconut|Beans|Cabbage"",250|1.5|0.5|1|1|1|1|1|0.5|0.5|3,grams Green Beans (or Cabbage)|tbsp Oil (Sesame/Coconut preferred)|tsp Mustard Seeds|tsp Urad Dal (Split Black Gram)|tsp Chana Dal (Bengal Gram)|Red Chili (broken)|sprig Curry Leaves|pinch Asafoetida (Hing)|tsp Turmeric Powder|tsp Salt|tbsp Fresh Grated Coconut,4.4,20,250,""NA"",""NA"",""NA"",""NA"",""NA"",""NA"",""NA"",""NA"",4,""4 servings"",""**Ingredients:** 250g Green Beans/Cabbage (chopped), 1.5 tbsp Oil, 0.5 tsp Mustard Seeds, 1 tsp Urad Dal, 1 tsp Chana Dal, 1 Red Chili, 1 sprig Curry Leaves, pinch Hing, 0.5 tsp Turmeric Powder, Salt, 3 tbsp Fresh Grated Coconut. **Instructions:** 1. **Prep:** Wash and finely chop the vegetable (ensure it is dry). 2. **Temper:** Heat oil. Add mustard seeds. Once they splutter, add urad dal, chana dal, and red chili. Fry until the dals turn golden. 3. **Aromatics:** Add hing and curry leaves. Fry until the leaves turn crisp. 4. **Stir-Fry:** Add the chopped vegetable, turmeric powder, and salt. SautÃ© on medium-high heat for 2 minutes. 5. **Cook:** Cover and cook on a low flame for 5-7 minutes until the vegetable is tender but still crunchy. Sprinkle a little water only if needed. 6. **Finish:** Add fresh grated coconut and mix well. Serve hot as a side dish with Sambar or Rasam rice.""",
"2005,""Vegetable Jalfrezi"",6005,""Indo-Chinese/North Indian"",PT20M,PT30M,PT50M,2023-09-22,""A semi-dry, tangy, and spicy curry featuring stir-fried vegetables (like bell peppers, carrots, beans) tossed in a thick tomato-based sauce, characterized by its chunky texture."",""[Placeholder for Image URL]"",Main Dish|Curry|Vegetarian|Indo-Chinese,""Jalfrezi|Vegetable|Stir-Fry|Tangy|Semi-Dry"",2|1|1|1|1|1|1|1|1|1|1|1|1|1|1|0.5|0.5|0.5|0.5|0.5|0.5|0.5,tbsp Oil (divided)|tsp Cumin Seeds|medium Onion (chopped)|tsp Ginger Garlic Paste|medium Tomatoes (pureed/chopped)|cup Mixed Veggies (Carrot, Beans, Peas)|cup Bell Peppers (diced/batons)|tsp Turmeric Powder|tsp Red Chili Powder|tsp Coriander Powder|tsp Cumin Powder|tsp Garam Masala|tsp Sugar (optional)|tsp Vinegar/Lemon Juice|tsp Tomato Ketchup (optional)|tsp Kasuri Methi|Salt to taste|cup Water,4.7,40,250,""NA"",""NA"",""NA"",""NA"",""NA"",""NA"",""NA"",""NA"",4,""4 servings"",""**Ingredients:** 2 tbsp Oil, 1 tsp Cumin Seeds, 1 Onion, 1 tsp Ginger Garlic Paste, 2 Tomatoes (pureed), 1 cup Mixed Veggies, 1 cup Bell Peppers, 1 tsp Turmeric Powder, 1 tsp Red Chili Powder, 1 tsp Coriander Powder, 0.5 tsp Cumin Powder, 0.5 tsp Garam Masala, Salt, 0.5 tsp Kasuri Methi, 0.5 cup Water, 1 tsp Sugar (optional). **Instructions:** 1. **Stir-Fry Veggies:** Heat 1 tbsp oil in a separate pan. Stir-fry the mixed veggies and bell peppers on high heat for 3-4 minutes until they are tender yet still crunchy. Set aside. 2. **Make Sauce Base:** Heat 1 tbsp oil. Add cumin seeds. Once they splutter, add onion and sautÃ© until golden. Add ginger garlic paste, green chillies, and sautÃ©. 3. **Cook Masala:** Add the tomato puree and cook until the fat separates. Stir in turmeric, chili, coriander, and cumin powders. Add 0.5 cup water, sugar, and salt. Simmer until the sauce thickens. 4. **Combine:** Stir in the stir-fried veggies, garam masala, and crushed kasuri methi. Toss well to coat. Cook for 2 minutes. Add chopped coriander leaves and serve.""",
"2006,""Chhena Poda (Odia Baked Cheesecake)"",6006,""Odia Cuisine"",PT1H 45M,PT15M,PT2H 0M,2024-11-07,""A famous traditional sweet from Odisha, often called Indian cheesecake, made from chhena (fresh cottage cheese/paneer), semolina, and sugar, and baked until the surface caramelizes to a dark brown."",""[Placeholder for Image URL]"",Dessert|Sweet|Odia,""Chhena|Paneer|Cheesecake|Baked|Sweet|Odia"",250|0.5|0.5|0.5|0.5|2,grams Fresh Paneer/Chhena|cup Sugar (or Jaggery)|tsp Cardamom Powder|tbsp Fine Semolina (Rava)|tbsp Milk/Water (optional)|tbsp Ghee (for greasing),4.9,45,250,""NA"",""NA"",""NA"",""NA"",""NA"",""NA"",""NA"",""NA"",6,""6-8 Slices"",""**Ingredients:** 250g Fresh Paneer/Chhena, 0.5 cup Sugar (or Jaggery), 0.5 tsp Cardamom Powder, 0.5 tbsp Fine Semolina (Rava), 1-2 tsp Ghee. **Instructions:** 1. **Prep Pan/Oven:** Grease a 6-inch baking pan with ghee. Line with parchment paper if desired. Preheat oven to 350Â°F (180Â°C). 2. **Prepare Chhena:** Crumble the chhena (or fresh paneer). Add the sugar and mash/knead the mixture with clean hands for 3-4 minutes until it becomes loose, light, and soft (like a thick cake batter). If the mixture is too dry, add a few tablespoons of milk or water. 3. **Mix Batter:** Add the cardamom powder and fine semolina (rava). Mix well. Optional: Add chopped nuts or raisins. 4. **Bake:** Pour the batter into the prepared pan and level the top. Place the pan in the oven and bake for **30 to 45 minutes** (or up to 1 hour 45 minutes at a lower temperature, $160^{\circ}\text{C}$ to achieve a deeper caramelization), until the top turns dark brown and a skewer inserted comes out clean. 5. **Cool & Serve:** Let the chhena poda cool completely in the pan before slicing. Serve at room temperature or chilled.""",
,
,
"3001,Sambar,7001,""Traditional South Indian"",PT30M,PT20M,PT50M,2023-09-03,""A classic South Indian lentil and vegetable stew, tangy from tamarind and fragrant with Sambar powder and a mustard-curry leaf tempering."",""[Placeholder for Image URL]"",Main Dish|Curry|South Indian|Vegetarian,""Sambar|Lentil|Tamarind|Vegetable|Stew"",0.5|1.5|1.5|1|1|1|1|1|1|1|1|1|1|1|1|0.25|2,cup Toor Dal (Tuvar Dal)|cups Mixed Vegetables (chopped)|cups Water (for Dal/Veggies)|tbsp Sambar Powder|tbsp Tamarind Pulp|tbsp Oil/Ghee|tsp Mustard Seeds|sprig Curry Leaves|pinch Asafoetida (Hing)|tsp Fenugreek Seeds (Methi)|Red Chilies (dry)|tsp Turmeric Powder|tbsp Jaggery (optional)|tbsp Chopped Coriander|Salt to taste|tsp Kashmiri Chili Powder,4.7,40,250,""NA"",""NA"",""NA"",""NA"",""NA"",""NA"",""NA"",""NA"",4,""4 servings"",""**Ingredients:** 0.5 cup Toor Dal, 1.5 cups Mixed Vegetables (e.g., drumstick, carrots, beans), 1.5 cups Water, 1 tbsp Sambar Powder, 1 tbsp Tamarind Pulp (soaked in water), 2 tbsp Oil/Ghee (divided), 1 tsp Mustard Seeds, 1 sprig Curry Leaves, 1 pinch Hing, 1/4 tsp Fenugreek Seeds, 2 Dry Red Chillies, 1 tsp Turmeric Powder, Salt, 1 tbsp Jaggery (optional), 2 tbsp Coriander. **Instructions:** 1. **Cook Dal:** Pressure cook dal with turmeric and water until mushy. Mash well. 2. **Cook Veggies:** Cook vegetables in a separate pot with 1.5 cups water until tender. 3. **Combine:** Add Sambar powder, tamarind extract, jaggery (if using), and salt to the cooking vegetables. Simmer for 5-7 minutes. 4. **Add Dal:** Add the mashed dal and mix well. If too thick, add hot water. Bring to a boil and simmer for 2-3 minutes. 5. **Temper:** Heat remaining oil/ghee in a small pan. Add mustard seeds. When they splutter, add fenugreek seeds, dry red chillies, curry leaves, and hing. Pour this hot tempering into the Sambar. 6. **Finish:** Garnish with coriander leaves and serve hot.""",
"3002,Khandvi,7002,""Gujarati Cuisine"",PT20M,PT20M,PT40M,2022-12-30,""A popular savory Gujarati snack made of thin rolls of gram flour (besan) and buttermilk batter, topped with a flavorful tempering of mustard and sesame seeds."",""[Placeholder for Image URL]"",Snack|Gujarati|Vegetarian|Gluten-Free,""Khandvi|Besan|Yogurt|Steamed|Gujarati"",0.5|0.5|1|1|0.25|0.5|0.25|1|0.5|1|2|2|0.5|1,cup Gram Flour (Besan)|cup Plain Yogurt|cup Water|tsp Ginger Paste|tsp Turmeric Powder|tsp Salt|tbsp Oil (divided)|tsp Mustard Seeds|tsp Sesame Seeds|Green Chili (chopped)|tbsp Fresh Grated Coconut (Garnish)|tbsp Chopped Coriander (Garnish)|tsp Curry Leaves,4.6,35,250,""NA"",""NA"",""NA"",""NA"",""NA"",""NA"",""NA"",""NA"",4,""Approx. 15-20 rolls"",""**Ingredients (Batter):** 0.5 cup Besan, 0.5 cup Plain Yogurt, 1 cup Water, 0.5 tsp Ginger Paste, 0.25 tsp Turmeric Powder, 0.25 tsp Salt. **Ingredients (Tempering/Garnish):** 1 tbsp Oil, 0.5 tsp Mustard Seeds, 1 tsp Sesame Seeds, 1 Green Chili, 2 tbsp Grated Coconut, 2 tbsp Chopped Coriander, 0.5 tsp Curry Leaves. **Instructions:** 1. **Make Batter:** Blend besan, yogurt, water, salt, ginger paste, and turmeric until completely smooth and lump-free. 2. **Cook Batter:** Pour the batter into a non-stick pan over medium heat. **Stir constantly and continuously** for 7-8 minutes until the mixture thickens significantly, leaves the sides of the pan, and becomes a very thick, smooth consistency. 3. **Spread:** Immediately pour the hot batter onto a greased flat surface (like the back of a steel plate or counter) and quickly spread it into a thin, even layer using a flat spatula. Let cool for 5-7 minutes. 4. **Roll:** Once cool, cut the spread into 1.5-inch wide strips. Gently lift one edge and roll each strip tightly into spirals. 5. **Temper:** Heat oil in a small pan. Add mustard seeds; let them crackle. Add sesame seeds, green chili, and curry leaves. SautÃ© for 30 seconds. 6. **Serve:** Pour the hot tempering over the Khandvi rolls. Garnish with grated coconut and coriander.""",
"3003,Chevdo,7003,""Gujarati/East African Snack"",PT15M,PT10M,PT25M,2020-07-10,""A crunchy, sweet, salty, and spicy snack mix (like trail mix) typically made from cornflakes (or Poha), nuts, raisins, and a blend of spices."",""[Placeholder for Image URL]"",Snack|Gujarati|Indian,""Chevdo|Snack Mix|Cornflakes|Poha|Spicy|Sweet"",6|2|0.75|1|3|2|15|1|0.5|1.75|1|1|1,cups Cornflakes (or Thin Poha)|cups Potato Sticks (or other savory sticks)|cup Roasted Peanuts/Cashews|cup Raisins|tbsp Oil|tsp Fennel Seeds|Curry Leaves|Green Chili (sliced, optional)|tsp Turmeric Powder|tsp Red Chili Powder|tsp Amchur (Dry Mango Powder)|tsp Sugar|tsp Salt,4.5,20,250,""NA"",""NA"",""NA"",""NA"",""NA"",""NA"",""NA"",""NA"",8,""8 Cups Mix"",""**Ingredients:** 6 cups Cornflakes, 2 cups Potato Sticks, 0.75 cup Nuts (peanuts/cashews), 1 cup Raisins, 3 tbsp Oil, 2 tsp Fennel Seeds, 15-20 Curry Leaves, 1 Green Chili (optional), 0.5 tsp Turmeric Powder, 1.75 tsp Red Chili Powder, 1 tsp Amchur, 1 tsp Sugar, 1 tsp Salt. **Instructions:** 1. **Preparation:** Ensure all components (cornflakes/poha, potato sticks, nuts) are crunchy. Toast them if necessary. 2. **Tempering:** Heat the oil in a large pot or kadai over medium heat. Add fennel seeds. After 30 seconds, add curry leaves and sliced green chili (if using). SautÃ© until the leaves stop sputtering and are crisp. 3. **Spices:** Reduce heat to low. Quickly add turmeric powder, red chili powder, amchur, sugar, and salt. Mix well for 30 seconds to prevent burning. 4. **Combine:** Immediately add the cornflakes, potato sticks, nuts, and raisins to the pot. 5. **Mix:** Toss everything well over low heat for 1-2 minutes until all the dry ingredients are evenly coated with the spice mixture. 6. **Cool & Store:** Turn off the heat. Allow the Chevdo to cool completely before storing in an airtight container.""",
"3004,Shukto,7004,""Bengali Cuisine"",PT40M,PT30M,PT1H 10M,2018-03-30,""A traditional Bengali vegetable stew, a mild and comforting dish with a slightly bitter taste from bitter gourd, eaten at the beginning of a Bengali meal."",""[Placeholder for Image URL]"",Side Dish|Curry|Bengali|Vegetarian,""Shukto|Bengali|Vegetable|Bitter Gourd|Stew"",1|1|1|1|1|1|1|1|1|1|1|1|1|1|1|1|1|1|1|1|1|0.5|2|1|1,piece Bitter Gourd (Korola)|large Potato|Sweet Potato|Raw Papaya|Unripe Banana (Kachkola)|small Brinjal (Eggplant)|Drumsticks (Sojne Data)|tbsp Vegetable Oil (divided)|tsp Panch Phoron|Bay Leaves|tbsp Ginger Paste|tbsp Mustard Paste (Sorshe Bata)|tbsp Grated Coconut|cup Milk|tsp Radhuni Powder (Wild Celery Seed)|tsp Ghee|tbsp Rice Flour (Maida)|Salt to taste|Sugar to taste|cup Water|Dal'er Bori (Lentil Dumplings),4.3,15,250,""NA"",""NA"",""NA"",""NA"",""NA"",""NA"",""NA"",""NA"",4,""4 servings"",""**Ingredients:** Mixed veggies (Potato, Sweet Potato, Papaya, Drumstick, Bitter Gourd, Brinjal, etc.), 1 tbsp Oil, 1 tsp Panch Phoron, 2 Bay Leaves, 1 tbsp Ginger Paste, 1 tbsp Mustard Paste, 1/4 cup Milk, 1 tsp Radhuni Powder, 1 tsp Ghee, Salt, Sugar, Dal'er Bori. **Instructions:** 1. **Prep Veggies:** Cut all vegetables lengthwise into similar sizes. **Parboil** harder veggies (Potato, Sweet Potato, Drumstick, Papaya) with salt and reserve the water. **Fry** Bori, Bitter Gourd, Brinjal, and Unripe Banana until golden. Set aside. 2. **Tempering:** Heat oil. Temper with bay leaves and panch phoron. Add ginger paste and fry 1 min. Add mustard paste and a splash of reserved water. Cook until oil separates. 3. **Combine:** Add parboiled potatoes first, cook 3 min. Add the rest of the parboiled veggies, plus the fried banana and Bori. Add salt and sugar. Mix well. 4. **Simmer:** Add the reserved vegetable water, fried brinjal, and bitter gourd. Mix gently. 5. **Finish:** Mix rice flour (maida) with milk and pour into the pan. Allow to bubble for 3-5 min until all veggies are cooked. 6. **Final Touch:** Sprinkle with freshly crushed Radhuni powder and 1 tsp ghee. Cover and let rest before serving.""",
"3005,Sevai,7005,""South Indian Cuisine"",PT15M,PT1H 0M,PT1H 15M,2016-08-16,""Thin rice noodles (vermicelli or string hoppers) made from a rice batter, often served plain with a side of sweetened coconut milk or seasoned to make a variety of flavored dishes (e.g., Lemon Sevai)."",""[Placeholder for Image URL]"",Main Dish|Breakfast|South Indian|Vegetarian,""Sevai|Rice Noodles|String Hoppers|South Indian|Tiffin"",1.5|1|1|1|2|1|1|1|1|1|1|1|1,cup Parboiled Rice (Idli Rice)|tsp Salt|tbsp Oil|cup Water (as needed for batter/steaming)|tsp Coconut Oil (for seasoning)|tsp Mustard Seeds|tsp Urad Dal|sprig Curry Leaves|Green Chillies (chopped)|tsp Ginger (grated)|tbsp Fresh Grated Coconut|tbsp Lemon Juice|Salt to taste (for seasoning),4.6,28,250,""NA"",""NA"",""NA"",""NA"",""NA"",""NA"",""NA"",""NA"",4,""4 servings"",""**Ingredients (Base):** 1.5 cup Parboiled Rice, 1 tsp Salt. **Ingredients (Seasoning - Lemon Sevai):** 1 tsp Coconut Oil, 1 tsp Mustard Seeds, 1 tsp Urad Dal, 1 sprig Curry Leaves, 2 Green Chillies, 1 tsp Grated Ginger, 1 tbsp Grated Coconut, 1 tbsp Lemon Juice, Salt. **Instructions (Traditional Method):** 1. **Batter:** Wash and soak rice for 3 hours (or overnight). Drain and grind into a very **smooth, thick** batter (like Idli batter) using minimal water. Add salt. 2. **Steam:** Pour the batter into greased Idli molds or plates. Steam cook for 15 minutes to form firm rice cakes. 3. **Press:** While the cakes are hot, place 1-2 cakes into a greased Sevai maker (string hopper press) and press directly onto a plate to form the noodles (sevai). Repeat in batches, keeping the remaining cakes hot. 4. **Season (Lemon Sevai):** Heat 1 tsp coconut oil. Add mustard seeds. When they splutter, add urad dal, curry leaves, green chillies, and ginger. SautÃ© briefly. Add the fresh sevai, salt, and lemon juice. Mix gently until heated through. Garnish with coconut.""",
"3006,""Doi Chira (Cheera Doi)"",7006,""Bengali/Odia Dessert"",PT5M,PT1H 0M,PT1H 5M,2025-03-12,""A refreshing, no-cook Bengali/Odia dessert or breakfast made by soaking flattened rice (chira/poha) in sweet yogurt (doi), often layered with fresh fruits and nuts."",""[Placeholder for Image URL]"",Dessert|Breakfast|Bengali|No-Cook,""Doi Chira|Poha|Yogurt|No-Cook|Sweet|Dessert"",1.5|2|0.5|0.25|0.5|0.25|1|1,cups Flattened Rice (Chira/Poha)|cups Thick Yogurt (Doi)|cup Condensed Milk (optional)|cup Sugar/Honey|tsp Cardamom Powder|cup Chopped Nuts|Fruits (Banana, Mango, Pomegranate)|Pinch of Salt,4.8,30,250,""NA"",""NA"",""NA"",""NA"",""NA"",""NA"",""NA"",""NA"",4,""4 servings"",""**Ingredients:** 1.5 cups Flattened Rice (Poha), 2 cups Thick Yogurt, 0.25 cup Sugar (or 0.5 cup Condensed Milk), 0.5 tsp Cardamom Powder, 0.25 cup Chopped Nuts, Fresh Fruits (Banana, Mango, etc.), Pinch of Salt. **Instructions:** 1. **Rinse Poha:** Rinse the flattened rice (chira) quickly under cold running water for about 30 seconds. Drain thoroughly and set aside for 5 minutes. (Do not soak, just rinse quickly.) 2. **Sweeten Yogurt:** In a large bowl, whisk the yogurt with sugar (or condensed milk) and a pinch of salt until smooth. Taste and adjust sweetness. 3. **Combine:** Gently fold the rinsed chira and cardamom powder into the sweet yogurt mixture. Ensure the chira is evenly coated. 4. **Chill:** Add chopped nuts and half of the fresh fruits to the mixture. 5. **Serve:** Chill the Doi Chira in the refrigerator for at least 1 hour. This allows the chira to soften perfectly and the flavors to meld. Garnish with the remaining fresh fruits and nuts just before serving.""",
,
,
"4001,""Til Pitha (Assamese Sticky Rice Roll)"",8001,""Traditional Assamese Bihu Snack"",PT15M,PT8H 0M,PT8H 15M,2020-01-16,""A traditional Assamese sweet snack made from a rice powder shell (usually sticky Bora rice) and filled with roasted black sesame seeds (til) and jaggery (gur)."",""[Placeholder for Image URL]"",Snack|Sweet|Assamese|Vegetarian,""Pitha|Til|Bihu|Sticky Rice|Jaggery"",2|150|100,cups Sticky Rice Flour (Bora Saul)|grams Jaggery (Gur) or Date Palm Jaggery|grams Black Sesame Seeds (Til),4.6,18,250,""NA"",""NA"",""NA"",""NA"",""NA"",""NA"",""NA"",""NA"",8,""8-10 Pithas"",""**Ingredients:** 2 cups Sticky Rice Flour, 150g Jaggery (shaved), 100g Black Sesame Seeds. **Instructions:** 1. **Prep Rice:** Soak sticky rice overnight. Drain water completely and let it dry for 30-60 mins. Grind to a fine powder and press the flour into a container, covering with a wet cloth to retain moisture. 2. **Make Filling:** Dry roast the black sesame seeds on a tawa until aromatic. Grind coarsely. Mix the sesame powder thoroughly with jaggery shavings until a semi-sticky mixture forms. 3. **Make Pitha:** Heat a wide, non-stick tawa over low heat. Use a sieve to sprinkle and spread the rice flour on the tawa in a thin, circular disk shape. Gently press with fingertips. 4. **Roll:** Immediately place a line of the sesame and jaggery filling down the center of the disk. As the flour layer gets firm (a few seconds), quickly fold the sides of the disk to make a roll using a spatula. 5. **Finish:** Flip the rolled pitha and cook for a few more seconds. Remove and repeat. Serve warm or store in an airtight container.""",
"4002,""Handwo (Gujarati Savory Cake)"",8002,""Gujarati Cuisine"",PT30M,PT4H 30M,PT5H 0M,2022-02-22,""A savory baked vegetable cake from Gujarat made from a fermented batter of mixed rice and lentils, flavored with spices, ginger, chillies, and bottle gourd (lauki)."",""[Placeholder for Image URL]"",Main Dish|Snack|Gujarati|Vegetarian,""Handvo|Cake|Savory|Fermented|Lentil"",1|0.25|0.25|0.04|0.02|0.5|0.75|0.75|1|1|0.5|1|1|1|1|1|1|1|1|1,cup Rice|cup Chana Dal|cup Toor Dal|tbsp Urad Dal|tbsp Yellow Moong Dal|cup Plain Yogurt/Curd|cup Bottle Gourd (Lauki, grated)|cup Carrots (grated)|tbsp Ginger Paste|Green Chilies (chopped)|tsp Sugar (optional)|tsp Salt|tsp Turmeric|tsp Cumin Seeds|tsp Mustard Seeds|tsp Sesame Seeds (Til)|Curry Leaves|tsp Eno Fruit Salt (or Baking Soda)|tbsp Oil,4.7,25,250,""NA"",""NA"",""NA"",""NA"",""NA"",""NA"",""NA"",""NA"",6,""6-8 slices"",""**Ingredients (Batter):** 1 cup Rice, 0.25 cup Chana Dal, 0.25 cup Toor Dal, 2 tbsp Urad Dal, 2 tbsp Moong Dal, 0.5 cup Yogurt, 0.75 cup Lauki (grated), 0.75 cup Carrot (grated), 1 tbsp Ginger Paste, 1 Green Chili, 1 tsp Turmeric, 1 tsp Salt, 1 tsp Eno (or 0.25 tsp baking soda). **Ingredients (Tempering):** 2 tbsp Oil, 1 tsp Mustard Seeds, 1 tsp Cumin Seeds, 1 tsp Sesame Seeds, Curry Leaves, Pinch Hing. **Instructions:** 1. **Batter:** Soak rice and lentils for 3-4 hours. Drain, blend with yogurt and water into a thick, slightly coarse batter. Cover and ferment overnight (or skip by adding Eno later). 2. **Mixing:** To the batter, add grated vegetables (Lauki, Carrot), ginger paste, chillies, salt, turmeric, and sugar. Mix well. Just before cooking, gently fold in the Eno fruit salt. 3. **Stovetop Cooking:** Heat 2 tbsp oil in a heavy-bottomed pan. Add mustard, cumin seeds. Once they splutter, add curry leaves and sesame seeds. Pour the batter (about 1.5 cup) over the tempering, spreading evenly. 4. **Cook:** Cover and cook on low heat for 15-20 minutes until the bottom is crisp and the top is set. Flip gently, cover, and cook for another 10-15 minutes until fully cooked and crisp. 5. **Serve:** Cut into squares and serve hot with green chutney.""",
"4003,Chorafali,8003,""Traditional Gujarati Snack"",PT15M,PT35M,PT50M,2023-10-20,""A light, airy, and crispy traditional Gujarati deep-fried snack, typically made during Diwali, and served with a tangy spice powder."",""[Placeholder for Image URL]"",Snack|Gujarati|Vegetarian,""Diwali|Snack|Gujarati|Besan|Crispy|Deep-Fried"",1|0.25|0.01|0.75|1|1|1,cup besan (gram flour)|cup urad dal (split black lentil) flour|tsp baking soda|tsp salt (for dough)|tsp Chilli Powder (for masala)|tsp Black Salt (for masala)|tsp Amchoor Powder (Dry Mango Powder) (for masala)|Oil for deep-frying,4.4,18,250,""NA"",""NA"",""NA"",""NA"",""NA"",""NA"",""NA"",""NA"",5,""Approx. 16 strips"",""**Ingredients:** 1 cup besan, 1/4 cup urad dal flour, 1/8 tsp baking soda, 3/4 tsp salt (for dough), Water as needed, Oil for deep-frying. **For Masala:** 1 tsp Chilli Powder, 1 tsp Black Salt, 1 tsp Amchoor Powder. **Instructions:** 1. **Dough:** Combine flours, soda, and salt. Knead into a very **stiff** dough using minimal water. 2. **Beat:** Place dough in a mortar and beat with a pestle for 2 minutes, flipping frequently, to smoothen. 3. **Roll/Cut:** Roll dough very thin on a greased surface. Trim to a rectangle, then cut into long strips. 4. **Fry:** Heat oil. Reduce heat to **low**. Deep fry strips until light brown and crispy. 5. **Season:** Place fried strips in a bowl. Sprinkle with the spice powder mixture (chilli, black salt, amchoor) and toss gently to coat. Cool and store.""",
"4004,""Aloo Matar (Potato and Peas Curry)"",8004,""North Indian/Punjabi Cuisine"",PT20M,PT10M,PT30M,2023-04-15,""A delicious North Indian curry made with potatoes (aloo) and green peas (matar) in a rich, spiced, and mildly tangy tomato-onion gravy."",""[Placeholder for Image URL]"",Main Dish|Curry|North Indian|Vegetarian,""Aloo Matar|Potato|Peas|Curry|Punjabi"",3|1|0.75|1|1|1|1|0.75|0.5|0.5|0.25|1|0.5|1,medium Potatoes (cubed)|cup Green Peas (fresh or frozen)|cup Onion (chopped)|tbsp Ginger Garlic Paste|cup Tomato Puree|tsp Cumin Seeds|tsp Coriander Powder|tsp Red Chili Powder|tsp Garam Masala|tsp Turmeric|cup Water|tsp Kasuri Methi|Salt to taste|tbsp Oil,4.8,50,250,""NA"",""NA"",""NA"",""NA"",""NA"",""NA"",""NA"",""NA"",4,""4 servings"",""**Ingredients:** 3 Potatoes (cubed), 1 cup Green Peas, 0.75 cup Onion, 1 tbsp Ginger Garlic Paste, 1 cup Tomato Puree, 1 tsp Cumin Seeds, 1 tsp Coriander Powder, 0.75 tsp Red Chili Powder, 0.5 tsp Garam Masala, 0.25 tsp Turmeric, 1 cup Water, 0.5 tsp Kasuri Methi, Salt, 2 tbsp Oil. **Instructions:** 1. **SautÃ© Aromatics:** Heat oil. Add cumin seeds. Once they splutter, add onion and sautÃ© until golden. Add ginger garlic paste and sautÃ© until the raw smell is gone. 2. **Cook Masala:** Add tomato puree, turmeric, chili powder, and coriander powder. SautÃ© until the oil begins to separate from the masala. 3. **Add Vegetables:** Add cubed potatoes and peas. SautÃ© for 2-3 minutes. 4. **Cook Curry:** Add 1 cup of water and salt. Mix well. Cover and simmer on low-medium heat for 15-20 minutes, or until the potatoes are soft but not mushy. Add more water if needed. 5. **Finish:** Crush kasuri methi between your palms and add it along with garam masala. Stir and simmer for 2 minutes. Garnish with coriander leaves.""",
"4005,""Makki di Roti Sarson da Saag"",8005,""Punjabi Cuisine"",PT1H 30M,PT30M,PT2H 0M,2023-11-29,""The signature winter dish of Punjab: Sarson da Saag (a rich curry made from mustard greens and spinach) served with Makki di Roti (unleavened flatbread made from maize flour)."",""[Placeholder for Image URL]"",Main Dish|North Indian|Punjabi|Vegetarian,""Sarson|Makki|Saag|Roti|Punjabi|Winter"",4|2|1|1.5|1|1|1|1|1|0.5|1|1|0.5|1|1|1|1|1,bunches Mustard Leaves (Sarson)|bunches Spinach (Palak)|bunch Wild Spinach (Bathua, optional)|litres Water|tsp Salt|cup Maize Flour (Makke ka Atta)|tbsp Ginger Garlic Paste|Green Chillies (chopped)|cup Chopped Onion (for tadka)|cup Chopped Tomato (for tadka)|tsp Red Chili Powder|tbsp Ghee (for tadka)|cup Maize Flour (for Roti)|tbsp Wheat Flour (for Roti)|cup Lukewarm Water (for Roti)|tbsp Ghee/Butter (for serving),4.9,70,250,""NA"",""NA"",""NA"",""NA"",""NA"",""NA"",""NA"",""NA"",6,""6 servings"",""**Sarson da Saag:** 1. **Cook Greens:** Wash and chop 4 bunches of mustard leaves (sarson), 2 bunches of spinach (palak), and 1 bunch of bathua. Boil them in 1.5 litres of water with salt, ginger-garlic paste, and green chillies for 60-90 minutes, stirring occasionally, until the water has reduced. Do not cover. 2. **Thicken:** Use a hand blender or muddler to coarsely blend the greens. Add 0.75 cup maize flour in batches, mixing constantly until creamy. Simmer for 15-20 minutes. 3. **Tadka:** Heat 1 tbsp ghee. SautÃ© 1 cup chopped onion until golden. Add 1 cup chopped tomato, ginger, garlic, and red chili powder. Cook until mushy. Add this tadka to the saag and mix well. 4. **Serve:** Serve hot with a dollop of white butter. **Makki di Roti:** 1. **Dough:** Mix 1 cup maize flour (makki ka atta) with 1 tbsp wheat flour and salt. Use lukewarm water to knead a smooth, soft dough (must be warm for binding). 2. **Roll & Cook:** Roll out the roti using your hands or pressing between two plastic sheets. Cook on a hot tawa/griddle, flipping once. Roast directly over the gas flame or on the tawa with ghee/butter until fully cooked. Serve immediately with the saag.""",
"4006,Khar,8006,""Assamese Cuisine"",PT20M,PT10M,PT30M,2025-05-30,""A unique, traditional Assamese mild alkali dish (khar) prepared with vegetables (like raw papaya or cabbage) and pulses, using the alkaline water derived from the ashes of dried banana peels (kola khar)."",""[Placeholder for Image URL]"",Starter|Curry|Assamese|Vegetarian,""Khar|Assamese|Alkali|Papaya|Cabbage"",1|2|2|2|1|1|1|1|1,Raw Papaya (Amitar) or Cabbage Leaves|tbsp Mustard Oil|tsp Panch Phoron|Bay Leaf|Green Chillies (slit)|tsp Turmeric Powder|tsp Khar (Alkali water from banana ash)|tsp Ginger Paste|Salt to taste|cup Water,4.5,10,250,""NA"",""NA"",""NA"",""NA"",""NA"",""NA"",""NA"",""NA"",4,""4 servings"",""**Ingredients:** 1 Raw Papaya (cubed) or Cabbage Leaves, 2 tbsp Mustard Oil, 1 tsp Panch Phoron, 1 Bay Leaf, 2 Green Chillies, 1 tsp Ginger Paste, 1/2 tsp Turmeric, 2 tsp Khar (Alkali water), Salt, Water. **Instructions:** 1. **Prep Khar:** The 'Khar' used is alkaline water traditionally extracted from the ashes of dried banana peels. You can use store-bought khar or bhaarali. 2. **Cook Veggies (Papaya):** Heat mustard oil. Add panch phoron, bay leaf, and dry red chillies (if using). Let the seeds splutter. Add raw papaya pieces and green chillies. Mix well. 3. **Simmer:** Add turmeric powder, salt, and water. Cover and cook until the papaya pieces are soft and tender. 4. **Add Khar:** Once the vegetables are cooked and the water has mostly evaporated, add the $2\text{ tsp}$ of Khar liquid. 5. **Finish:** Stir and cook for a few more minutes until the dish has a thick consistency. Taste and adjust salt. Serve hot with steamed rice at the beginning of the meal.""",
,
,
"5001,""Mag Dhokli (Green Gram Fritters)"",9001,""Gujarati Cuisine"",PT20M,PT15M,PT35M,2017-09-15,""Round shaped dhoklis (dumplings) made from green gram (moong) flour dough, boiled, and then tossed in aromatic Indian spices."",""[Placeholder for Image URL]"",Snack|Gujarati|Vegetarian,""Dhokli|Moong Dal|Gujarati|Snack|Boiled"",0.5|0.5|1|1|1|1|1|1|1|2|1|1,cup Green Gram Flour (Moong/Mag)|tsp Turmeric Powder (divided)|tsp Red Chilli Powder (divided)|tsp Coriander-Cumin Powder (divided)|tsp Salt (divided)|tbsp Oil (divided for dough/tempering)|tbsp Mustard Seeds|Water as required,4.4,12,250,""NA"",""NA"",""NA"",""NA"",""NA"",""NA"",""NA"",""NA"",4,""4 servings"",""**Ingredients (Dhokli):** 0.5 cup Green Gram Flour, 0.25 tsp Turmeric, 0.5 tsp Chilli Powder, 0.5 tsp Coriander-Cumin Powder, Salt, 1 tbsp Oil, Water. **Ingredients (Tempering):** 1 tbsp Oil, 0.5 tsp Turmeric, 0.5 tsp Chilli Powder, 0.5 tsp Coriander-Cumin Powder, 0.5 tbsp Mustard Seeds. **Instructions:** 1. **Make Dough:** Mix gram flour, 1 tbsp oil, 1/4 tsp turmeric, 1/2 tsp chili powder, 1/2 tsp coriander-cumin powder, and salt. Knead into a soft dough using water. 2. **Shape/Boil:** Divide dough into small portions and shape into round dhoklis. Heat sufficient water to a boil in a pan. Add dhoklis and cook for 10-15 minutes. Drain and set aside. 3. **Tempering/Tossing:** Heat 1 tbsp oil in a non-stick pan. Add mustard seeds. Once they splutter, add remaining turmeric, chili powder, and coriander-cumin powder. Add the boiled dhoklis and remaining salt. Mix well and cook for 5 minutes until the oil separates. Serve hot.""",
"5002,""Vegetable Jalfrezi"",8005,""Indo-Chinese/North Indian"",PT20M,PT30M,PT50M,2023-09-22,""A semi-dry, tangy, and spicy curry featuring stir-fried vegetables (like bell peppers, carrots, beans) tossed in a thick tomato-based sauce, characterized by its chunky texture."",""[Placeholder for Image URL]"",Main Dish|Curry|Vegetarian|Indo-Chinese,""Jalfrezi|Vegetable|Stir-Fry|Tangy|Semi-Dry"",2|1|1|1|1|1|1|1|1|1|1|1|1|1|1|0.5|0.5|0.5|0.5|0.5|0.5|0.5,tbsp Oil (divided)|tsp Cumin Seeds|medium Onion (chopped)|tsp Ginger Garlic Paste|medium Tomatoes (pureed/chopped)|cup Mixed Veggies (Carrot, Beans, Peas)|cup Bell Peppers (diced/batons)|tsp Turmeric Powder|tsp Red Chili Powder|tsp Coriander Powder|tsp Cumin Powder|tsp Garam Masala|tsp Sugar (optional)|tsp Vinegar/Lemon Juice|tsp Tomato Ketchup (optional)|tsp Kasuri Methi|Salt to taste|cup Water,4.7,40,250,""NA"",""NA"",""NA"",""NA"",""NA"",""NA"",""NA"",""NA"",4,""4 servings"",""**Ingredients:** 2 tbsp Oil, 1 tsp Cumin Seeds, 1 Onion, 1 tsp Ginger Garlic Paste, 2 Tomatoes (pureed), 1 cup Mixed Veggies, 1 cup Bell Peppers, 1 tsp Turmeric Powder, 1 tsp Red Chili Powder, 1 tsp Coriander Powder, 0.5 tsp Cumin Powder, 0.5 tsp Garam Masala, Salt, 0.5 tsp Kasuri Methi, 0.5 cup Water, 1 tsp Sugar (optional). **Instructions:** 1. **Stir-Fry Veggies:** Heat 1 tbsp oil in a separate pan. Stir-fry the mixed veggies and bell peppers on high heat for 3-4 minutes until they are tender yet still crunchy. Set aside. 2. **Make Sauce Base:** Heat 1 tbsp oil. Add cumin seeds. Once they splutter, add onion and sautÃ© until golden. Add ginger garlic paste, green chillies, and sautÃ©. 3. **Cook Masala:** Add the tomato puree, turmeric, chili powder, and coriander powder. SautÃ© until the oil begins to separate from the masala. Add 0.5 cup water, sugar, and salt. Simmer until the sauce thickens. 4. **Combine:** Stir in the stir-fried veggies, garam masala, and crushed kasuri methi. Toss well to coat. Cook for 2 minutes. Add chopped coriander leaves and serve.""",
"5003,""Chicken Varuval (Dry Chicken Fry)"",9003,""Tamil Nadu Cuisine"",PT25M,PT10M,PT35M,2024-06-15,""A spicy, dry Chettinad-style chicken curry/fry made with bone-in or boneless chicken, fresh ground spices, black pepper, and curry leaves."",""[Placeholder for Image URL]"",Main Dish|Non-Vegetarian|South Indian,""Chicken|Varuval|Chettinad|Spicy|Dry Fry"",800|2|5|2|180|5|1|1|1|1|1|1|1|1|1|1|1|1|0.5|1|1,grams Chicken (on the bone/boneless)|tbsp Vegetable Oil|Green Cardamom Pods|tsp Fennel Seeds (coarsely crushed)|grams Onion (thinly sliced)|cloves Garlic (finely chopped)|Green Chili (slit)|small Tomato (sliced)|tbsp Madras Curry Paste (or 1 tsp Chili Powder/1 tbsp Coriander Powder)|Curry Leaves (divided)|tsp Black Pepper (coarsely crushed)|tbsp Lemon Juice|Coriander for garnish|Salt to taste|tsp Turmeric,4.6,18,250,""NA"",""NA"",""NA"",""NA"",""NA"",""NA"",""NA"",""NA"",4,""4 servings"",""**Ingredients:** 800g Chicken, 2 tbsp Oil, 5 Cardamom, 2 tsp Crushed Fennel Seeds, 180g Onion (sliced), 5 Garlic (chopped), 1 Green Chili, 1 small Tomato, 2 tbsp Madras Curry Paste, 12 Curry Leaves (divided), 0.5 tsp Black Pepper, 1 tbsp Lemon Juice, Salt, Turmeric. **Instructions:** 1. **SautÃ©:** Heat oil. Sizzle cardamom and crushed fennel seeds for 1 minute. Add sliced onion and fry for 12-14 minutes until soft and changing color. 2. **Cook Chicken Base:** Add chopped garlic and green chili. Fry for 1 minute. Add Madras Curry Paste (or powders) and mix well. 3. **Add Chicken:** Add the chicken pieces and stir well to coat. Sear for 5 minutes, stirring. Season with salt and turmeric. 4. **Simmer:** Lower heat. Cover and cook for 10 minutes, stirring halfway. Add half the curry leaves and cook for another 5 minutes covered. 5. **Dry Fry:** Uncover and fry for 10 minutes until the gravy thickens and coats the chicken completely. 6. **Finish:** Add crushed black pepper, remaining curry leaves, and lemon juice. Garnish with coriander.""",
"5004,Petha,9004,""North Indian Dessert"",PT66M,PT24H 20M,PT25H 6M,2018-04-18,""A translucent soft candy originating from Agra, made by cooking chunks of ash gourd (winter melon) in a heavy sugar syrup, often flavored with cardamom or kewra essence."",""[Placeholder for Image URL]"",Dessert|Sweet|North Indian,""Petha|Agra|Ash Gourd|Sweet|Mithai"",4|1|2|3|1.5|0.25|1|1,cups Ash Gourd (cubes 1.5""""-2"""")|tsp Slaked Lime (Chuna)|tsp Powdered Alum (Phitkari)|cups Sugar|cups Water|tsp Kewra Essence|Powdered Sugar for rolling,4.5,30,250,""NA"",""NA"",""NA"",""NA"",""NA"",""NA"",""NA"",""NA"",30,""30 pieces"",""**Ingredients:** 4 cups Ash Gourd (cubes), 1 tsp Slaked Lime (Chuna), 2 tsp Powdered Alum, 3 cups Sugar, 1.5 cups Water, 0.25 tsp Kewra Essence, Powdered Sugar. **Instructions:** 1. **Lime Soak:** Prick all ash gourd cubes deeply with a fork. Soak in a deep bowl with slaked lime and enough water overnight (8-24 hours). 2. **Rinse & Boil (Alum):** Drain the lime water. Rinse the cubes thoroughly under running water. Boil the cubes in fresh water with powdered alum for 10 minutes. Drain and rinse again thoroughly. 3. **Sugar Soak (4 Days):** Make a sugar syrup with 3 cups sugar and 1.5 cups water. Boil for 4 minutes. Add ash gourd, boil for 5 minutes. Cover and let sit for 24 hours. Strain the syrup; reheat it for 10 minutes, add back the petha, cover, and let sit for another 24 hours. Repeat this reheating/soaking process for 3-4 days until the petha is translucent. 4. **Finish:** On the final day, strain the petha. Reheat the syrup, add kewra essence, and boil until it thickens to a glossy consistency. Add the petha back and cook for 5 minutes. 5. **Dry & Coat:** Strain the excess syrup. Roll the petha cubes in powdered sugar until completely coated. Let them dry overnight until firm. Store refrigerated.""",
"5005,""Aloo Matar (Potato and Peas Curry)"",9005,""North Indian/Punjabi Cuisine"",PT20M,PT10M,PT30M,2023-04-15,""A delicious North Indian curry made with potatoes (aloo) and green peas (matar) in a rich, spiced, and mildly tangy tomato-onion gravy."",""[Placeholder for Image URL]"",Main Dish|Curry|North Indian|Vegetarian,""Aloo Matar|Potato|Peas|Curry|Punjabi"",3|1|0.75|1|1|1|1|0.75|0.5|0.5|0.25|1|0.5|1,medium Potatoes (cubed)|cup Green Peas (fresh or frozen)|cup Onion (chopped)|tbsp Ginger Garlic Paste|cup Tomato Puree|tsp Cumin Seeds|tsp Coriander Powder|tsp Red Chili Powder|tsp Garam Masala|tsp Turmeric|cup Water|tsp Kasuri Methi|Salt to taste|tbsp Oil,4.8,50,250,""NA"",""NA"",""NA"",""NA"",""NA"",""NA"",""NA"",""NA"",4,""4 servings"",""**Ingredients:** 3 Potatoes (cubed), 1 cup Green Peas, 0.75 cup Onion, 1 tbsp Ginger Garlic Paste, 1 cup Tomato Puree, 1 tsp Cumin Seeds, 1 tsp Coriander Powder, 0.75 tsp Red Chili Powder, 0.5 tsp Garam Masala, 0.25 tsp Turmeric, 1 cup Water, 0.5 tsp Kasuri Methi, Salt, 2 tbsp Oil. **Instructions:** 1. **SautÃ© Aromatics:** Heat oil. Add cumin seeds. Once they splutter, add onion and sautÃ© until golden. Add ginger garlic paste and sautÃ© until the raw smell is gone. 2. **Cook Masala:** Add tomato puree, turmeric, chili powder, and coriander powder. SautÃ© until the oil begins to separate from the masala. 3. **Add Vegetables:** Add cubed potatoes and peas. SautÃ© for 2-3 minutes. 4. **Cook Curry:** Add 1 cup of water and salt. Mix well. Cover and simmer on low-medium heat for 15-20 minutes, or until the potatoes are soft but not mushy. Add more water if needed. 5. **Finish:** Crush kasuri methi between your palms and add it along with garam masala. Stir and simmer for 2 minutes. Garnish with coriander leaves.""",
"5006,""Kulfi Falooda"",9006,""Indian Dessert"",PT15M,PT40M,PT55M,2024-06-15,""A rich, cooling Indian dessert layered with Kulfi (traditional Indian ice cream), soft Falooda vermicelli, sweet basil seeds (sabja), and flavored generously with rose syrup."",""[Placeholder for Image URL]"",Dessert|Sweet|Indian|No-Bake,""Kulfi|Falooda|Rose Syrup|Summer|Dessert"",1|0.5|1|2|8|8,piece Kulfi (ready-made or homemade)|cup Falooda Sev (vermicelli)|tsp Rose Syrup|tsp Sabja Seeds (Basil Seeds)|tsp Chopped Almonds/Pistachios|Cherries/Candied Fruit (for garnish)|Milk (optional),4.8,45,250,""NA"",""NA"",""NA"",""NA"",""NA"",""NA"",""NA"",""NA"",4,""4 servings"",""**Ingredients:** 1 piece Kulfi (per serving), 0.5 cup Falooda Sev (uncooked), 2 tsp Rose Syrup (per serving), 1 tsp Sabja Seeds, 2 tsp Chopped Nuts, Cherries (for garnish). **Instructions:** 1. **Prep Sabja:** Soak the sabja (basil) seeds in 1/2 cup water for at least 30 minutes until they swell and bloom. Drain excess water. 2. **Prep Falooda Sev:** Cook the falooda sev (vermicelli) according to package instructions (usually boiled for 3-4 minutes). Drain and rinse with cold water to stop cooking. You can toss it with a little rose syrup. 3. **Unmold Kulfi:** Just before assembling, unmold the kulfi and chop it into bite-sized pieces or slice it. 4. **Assemble:** In a tall glass or bowl, start layering: 2 tsp soaked sabja seeds, 1 tsp rose syrup, 3 tbsp cooked falooda sev, and the kulfi pieces. 5. **Garnish & Serve:** Drizzle more rose syrup on top. Garnish generously with chopped almonds and pistachios and a cherry. Serve immediately.""",
,
,
"6001,Kutchi Dabeli,10001,""Gujarati Street Food"",PT15M,PT45M,PT1H 0M,2020-06-05,""A popular street food snack from Gujarat featuring a spicy and sweet potato mash (dabeli stuffing) stuffed inside a pav (bun), garnished with peanuts, pomegranate, and sev."",""[Placeholder for Image URL]"",Snack|Street Food|Gujarati|Vegetarian,""Dabeli|Pav|Street Food|Potato|Spicy"",5|3|1|0.5|0.5|0.25|0.5|10|0.5|0.5|1|1|1,medium Potatoes (boiled/mashed)|tbsp Dabeli Masala|tbsp Oil|cup Masala Peanuts|cup Pomegranate Seeds|cup Shredded Dry Coconut|cup Sev (fried vermicelli)|Dinner Rolls (Pav/Bun)|cup Sweet Tamarind Chutney|cup Red Chili Garlic Chutney|cup Chopped Onion|tbsp Melted Butter (for toasting),4.7,28,250,""NA"",""NA"",""NA"",""NA"",""NA"",""NA"",""NA"",""NA"",8,""8 Dabelis"",""**Ingredients (Stuffing):** 5 Potatoes (boiled/mashed), 3 tbsp Dabeli Masala, 1 tbsp Oil, 2 tbsp Tamarind Chutney, Salt. **Ingredients (Assembly):** 10 Pav/Buns, 0.5 cup Sweet Tamarind Chutney, 0.5 cup Red Chili Garlic Chutney (or green chutney), 0.5 cup Masala Peanuts, 0.5 cup Pomegranate Seeds, 0.25 cup Chopped Onion, 0.5 cup Sev, 1 tbsp Melted Butter. **Instructions:** 1. **Stuffing:** Heat oil. Add Dabeli Masala and stir briefly. Add mashed potatoes, Tamarind Chutney, and salt. Cook for 3-5 minutes, mixing well. Remove and spread on a plate. Layer with a small amount of onion, peanuts, coconut, pomegranate, and coriander. 2. **Assemble:** Slit the pav horizontally, leaving one edge attached. Spread Tamarind Chutney on one side and Chili Garlic Chutney on the other. 3. **Fill:** Stuff generously with the potato mixture. Add extra peanuts, onion, and pomegranate. 4. **Toast:** Heat butter on a griddle. Toast both sides of the stuffed pav until golden brown. 5. **Finish:** Roll the sides of the hot dabeli over sev to coat the exposed filling. Serve immediately.""",
"6002,Shankarpali,10002,""Maharashtrian/North Indian Snack"",PT35M,PT20M,PT55M,2024-12-25,""A popular Indian sweet snack, often called sweet diamond cuts or Shakarpara, made from a crispy, flaky dough of flour, sugar, and ghee, then deep-fried or baked."",""[Placeholder for Image URL]"",Snack|Sweet|Indian|Vegetarian,""Shankarpali|Shakarpara|Diwali|Sweet Cuts|Deep Fried"",1|0.25|0.25|0.25|0.25|1|1|1|1|1,cup All-Purpose Flour (Maida)/Wheat Flour|cup Sugar|cup Water|cup Ghee (semi-solid)|tsp Cardamom Powder|pinch Salt|cup Oil for deep frying|tsp Baking Soda (optional),4.6,22,250,""NA"",""NA"",""NA"",""NA"",""NA"",""NA"",""NA"",""NA"",8,""Approx. 30 pieces"",""**Ingredients:** 1 cup Flour, 0.25 cup Sugar (powdered), 0.25 cup Water, 0.25 cup Ghee (semi-solid), 0.25 tsp Cardamom Powder, pinch Salt, Oil for frying. **Instructions:** 1. **Syrup/Ghee Mixture:** In a saucepan, heat water, sugar, and ghee until sugar completely dissolves. Let the mixture cool to lukewarm. 2. **Dough:** In a mixing bowl, combine flour, salt, and cardamom powder. Gradually add the cooled liquid mixture. Knead into a **stiff, smooth, non-sticky dough**. Let it rest for 10-20 minutes. 3. **Shape:** Divide the dough into balls. Roll each ball into a thick circle/rectangle (about 1/4 inch thick). Use a knife or pizza cutter to cut into small diamond shapes or squares. 4. **Fry:** Heat oil over medium heat. Fry the shankarpali in batches on **medium-low** heat, stirring occasionally, until they turn uniformly golden brown and crisp. (Lower heat ensures even cooking and crispness). 5. **Cool & Store:** Drain excess oil. Cool completely before serving or storing in an airtight container.""",
"6003,Misti Doi,10003,""Bengali Dessert"",PT20M,PT12H 0M,PT12H 20M,2024-03-08,""A classic Bengali sweet yogurt dessert made by reducing whole milk and setting it with jaggery (or caramelized sugar) and a yogurt culture, typically in earthen pots for a unique flavor."",""[Placeholder for Image URL]"",Dessert|Sweet|Bengali|No-Bake,""Mishti Doi|Sweet Yogurt|Doi|Jaggery|Bengali"",1|0.75|2|1|1,litre Whole Milk|cup Palm Jaggery (or Granulated Sugar)|tbsp Curd Starter (Yogurt Culture)|tsp Green Cardamom Powder (optional)|Earthen Pots/Bowls,4.8,38,250,""NA"",""NA"",""NA"",""NA"",""NA"",""NA"",""NA"",""NA"",6,""6 servings"",""**Ingredients:** 1 Litre Whole Milk, 0.75 cup Palm Jaggery (or Granulated Sugar), 2 tbsp Curd Starter, 0.5 tsp Cardamom Powder (optional). **Instructions:** 1. **Reduce Milk:** In a heavy-bottomed pan, bring the whole milk to a boil. Reduce the heat and simmer, stirring often and scraping the sides, until the milk volume is reduced to about **1/2 to 1/3** of its original volume. Remove from heat and let cool for 8-10 minutes. 2. **Sweeten:** The milk should be warm ($60-65^{\circ}\text{C}$ or lukewarm). Add the finely chopped jaggery (or caramelized/granulated sugar) and cardamom powder. Whisk until the jaggery is completely dissolved. 3. **Culture:** Whisk the curd starter separately until smooth. Add it to the sweetened milk mixture and whisk very well until the starter is completely dissolved in the milk. 4. **Set:** Pour the mixture into earthen pots or terracotta bowls. Cover with a lid or foil. Place in a warm area (like inside a cold oven with the light on) and let it set for 6-12 hours (or overnight) until firm. 5. **Chill:** Once set, refrigerate for a few hours before serving.""",
"6004,Nankhatai,10004,""Indian Cookie/Biscuit"",PT15M,PT10M,PT25M,2025-07-03,""A traditional Indian shortbread cookie known for its melt-in-the-mouth, crumbly (khasta) texture, made primarily from a combination of flours (maida, besan) and pure ghee."",""[Placeholder for Image URL]"",Dessert|Snack|Indian|Vegetarian,""Nankhatai|Cookie|Biscuit|Ghee|Shortbread"",1|0.5|0.5|0.5|0.25|0.25|0.5|1|1,cup All-Purpose Flour (Maida)|cup Powdered Sugar|cup Ghee (semi-solid, room temp)|cup Gram Flour (Besan)|tsp Cardamom Powder|pinch Salt|tsp Baking Powder/Soda|tbsp Semolina (Rava)|Nuts for garnish,4.7,35,250,""NA"",""NA"",""NA"",""NA"",""NA"",""NA"",""NA"",""NA"",14,""14 Nankhatai"",""**Ingredients:** 1 cup Maida, 0.5 cup Powdered Sugar, 0.5 cup Ghee (semi-solid), 0.25 cup Besan, 0.5 tsp Cardamom Powder, pinch Salt, 0.5 tsp Baking Powder/Soda, 1 tbsp Rava (optional). **Instructions:** 1. **Cream Ghee/Sugar:** In a bowl, take room temperature, semi-solid ghee and powdered sugar. Beat or whisk together for 3-5 minutes until the mixture is **light, smooth, and creamy** (creaming is essential for the texture). 2. **Sieve Dry Ingredients:** Sift together maida, besan, salt, and baking powder/soda (and rava, if using). 3. **Form Dough:** Add the sifted dry ingredients and cardamom powder to the creamed mixture. Gently mix and then crumble with your fingers to bring it together into a **soft dough**. Do not knead excessively; just press to combine. 4. **Shape & Bake:** Preheat oven to $350^{\circ}\text{F}$ ($180^{\circ}\text{C}$). Roll small portions into balls and gently flatten them. Place on a baking tray, press a nut into the center, and bake for **15-20 minutes** until the edges are light golden and cracks appear on top. 5. **Cool & Serve:** Cool completely on a wire rack before storing.""",
"6005,Petha,10005,""North Indian Dessert"",PT66M,PT24H 20M,PT25H 6M,2018-04-18,""A translucent soft candy originating from Agra, made by cooking chunks of ash gourd (winter melon) in a heavy sugar syrup, often flavored with cardamom or kewra essence."",""[Placeholder for Image URL]"",Dessert|Sweet|North Indian,""Petha|Agra|Ash Gourd|Sweet|Mithai"",4|1|2|3|1.5|0.25|1|1,cups Ash Gourd (cubes 1.5""""-2"""")|tsp Slaked Lime (Chuna)|tsp Powdered Alum (Phitkari)|cups Sugar|cups Water|tsp Kewra Essence|Powdered Sugar for rolling|Soaking water,4.5,30,250,""NA"",""NA"",""NA"",""NA"",""NA"",""NA"",""NA"",""NA"",30,""30 pieces"",""**Ingredients:** 4 cups Ash Gourd (cubes), 1 tsp Slaked Lime (Chuna), 2 tsp Powdered Alum, 3 cups Sugar, 1.5 cups Water, 0.25 tsp Kewra Essence, Powdered Sugar. **Instructions:** 1. **Lime Soak:** Prick all ash gourd cubes deeply. Soak in a deep bowl with slaked lime and enough water **overnight** (8-24 hours). 2. **Rinse & Boil (Alum):** Drain the lime water. **Rinse thoroughly**. Boil the cubes in fresh water with powdered alum for 10 minutes. Drain and **rinse again thoroughly**. 3. **Sugar Soak (3-4 Days):** Make sugar syrup (3 cups sugar, 1.5 cups water). Boil. Add petha, cook 5 min. Cover and rest for 24 hours. Repeat this step (straining/reheating syrup and resting) for **3-4 days** until the petha is translucent. 4. **Finish:** On the final day, strain petha. Reheat syrup until thick and glossy. Add kewra essence. Add petha back and cook for 5 minutes. Strain excess syrup and roll cubes in powdered sugar. Let dry overnight before storing.""",
"6006,""Paruppu Sadam (Rice and Dal One-Pot)"",10006,""South Indian Cuisine"",PT20M,PT15M,PT35M,2016-02-19,""A simple, comforting one-pot meal from South India (Coimbatore style), made with parboiled rice and toor dal, tempered with spices, onion, and garlic."",""[Placeholder for Image URL]"",Main Dish|Rice|South Indian|Vegetarian,""Paruppu|Sadam|Rice|Dal|One-Pot|Coimbatore"",1|0.25|2|1|0.25|0.25|2|6|2|1|0.5|1|1,cup Parboiled Rice (Ponni/Sona Masuri)|cup Toor Dal|cups Water|tbsp Oil (Sesame/Gingely preferred)|tsp Mustard Seeds|tsp Cumin Seeds|sprigs Curry Leaves|cloves Garlic|medium Onions (finely chopped)|medium Tomatoes (finely chopped)|tsp Turmeric Powder|tsp Sambar Powder|tsp Salt|tbsp Hot Ghee (for serving),4.5,20,250,""NA"",""NA"",""NA"",""NA"",""NA"",""NA"",""NA"",""NA"",4,""4 servings"",""**Ingredients:** 1 cup Rice, 0.25 cup Toor Dal, 2 cups Water, 1 tbsp Oil, 0.25 tsp Mustard Seeds, 0.25 tsp Cumin Seeds, 2 sprigs Curry Leaves, 6 cloves Garlic, 2 medium Onions, 2 medium Tomatoes, 0.5 tsp Turmeric, 1 tsp Sambar Powder, 1 tsp Salt, 1 tbsp Hot Ghee. **Instructions:** 1. **Prep:** Wash and soak rice and dal for 20-30 minutes. Chop onion, garlic, and tomato. 2. **Tempering:** Heat oil in a pressure cooker. Add mustard seeds, cumin seeds, curry leaves, and dry red chillies (if using). Let the mustard seeds splutter. 3. **SautÃ© Aromatics:** Add chopped onions and garlic. Fry until soft and lightly browned. 4. **Cook Masala:** Add chopped tomatoes, turmeric powder, Sambar powder, and salt. Fry well until the tomatoes are mashed down and the mixture is well-cooked. 5. **Pressure Cook:** Add the hot water, then strain and add the rice and dal mixture. Check seasoning. Bring the mixture to a boil. Cover and pressure cook for **3-4 whistles** on medium flame. Let the pressure release naturally. 6. **Serve:** Open, mix well, and serve hot with a generous teaspoon of hot ghee.""",
,
,
"7001,""Dahi Vada (Soft Lentil Fritters in Yogurt)"",11001,""North Indian Chaat"",PT45M,PT8H 15M,PT9H 0M,2025-03-09,""Soft, deep-fried lentil fritters (vadas) soaked in creamy, slightly sweetened yogurt and topped with spicy and sweet chutneys and spices."",""[Placeholder for Image URL]"",Snack|Chaat|North Indian|Vegetarian,""Dahi Vada|Lentil|Yogurt|Chaam"",0.75|3|2.5|1|1|1|1|1|1|1|1|1|1|1|1|1|1,cup Urad Dal (husked/split black lentils)|tbsp Moong Dal (optional)|cups Curd (Yogurt, chilled)|tbsp Ginger Paste|tsp Green Chili Paste|tsp Cumin Seeds|tsp Salt (for batter)|cup Water (for soaking vada)|cup Tamarind Chutney|cup Mint Cilantro Chutney|tsp Roasted Cumin Powder (Garnish)|tsp Red Chili Powder (Garnish)|tsp Chaat Masala (Garnish)|tbsp Oil (for frying),4.8,45,250,""NA"",""NA"",""NA"",""NA"",""NA"",""NA"",""NA"",""NA"",4,""8-10 Vadas"",""**Ingredients (Vada):** 0.75 cup Urad Dal, 1 tsp Ginger Paste, 1 tsp Green Chili Paste, 1 tsp Cumin Seeds, Salt, Oil for frying. **Ingredients (Assembly):** 2.5 cups chilled Yogurt, 1 tbsp Powdered Sugar (optional), Salt, Tamarind Chutney, Mint Cilantro Chutney, Roasted Cumin Powder, Red Chili Powder, Chaat Masala, Coriander for garnish. **Instructions:** 1. **Soak/Grind:** Soak Urad Dal (and Moong Dal) overnight or for 4-5 hours. Drain completely. Grind with a minimal amount of cold water (or ice water) to a thick, smooth, and fluffy batter. 2. **Whip:** Vigorously whip the batter for 2-3 minutes to incorporate air, making the vadas soft. Add salt just before frying. 3. **Fry:** Deep fry small balls of batter on medium heat until golden brown. 4. **Soak:** Soak the hot vadas in a bowl of warm water (or hot milk) for 15-20 minutes to soften. Gently squeeze out excess liquid. 5. **Assemble:** Whisk the yogurt with powdered sugar and a little salt. Add the softened vadas to the whisked yogurt. Let rest in the fridge for at least 1-2 hours. 6. **Serve:** Place vadas and yogurt on a plate. Drizzle with Tamarind and Mint Cilantro chutneys. Sprinkle with Roasted Cumin Powder, Red Chili Powder, and Chaat Masala.""",
"7002,""Brown Rice (Stovetop Method)"",11002,""General Cuisine"",PT45M,PT5M,PT50M,2024-05-27,""A simple, healthy recipe for cooking fluffy, separate brown rice on the stovetop using the water-absorption method."",""[Placeholder for Image URL]"",Side Dish|Rice|Whole Grain|Vegan,""Brown Rice|Whole Grain|Stovetop|Basic"",1|2.5|1|1,cup Long-Grain Brown Rice|cups Water (or Broth)|tsp Salt (optional)|tbsp Butter/Oil (optional),4.6,30,250,""NA"",""NA"",""NA"",""NA"",""NA"",""NA"",""NA"",""NA"",3,""3 cups cooked rice"",""**Ingredients:** 1 cup Brown Rice, 2.5 cups Water (or Broth), 1 tsp Salt (optional). **Instructions:** 1. **Rinse:** Rinse the brown rice in a mesh strainer under cold water until the water runs clear. 2. **Combine:** Combine the rinsed rice, water/broth, and salt/butter (if using) in a medium saucepan. 3. **Cook:** Bring to a simmer over medium-high heat, uncovered. Once simmering, reduce the heat to **low** (to maintain a gentle simmer), cover the pot with a tight-fitting lid, and cook undisturbed for **45 minutes**. 4. **Rest:** Remove the pan from the heat, leave the lid on, and let it sit for **10 minutes** to finish steaming and absorb any remaining moisture. 5. **Fluff:** Fluff the rice with a fork before serving.""",
"7003,""Red Rice (Tomato Pilaf/Arroz Rojo)"",11003,""Mexican/Southern US"",PT20M,PT15M,PT35M,2023-05-26,""A flavorful side dish that is long-grain rice cooked in a stock and tomato-based liquid (often puree or paste) for a characteristic red color and savory taste."",""[Placeholder for Image URL]"",Side Dish|Rice|Mexican|Savory,""Red Rice|Arroz Rojo|Pilaf|Tomato|Southern"",1|1.5|3|2|1|1|1|1|1|1|1,cup Long-Grain White Rice|cup Tomato Puree/Sauce|cups Chicken/Vegetable Broth|tbsp Oil|tsp Onion (finely diced)|tsp Minced Garlic|tsp Cumin|tsp Smoked Paprika|tsp Salt|tsp Dried Parsley,4.5,25,250,""NA"",""NA"",""NA"",""NA"",""NA"",""NA"",""NA"",""NA"",4,""4 servings"",""**Ingredients:** 1 cup White Rice, 1.5 cups Tomato Puree/Sauce, 3 cups Broth, 2 tbsp Oil, 1 tsp Diced Onion, 1 tsp Minced Garlic, 1 tsp Cumin, 1 tsp Smoked Paprika, Salt. **Instructions:** 1. **SautÃ© Aromatics:** Heat oil in a medium saucepan over medium heat. Add onion and sautÃ© until softened (3-5 minutes). Add garlic and cook for 1 minute. 2. **Toast Rice:** Add the rice and sautÃ©, stirring constantly, until the grains turn golden brown (about 5 minutes). 3. **Combine Liquids/Spices:** Add the tomato puree/sauce, broth, cumin, paprika, and salt. Stir well to combine. Bring to a boil. 4. **Simmer:** Reduce heat to **low**, cover with a tight-fitting lid, and let simmer for **15-20 minutes** without lifting the lid. 5. **Rest & Fluff:** Remove from heat and let it sit, covered, for **10 minutes**. Fluff with a fork before serving.""",
"7004,""Idiyappam (String Hoppers)"",11004,""South Indian/Sri Lankan"",PT10M,PT10M,PT20M,2025-09-29,""A South Indian delicacy of steamed rice noodle strings (hoppers) made from rice flour dough, pressed through a mould, and traditionally served with curry or sweetened coconut milk."",""[Placeholder for Image URL]"",Breakfast|Steamed|South Indian|Gluten-Free,""Idiyappam|Nool Puttu|String Hoppers|Rice Noodles"",1|1.3|1|1,cup Rice Flour|cups Hot Water|tsp Salt|tsp Oil (for greasing),4.7,28,250,""NA"",""NA"",""NA"",""NA"",""NA"",""NA"",""NA"",""NA"",4,""4 servings"",""**Ingredients:** 1 cup Rice Flour, 1.25-1.3 cups Hot Water, 0.25 tsp Salt, 2 tsp Oil (for greasing). **Instructions:** 1. **Roast Flour (Optional):** Lightly roast the rice flour on low heat for 4-5 minutes until steam appears (do not brown). This helps with the texture. 2. **Make Dough:** Bring the water and salt to a boil (the water must be hot). Pour the hot water into the rice flour and mix with a spoon. When the heat is tolerable, knead the mixture vigorously into a **smooth, soft dough**. The dough must be warm while kneading. 3. **Press & Steam:** Grease the Idiyappam press (murukku maker) and Idli plates/steamer inserts. Fill the press with the warm dough and press the noodle strings directly onto the prepared plates in a concentric circle pattern. 4. **Cook:** Steam the idiyappam for **8-10 minutes** on medium-high heat. 5. **Serve:** Remove and serve immediately with a curry (like vegetable stew) or sweetened coconut milk.""",
"7005,""Mushroom Matar (Peas and Mushroom Curry)"",11005,""North Indian Cuisine"",PT20M,PT15M,PT35M,2025-07-29,""A flavorful North Indian semi-dry curry combining mushrooms and green peas in a rich, spiced gravy of sautÃ©ed onions, tomatoes, ginger, and garlic."",""[Placeholder for Image URL]"",Main Dish|Curry|North Indian|Vegetarian,""Mushroom|Matar|Peas|Curry|Semi-Dry"",200|0.75|2|1.5|1.5|1|1|1|1|1|1|1|0.5|1,grams Button Mushrooms (sliced)|cup Green Peas (fresh or frozen)|tbsp Oil|tsp Ginger Garlic Paste|cup Chopped Onion|cups Chopped Tomato|tsp Turmeric Powder|tsp Red Chili Powder|tsp Coriander Powder|tsp Garam Masala|cup Water|tsp Salt|tbsp Chopped Coriander,4.7,33,250,""NA"",""NA"",""NA"",""NA"",""NA"",""NA"",""NA"",""NA"",4,""4 servings"",""**Ingredients:** 200g Mushrooms, 0.75 cup Green Peas, 2 tbsp Oil, 1.5 tsp Ginger Garlic Paste, 1 cup Onion, 1 cup Tomato, 1 tsp Turmeric, 1 tsp Red Chili Powder, 1 tsp Coriander Powder, 0.5 tsp Garam Masala, 1 cup Water, Salt, Coriander. **Instructions:** 1. **SautÃ© Aromatics:** Heat oil. Add onion and sautÃ© until translucent. Add ginger garlic paste and green chili (if using) and sautÃ© until the raw aroma disappears. 2. **Cook Masala Base:** Add chopped tomatoes, turmeric, chili powder, and coriander powder. SautÃ© until the oil starts to separate and the tomatoes are mushy. 3. **Add Veggies:** Add the sliced mushrooms and green peas. Stir and sautÃ© for 2-3 minutes. 4. **Simmer:** Add water and salt. Cover and cook for 10-12 minutes until the peas and mushrooms are cooked (mushrooms will release moisture). 5. **Finish:** Add garam masala and lemon juice (if desired). Garnish with chopped coriander leaves. Serve hot with roti or rice.""",
"7006,""Puri Bhaji (Fried Bread with Potato Curry)"",11006,""Maharashtrian/North Indian"",PT20M,PT45M,PT1H 5M,2025-07-03,""A popular Indian meal featuring hot, puffed, deep-fried whole wheat bread (puri) served with a mildly spiced, dry or semi-dry potato curry (bhaji or sabji)."",""[Placeholder for Image URL]"",Main Dish|Breakfast|Indian|Vegetarian,""Puri|Bhaji|Potato Curry|Fried Bread"",1.5|0.25|2|4|1|1|1|1|1|1|1|1|1|1|0.5|1|1|1,cups Whole Wheat Flour (for Puri)|cup Semolina (Suji, for Puri)|tbsp Oil (for Puri dough)|medium Potatoes (boiled/cubed, for Bhaji)|tbsp Oil (for Bhaji)|tsp Mustard Seeds|tsp Cumin Seeds|tsp Urad Dal (optional)|tsp Ginger (chopped)|Green Chilies (chopped)|sprig Curry Leaves|cup Chopped Onion|tsp Turmeric Powder|tsp Amchur (Dry Mango Powder)|cup Water (for Bhaji)|tsp Salt|Oil for deep frying,4.6,35,250,""NA"",""NA"",""NA"",""NA"",""NA"",""NA"",""NA"",""NA"",4,""12 Puris & 4 servings Bhaji"",""**Ingredients (Puri):** 1.5 cups Wheat Flour, 0.25 cup Semolina, 2 tbsp Oil, Salt, Water for kneading, Oil for frying. **Ingredients (Bhaji):** 4 Potatoes (boiled/cubed), 1 tbsp Oil, 1 tsp Mustard Seeds, 1 tsp Cumin Seeds, 1 tsp Ginger, 1 Green Chili, 1 cup Onion, 1 tsp Turmeric, 0.5 tsp Amchur, Water, Salt, Curry Leaves. **Instructions (Bhaji):** 1. **Boil/Prep Potatoes:** Boil, peel, and cube potatoes. 2. **Tempering:** Heat oil. Add mustard seeds, cumin seeds, and urad dal (if using). Once seeds splutter, add curry leaves, ginger, and green chillies. SautÃ© briefly. 3. **SautÃ© Aromatics:** Add chopped onion and sautÃ© until soft (do not brown). 4. **Cook Bhaji:** Add cubed potatoes, turmeric powder, amchur, and salt. Stir well. Add 0.5 cup water. Cover and simmer for 5-6 minutes until the water is absorbed and the bhaji is thick. 5. **Instructions (Puri):** Knead a stiff dough with flour, semolina, 2 tbsp oil, salt, and water. Rest for 30 minutes. 6. **Fry:** Roll small balls of dough into 5-inch circles. Deep fry in hot oil, pressing lightly with a spatula until they puff up completely. Fry until golden brown on both sides. Serve immediately with the hot Bhaji.""",
,
,
"8001,""Kachori (Khasta Moong Dal)"",12001,""North Indian Snack"",PT40M,PT2H 30M,PT3H 10M,2024-01-05,""A popular deep-fried, flaky puffed pastry (Khasta Kachori) filled with a spicy, savory stuffing of ground yellow split moong dal lentils and spices."",""[Placeholder for Image URL]"",Snack|Deep Fried|North Indian|Vegetarian,""Kachori|Khasta|Moong Dal|Flaky|Street Food"",2|0.5|0.5|0.5|1|1|1|1|1|1|1|1|1|1|1,cups All-Purpose Flour (Maida)|cup Moong Dal (soaked)|cup Water (for dough)|cup Ghee/Oil (for dough)|tsp Salt (for dough)|tsp Turmeric Powder|tsp Red Chili Powder|tsp Cumin Powder|tsp Coriander Powder|tsp Fennel Seeds (crushed)|tsp Dry Ginger Powder (Saunth)|tsp Amchur (Dry Mango Powder)|pinch Asafoetida (Hing)|tbsp Oil for frying,4.7,35,250,""NA"",""NA"",""NA"",""NA"",""NA"",""NA"",""NA"",""NA"",10,""9-10 Kachoris"",""**Ingredients (Dough):** 2 cups Maida, 0.5 tsp Salt, 0.25 cup Ghee/Oil, 0.5 cup Water. **Ingredients (Filling):** 0.5 cup Soaked Moong Dal, 0.5 tbsp Ghee/Oil, 0.25 tsp Turmeric, 0.5 tsp Red Chili Powder, 0.5 tsp Cumin, 1 tsp Coriander, 1 tsp Crushed Fennel, 0.5 tsp Dry Ginger, 1 tsp Amchur, pinch Hing, Salt. **Instructions:** 1. **Dough:** Rub ghee/oil into flour and salt until a breadcrumb texture is achieved. Knead into a firm, semi-stiff dough using water. Cover and rest for 30 minutes. 2. **Filling:** Soak moong dal for 2 hours, drain, and lightly crush coarsely in a grinder (do not add water). 3. **Cook Filling:** Heat 0.5 tbsp ghee/oil. Add all spices (Turmeric, Chili, Cumin, Coriander, Fennel, Dry Ginger, Amchur, Hing). Mix on low heat (do not burn). Add crushed dal and salt. SautÃ©, stirring non-stop, for 3-4 minutes until dry. Cool and form into small balls. 4. **Stuff/Shape:** Flatten a dough portion, keeping the center thick and edges thin. Place a filling ball inside. Bring edges together and seal firmly. Flatten gently. 5. **Fry:** Heat oil on low-medium heat. Add kachoris and fry slowly (crucial for flakiness) until golden-brown and crispy on both sides. Serve hot.""",
"8002,""Ras malai (Soft Paneer in Sweet Milk)"",12002,""Bengali/North Indian Dessert"",PT30M,PT4H 30M,PT5H 0M,2024-02-23,""A classic Indian dessert of soft, sponge-like flattened paneer dumplings (rasgullas) soaked in a rich, reduced, saffron- and cardamom-flavored sweet milk (rabri/malai)."",""[Placeholder for Image URL]"",Dessert|Sweet|Indian|Vegetarian,""Ras Malai|Paneer|Rabri|Saffron|Milk Sweet"",1|0.25|1|1|1|1|1|1|1|1|1|1|1|1|1,litre Whole Milk|cup Sweetened Condensed Milk|cup Heavy Cream|cup Sugar|cups Water|ounces Paneer (Chhena)|tsp Cardamom Powder|pinch Saffron Strands|tsp Baking Soda|tsp Rose/Kewra Water|Almonds (sliced)|Pistachios (sliced),4.8,45,250,""NA"",""NA"",""NA"",""NA"",""NA"",""NA"",""NA"",""NA"",10,""10 pieces"",""**Ingredients (Malai/Rabri):** 1 litre Whole Milk, 1 cup Condensed Milk, 1 cup Heavy Cream, 0.25 tsp Cardamom, pinch Saffron, Rose Water. **Ingredients (Rasgullas/Discs):** 6oz Paneer, 1 tbsp Powdered Sugar, 0.25 tsp Baking Soda. **Ingredients (Syrup):** 5 cups Water, 1 cup Sugar. **Instructions:** 1. **Malai:** Reduce 1 cup whole milk and 1 cup evaporated milk until half. Add condensed milk, heavy cream, cardamom, saffron, and rose water. Simmer briefly. Cool and chill. 2. **Rasgullas:** Knead paneer until smooth. Add baking soda and powdered sugar. Knead for 5 minutes until very smooth. Divide and shape into small, flattened discs. 3. **Cook Discs:** Boil 5 cups water with 1 cup sugar. Add discs and simmer, covered, for 15 minutes. 4. **Cool:** Transfer the cooked discs to an ice bath for 5-10 minutes. Gently squeeze out excess sugar syrup. 5. **Soak:** Transfer the squeezed discs to the chilled Malai/Rabri. Refrigerate for at least 4 hours (overnight is best) to absorb the liquid. Garnish with sliced almonds and pistachios.""",
"8003,Vindaloo,12003,""Goan/Indian Curry"",PT40M,PT1H 10M,PT1H 50M,2025-06-02,""A highly spiced, tangy, and sometimes fiery hot Goan curry, traditionally made with pork but often with chicken or lamb, marinated in a vinegary paste of chili, ginger, garlic, and whole spices."",""[Placeholder for Image URL]"",Main Dish|Curry|Goan|Non-Vegetarian,""Vindaloo|Goan|Spicy|Vinegar|Marinated"",1.5|0.5|20|10|0.75|1|1|1|1|1|1|1|1|1|1|1|1|3|2,lbs Chicken/Lamb (cubed)|cup Vinegar (Malt/Apple Cider)|Dried Kashmiri Red Chillies (or 1.25 tbsp powder)|Garlic Cloves|inch Ginger|tsp Cumin Seeds|tbsp Coriander Seeds|tsp Black Peppercorns|Cinnamon Stick|Cloves|tsp Mustard Seeds|tsp Turmeric|tsp Salt|tbsp Oil|cup Onion (fine chopped)|cup Water|tsp Sugar (optional),4.6,30,250,""NA"",""NA"",""NA"",""NA"",""NA"",""NA"",""NA"",""NA"",4,""4 servings"",""**Ingredients (Paste):** 20 Dried Kashmiri Red Chillies (soaked in vinegar/hot water), 10 Garlic Cloves, 1.5 inch Ginger, 0.75 tsp Cumin Seeds, 1 tbsp Coriander Seeds, 1 tsp Black Peppercorns, Cinnamon, 6 Cloves, 0.5 tsp Mustard Seeds, 0.5 cup Vinegar, 0.5 tsp Turmeric, Salt. **Ingredients (Curry):** 1.5 lbs Chicken/Lamb, 3 tbsp Oil, 1 cup Chopped Onion, 1.5 cup Water, 1 tsp Sugar. **Instructions:** 1. **Paste:** Grind all paste ingredients to a smooth, thick paste. 2. **Marinate:** Rub the paste, turmeric, and salt onto the meat. Marinate in the refrigerator for 1 hour to overnight. 3. **Curry:** Heat oil. SautÃ© onion until golden brown (9-10 minutes). 4. **Cook Meat:** Add the marinated meat and sautÃ© on medium-high heat for 4-5 minutes until seared. 5. **Simmer:** Pour in water. Bring to a simmer, cover, and cook on low heat until the meat is fork-tender (40-90 minutes depending on the meat). Add sugar toward the end. 6. **Finish:** Uncover and cook to reduce the sauce to a semi-dry, thick consistency. Serve hot.""",
"8004,Pootharekulu,12004,""Andhra Sweet"",PT5M,PT2H 10M,PT2H 15M,2021-01-08,""A traditional Andhra sweet made of incredibly thin, delicate, paper-like rice sheets (rice paper), layered with ghee, powdered sugar/jaggery, and crushed nuts."",""[Placeholder for Image URL]"",Dessert|Sweet|Andhra|Vegetarian,""Pootharekulu|Rice Paper|Jaggery|Paper Sweet"",2|1|0.5|4|1,cups Rice (for sheets)|cup Jaggery (powdered) or Sugar|cup Grated Coconut (optional)|tsp Ghee (per layer)|Broken Cashew Nuts/Nuts (optional),4.6,15,250,""NA"",""NA"",""NA"",""NA"",""NA"",""NA"",""NA"",""NA"",10,""10 rolls"",""**Ingredients:** 2 cups Rice (soaked/ground for batter), Jaggery/Sugar (powdered), Desi Ghee, Crushed Nuts (optional). **Instructions:** 1. **Rice Sheets (Traditional Method):** Soak rice for at least 2 hours. Grind to a **very thin, watery batter**. Invert a wide pot (kadhai) or earthen pot on a stove and heat it until extremely hot. Dip a thin cotton cloth (handkerchief size) into the batter, spread it quickly on the hot inverted pot, and immediately remove the cloth. A thin, papery sheet of rice batter will cling to the pot. Once crisp (a few seconds), peel it off. Repeat to make layers. 2. **Layer & Fill:** Place 2-3 thin rice sheets on a flat surface. Dab a small amount of warm **Desi Ghee** on the sheet. Sprinkle generously with powdered jaggery/sugar and crushed nuts/coconut. 3. **Fold:** Fold the edges inwards to form a rectangle, creating a delicate, layered roll. 4. **Serve:** Serve fresh or store in an airtight container.""",
"8005,""Cham cham (Cylindrical Milk Sweet)"",12005,""Bengali Sweet"",PT55M,PT40M,PT1H 35M,2024-07-12,""A popular Bengali sweet made from chhena (fresh paneer) shaped into oblong/cylindrical pieces, cooked in sugar syrup, and often stuffed with sweetened khoya (milk solids)."",""[Placeholder for Image URL]"",Dessert|Sweet|Bengali|Vegetarian,""Cham Cham|Chum Chum|Chhena|Milk Sweet|Cylindrical"",1|2|4|1|1|0.25|1|1|1,litre Cow's Milk (full cream)|tbsp Lemon Juice/Vinegar|cups Sugar|cups Water|tsp Semolina (Rava)|tsp Baking Soda|tsp Cardamom Powder|tbsp Desiccated Coconut (for coating)|tbsp Maida (All-Purpose Flour),4.5,20,250,""NA"",""NA"",""NA"",""NA"",""NA"",""NA"",""NA"",""NA"",12,""12 pieces"",""**Ingredients (Cham Cham):** 1 litre Cow's Milk, 2 tbsp Lemon Juice/Vinegar, 0.5 tsp Semolina, 0.25 tsp Baking Soda. **Ingredients (Syrup):** 4 cups Water, 2 cups Sugar, 4 Cardamoms. **Instructions:** 1. **Make Chhena:** Boil milk. Switch off heat and add lemon juice/vinegar diluted in water to curdle. Strain the chhena through a muslin cloth and rinse well under cold water. Squeeze out excess water and hang for 30 minutes. 2. **Knead/Shape:** Knead the chhena until completely smooth (8-10 minutes). Add semolina and baking soda. Knead again until smooth. Divide and roll into oblong/cylindrical shapes. 3. **Cook in Syrup:** In a large pot, bring water and sugar to a boil with cardamoms to make a syrup. Carefully drop the chhena pieces into the boiling syrup. Cover and cook on medium-high heat for 5 minutes. Then, gently add more sugar solution (reserved from the initial syrup) in a steady stream and cook covered for a total of **40 minutes**. The sweets will double in size. 4. **Cool:** Turn off heat and let them cool completely in the syrup. 5. **Garnish/Serve:** **Optional: Stuff** with sweet khoya/milk solid filling. Roll gently in desiccated coconut.""",
"8006,""Dharwad Pedha (Dark Brown Milk Sweet)"",12006,""Karnataka Sweet"",PT40M,PT10M,PT50M,2018-03-02,""A rich, fudgy, dark brown pedha (milk sweet) from Karnataka known for its caramelized flavor, made by roasting khoya/paneer, grinding it, and coating it in castor sugar."",""[Placeholder for Image URL]"",Dessert|Sweet|Karnataka|Vegetarian,""Dharwad Pedha|Peda|Khoya|Caramelized|Milk Sweet"",2|0.5|2|4|1|1|1|1,cups Paneer (crumbled) or Khoya|cup Sugar (Granulated)|tsp Ghee|tbsp Milk|tsp Cardamom Powder|tbsp Castor Sugar (for coating)|tsp Lemon Juice/Vinegar (for paneer),4.6,18,250,""NA"",""NA"",""NA"",""NA"",""NA"",""NA"",""NA"",""NA"",12,""12 pedhas"",""**Ingredients (Peda):** 2 cups Paneer (crumbled) or Khoya, 0.5 cup Sugar, 2 tsp Ghee, 4 tbsp Milk, 0.25 tsp Cardamom Powder. **Ingredients (Coating):** 2 tbsp Castor Sugar. **Instructions:** 1. **Roast Paneer/Khoya:** Heat ghee in a heavy-bottomed pan. Add crumbled paneer/khoya and roast on a low flame, stirring until moisture evaporates and the mixture turns **golden brown**. 2. **Add Sugar/Cook:** Add the granulated sugar (it will melt) and a tablespoon of milk. Continue cooking on low-medium heat until the mixture turns deep brown and separates from the sides of the pan. The color comes from caramelizing the milk solids. 3. **Grind:** Cool the mixture completely. Transfer to a blender/grinder and blend to a **fine powder** without adding water. 4. **Final Roast:** Return the powdered mixture to the pan. Add the remaining milk (1 tbsp at a time) and cardamom powder. SautÃ© until the mixture turns a darker golden-brown/dark caramel color and becomes non-sticky, forming a smooth lump. 5. **Shape & Coat:** Cool slightly. Roll into small cylindrical or round pedhas. Roll the pedhas in castor sugar to coat the surface. Serve or store refrigerated.""",
,
,
"8007,""Kachori (Khasta Moong Dal)"",12001,""North Indian Snack"",PT40M,PT2H 30M,PT3H 10M,2024-01-05,""A popular deep-fried, flaky puffed pastry (Khasta Kachori) filled with a spicy, savory stuffing of ground yellow split moong dal lentils and spices."",""[Placeholder for Image URL]"",Snack|Deep Fried|North Indian|Vegetarian,""Kachori|Khasta|Moong Dal|Flaky|Street Food"",2|0.5|0.5|0.5|1|1|1|1|1|1|1|1|1|1|1,cups All-Purpose Flour (Maida)|cup Moong Dal (soaked)|cup Water (for dough)|cup Ghee/Oil (for dough)|tsp Salt (for dough)|tsp Turmeric Powder|tsp Red Chili Powder|tsp Cumin Powder|tsp Coriander Powder|tsp Fennel Seeds (crushed)|tsp Dry Ginger Powder (Saunth)|tsp Amchur (Dry Mango Powder)|pinch Asafoetida (Hing)|tbsp Oil for frying,4.7,35,250,""NA"",""NA"",""NA"",""NA"",""NA"",""NA"",""NA"",""NA"",10,""9-10 Kachoris"",""**Ingredients (Dough):** 2 cups Maida, 0.5 tsp Salt, 0.25 cup Ghee/Oil, 0.5 cup Water. **Ingredients (Filling):** 0.5 cup Soaked Moong Dal, 0.5 tbsp Ghee/Oil, 0.25 tsp Turmeric, 0.5 tsp Red Chili Powder, 0.5 tsp Cumin, 1 tsp Coriander, 1 tsp Crushed Fennel, 0.5 tsp Dry Ginger, 1 tsp Amchur, pinch Hing, Salt. **Instructions:** 1. **Dough:** Rub ghee/oil into flour and salt until a breadcrumb texture is achieved. Knead into a firm, semi-stiff dough using water. Cover and rest for 30 minutes. 2. **Filling:** Soak moong dal for 2 hours, drain, and lightly crush coarsely in a grinder (do not add water). 3. **Cook Filling:** Heat 0.5 tbsp ghee/oil. Add all spices (Turmeric, Chili, Cumin, Coriander, Fennel, Dry Ginger, Amchur, Hing). Mix on low heat (do not burn). Add crushed dal and salt. SautÃ©, stirring non-stop, for 3-4 minutes until dry. Cool and form into small balls. 4. **Stuff/Shape:** Flatten a dough portion, keeping the center thick and edges thin. Place a filling ball inside. Bring edges together and seal firmly. Flatten gently. 5. **Fry:** Heat oil on low-medium heat. Add kachoris and fry slowly (crucial for flakiness) until golden-brown and crispy on both sides. Serve hot.""",
"8008,""Ras malai (Soft Paneer in Sweet Milk)"",12002,""Bengali/North Indian Dessert"",PT30M,PT4H 30M,PT5H 0M,2024-02-23,""A classic Indian dessert of soft, sponge-like flattened paneer dumplings (rasgullas) soaked in a rich, reduced, saffron- and cardamom-flavored sweet milk (rabri/malai)."",""[Placeholder for Image URL]"",Dessert|Sweet|Indian|Vegetarian,""Ras Malai|Paneer|Rabri|Saffron|Milk Sweet"",1|0.25|1|1|1|1|1|1|1|1|1|1|1|1|1,litre Whole Milk|cup Sweetened Condensed Milk|cup Heavy Cream|cup Sugar|cups Water|ounces Paneer (Chhena)|tsp Cardamom Powder|pinch Saffron Strands|tsp Baking Soda|tsp Rose/Kewra Water|Almonds (sliced)|Pistachios (sliced),4.8,45,250,""NA"",""NA"",""NA"",""NA"",""NA"",""NA"",""NA"",""NA"",10,""10 pieces"",""**Ingredients (Malai/Rabri):** 1 litre Whole Milk, 1 cup Condensed Milk, 1 cup Heavy Cream, 0.25 tsp Cardamom, pinch Saffron, Rose Water. **Ingredients (Rasgullas/Discs):** 6oz Paneer, 1 tbsp Powdered Sugar, 0.25 tsp Baking Soda. **Ingredients (Syrup):** 5 cups Water, 1 cup Sugar. **Instructions:** 1. **Malai:** Reduce 1 cup whole milk and 1 cup evaporated milk until half. Add condensed milk, heavy cream, cardamom, saffron, and rose water. Simmer briefly. Cool and chill. 2. **Rasgullas:** Knead paneer until smooth. Add baking soda and powdered sugar. Knead for 5 minutes until very smooth. Divide and shape into small, flattened discs. 3. **Cook Discs:** Boil 5 cups water with 1 cup sugar. Add discs and simmer, covered, for 15 minutes. 4. **Cool:** Transfer the cooked discs to an ice bath for 5-10 minutes. Gently squeeze out excess sugar syrup. 5. **Soak:** Transfer the squeezed discs to the chilled Malai/Rabri. Refrigerate for at least 4 hours (overnight is best) to absorb the liquid. Garnish with sliced almonds and pistachios.""",
"8009,Vindaloo,12003,""Goan/Indian Curry"",PT40M,PT1H 10M,PT1H 50M,2025-06-02,""A highly spiced, tangy, and sometimes fiery hot Goan curry, traditionally made with pork but often with chicken or lamb, marinated in a vinegary paste of chili, ginger, garlic, and whole spices."",""[Placeholder for Image URL]"",Main Dish|Curry|Goan|Non-Vegetarian,""Vindaloo|Goan|Spicy|Vinegar|Marinated"",1.5|0.5|20|10|0.75|1|1|1|1|1|1|1|1|1|1|1|1|3|2,lbs Chicken/Lamb (cubed)|cup Vinegar (Malt/Apple Cider)|Dried Kashmiri Red Chillies (or 1.25 tbsp powder)|Garlic Cloves|inch Ginger|tsp Cumin Seeds|tbsp Coriander Seeds|tsp Black Peppercorns|Cinnamon Stick|Cloves|tsp Mustard Seeds|tsp Turmeric|tsp Salt|tbsp Oil|cup Onion (fine chopped)|cup Water|tsp Sugar (optional),4.6,30,250,""NA"",""NA"",""NA"",""NA"",""NA"",""NA"",""NA"",""NA"",4,""4 servings"",""**Ingredients (Paste):** 20 Dried Kashmiri Red Chillies (soaked in vinegar/hot water), 10 Garlic Cloves, 1.5 inch Ginger, 0.75 tsp Cumin Seeds, 1 tbsp Coriander Seeds, 1 tsp Black Peppercorns, Cinnamon, 6 Cloves, 0.5 tsp Mustard Seeds, 0.5 cup Vinegar, 0.5 tsp Turmeric, Salt. **Ingredients (Curry):** 1.5 lbs Chicken/Lamb, 3 tbsp Oil, 1 cup Chopped Onion, 1.5 cup Water, 1 tsp Sugar. **Instructions:** 1. **Paste:** Grind all paste ingredients to a smooth, thick paste. 2. **Marinate:** Rub the paste, turmeric, and salt onto the meat. Marinate in the refrigerator for 1 hour to overnight. 3. **Curry:** Heat oil. SautÃ© onion until golden brown (9-10 minutes). 4. **Cook Meat:** Add the marinated meat and sautÃ© on medium-high heat for 4-5 minutes until seared. 5. **Simmer:** Pour in water. Bring to a simmer, cover, and cook on low heat until the meat is fork-tender (40-90 minutes depending on the meat). Add sugar toward the end. 6. **Finish:** Uncover and cook to reduce the sauce to a semi-dry, thick consistency. Serve hot.""",
"8010,Pootharekulu,12004,""Andhra Sweet"",PT5M,PT2H 10M,PT2H 15M,2021-01-08,""A traditional Andhra sweet made of incredibly thin, delicate, paper-like rice sheets (rice paper), layered with ghee, powdered sugar/jaggery, and crushed nuts."",""[Placeholder for Image URL]"",Dessert|Sweet|Andhra|Vegetarian,""Pootharekulu|Rice Paper|Jaggery|Paper Sweet"",2|1|0.5|4|1,cups Rice (for sheets)|cup Jaggery (powdered) or Sugar|cup Grated Coconut (optional)|tsp Ghee (per layer)|Broken Cashew Nuts/Nuts (optional),4.6,15,250,""NA"",""NA"",""NA"",""NA"",""NA"",""NA"",""NA"",""NA"",10,""10 rolls"",""**Ingredients:** 2 cups Rice (soaked/ground for batter), Jaggery/Sugar (powdered), Desi Ghee, Crushed Nuts (optional). **Instructions:** 1. **Rice Sheets (Traditional Method):** Soak rice for at least 2 hours. Grind to a **very thin, watery batter**. Invert a wide pot (kadhai) or earthen pot on a stove and heat it until extremely hot. Dip a thin cotton cloth (handkerchief size) into the batter, spread it quickly on the hot inverted pot, and immediately remove the cloth. A thin, papery sheet of rice batter will cling to the pot. Once crisp (a few seconds), peel it off. Repeat to make layers. 2. **Layer & Fill:** Place 2-3 thin rice sheets on a flat surface. Dab a small amount of warm **Desi Ghee** on the sheet. Sprinkle generously with powdered jaggery/sugar and crushed nuts/coconut. 3. **Fold:** Fold the edges inwards to form a rectangle, creating a delicate, layered roll. 4. **Serve:** Serve fresh or store in an airtight container.""",
"8011,""Cham cham (Cylindrical Milk Sweet)"",12005,""Bengali Sweet"",PT55M,PT40M,PT1H 35M,2024-07-12,""A popular Bengali sweet made from chhena (fresh paneer) shaped into oblong/cylindrical pieces, cooked in sugar syrup, and often stuffed with sweetened khoya (milk solids)."",""[Placeholder for Image URL]"",Dessert|Sweet|Bengali|Vegetarian,""Cham Cham|Chum Chum|Chhena|Milk Sweet|Cylindrical"",1|2|4|1|1|0.25|1|1|1,litre Cow's Milk (full cream)|tbsp Lemon Juice/Vinegar|cups Sugar|cups Water|tsp Semolina (Rava)|tsp Baking Soda|tsp Cardamom Powder|tbsp Desiccated Coconut (for coating)|tbsp Maida (All-Purpose Flour),4.5,20,250,""NA"",""NA"",""NA"",""NA"",""NA"",""NA"",""NA"",""NA"",12,""12 pieces"",""**Ingredients (Cham Cham):** 1 litre Cow's Milk, 2 tbsp Lemon Juice/Vinegar, 0.5 tsp Semolina, 0.25 tsp Baking Soda. **Ingredients (Syrup):** 4 cups Water, 2 cups Sugar, 4 Cardamoms. **Instructions:** 1. **Make Chhena:** Boil milk. Switch off heat and add lemon juice/vinegar diluted in water to curdle. Strain the chhena through a muslin cloth and rinse well under cold water. Squeeze out excess water and hang for 30 minutes. 2. **Knead/Shape:** Knead the chhena until completely smooth (8-10 minutes). Add semolina and baking soda. Knead again until smooth. Divide and roll into oblong/cylindrical shapes. 3. **Cook in Syrup:** In a large pot, bring water and sugar to a boil with cardamoms to make a syrup. Carefully drop the chhena pieces into the boiling syrup. Cover and cook on medium-high heat for 5 minutes. Then, gently add more sugar solution (reserved from the initial syrup) in a steady stream and cook covered for a total of **40 minutes**. The sweets will double in size. 4. **Cool:** Turn off heat and let them cool completely in the syrup. 5. **Garnish/Serve:** **Optional: Stuff** with sweet khoya/milk solid filling. Roll gently in desiccated coconut.""",
"8012,""Dharwad Pedha (Dark Brown Milk Sweet)"",12006,""Karnataka Sweet"",PT40M,PT10M,PT50M,2018-03-02,""A rich, fudgy, dark brown pedha (milk sweet) from Karnataka known for its caramelized flavor, made by roasting khoya/paneer, grinding it, and coating it in castor sugar."",""[Placeholder for Image URL]"",Dessert|Sweet|Karnataka|Vegetarian,""Dharwad Pedha|Peda|Khoya|Caramelized|Milk Sweet"",2|0.5|2|4|1|1|1|1,cups Paneer (crumbled) or Khoya|cup Sugar (Granulated)|tsp Ghee|tbsp Milk|tsp Cardamom Powder|tbsp Castor Sugar (for coating)|tsp Lemon Juice/Vinegar (for paneer),4.6,18,250,""NA"",""NA"",""NA"",""NA"",""NA"",""NA"",""NA"",""NA"",12,""12 pedhas"",""**Ingredients (Peda):** 2 cups Paneer (crumbled) or Khoya, 0.5 cup Sugar, 2 tsp Ghee, 4 tbsp Milk, 0.25 tsp Cardamom Powder. **Ingredients (Coating):** 2 tbsp Castor Sugar. **Instructions:** 1. **Roast Paneer/Khoya:** Heat ghee in a heavy-bottomed pan. Add crumbled paneer/khoya and roast on a low flame, stirring until moisture evaporates and the mixture turns **golden brown**. 2. **Add Sugar/Cook:** Add the granulated sugar (it will melt) and a tablespoon of milk. Continue cooking on low-medium heat until the mixture turns deep brown and separates from the sides of the pan. The color comes from caramelizing the milk solids. 3. **Grind:** Cool the mixture completely. Transfer to a blender/grinder and blend to a **fine powder** without adding water. 4. **Final Roast:** Return the powdered mixture to the pan. Add the remaining milk (1 tbsp at a time) and cardamom powder. SautÃ© until the mixture turns a darker golden-brown/dark caramel color and becomes non-sticky, forming a smooth lump. 5. **Shape & Coat:** Cool slightly. Roll into small cylindrical or round pedhas. Roll the pedhas in castor sugar to coat the surface. Serve or store refrigerated.""",
,
,
"9001,""Aloo Matar (Potato and Peas Curry)"",13001,""North Indian/Punjabi Cuisine"",PT20M,PT10M,PT30M,2023-04-15,""A delicious North Indian curry made with potatoes (aloo) and green peas (matar) in a rich, spiced, and mildly tangy tomato-onion gravy."",""[Placeholder for Image URL]"",Main Dish|Curry|North Indian|Vegetarian,""Aloo Matar|Potato|Peas|Curry|Punjabi"",3|1|0.75|1|1|1|1|0.75|0.5|0.5|0.25|1|0.5|1,medium Potatoes (cubed)|cup Green Peas (fresh or frozen)|cup Onion (chopped)|tbsp Ginger Garlic Paste|cup Tomato Puree|tsp Cumin Seeds|tsp Coriander Powder|tsp Red Chili Powder|tsp Garam Masala|tsp Turmeric|cup Water|tsp Kasuri Methi|Salt to taste|tbsp Oil,4.8,50,250,""NA"",""NA"",""NA"",""NA"",""NA"",""NA"",""NA"",""NA"",4,""4 servings"",""**Ingredients:** 3 Potatoes (cubed), 1 cup Green Peas, 0.75 cup Onion, 1 tbsp Ginger Garlic Paste, 1 cup Tomato Puree, 1 tsp Cumin Seeds, 1 tsp Coriander Powder, 0.75 tsp Red Chili Powder, 0.5 tsp Garam Masala, 0.25 tsp Turmeric, 1 cup Water, 0.5 tsp Kasuri Methi, Salt, 2 tbsp Oil. **Instructions:** 1. **SautÃ© Aromatics:** Heat oil. Add cumin seeds. Once they splutter, add onion and sautÃ© until golden. Add ginger garlic paste and sautÃ© until the raw smell is gone. 2. **Cook Masala:** Add tomato puree, turmeric, chili powder, and coriander powder. SautÃ© until the oil begins to separate from the masala. 3. **Add Vegetables:** Add cubed potatoes and peas. SautÃ© for 2-3 minutes. 4. **Cook Curry:** Add 1 cup of water and salt. Mix well. Cover and simmer on low-medium heat for 15-20 minutes, or until the potatoes are soft but not mushy. Add more water if needed. 5. **Finish:** Crush kasuri methi between your palms and add it along with garam masala. Stir and simmer for 2 minutes. Garnish with coriander leaves.""",
"9002,""Attu (Quick Flour Dosa)"",13002,""South Indian Breakfast"",PT5M,PT10M,PT15M,2019-02-28,""A quick, healthy South Indian crepe (dosa) typically made from a running batter of wheat flour (atta) and sometimes mixed with chickpea flour (besan) or lentils, cooked instantly on a griddle."",""[Placeholder for Image URL]"",Breakfast|Dosa|South Indian|Vegetarian,""Attu|Dosa|Wheat Flour|Quick"",1|0.25|1|1,cup Wheat Flour|cup Chickpea Flour (Besan, optional)|tsp Salt|tbsp Oil (for cooking)|Water as required,4.4,10,250,""NA"",""NA"",""NA"",""NA"",""NA"",""NA"",""NA"",""NA"",4,""4 Dosas"",""**Ingredients:** 1 cup Wheat Flour, 0.25 cup Chickpea Flour (optional), Salt to taste, Water, Oil for cooking. **Instructions:** 1. **Make Batter:** In a bowl, combine wheat flour, chickpea flour (if using), and salt. Gradually add water while whisking to make a smooth batter with a pouring consistency (similar to regular dosa batter). Ensure there are no lumps. 2. **Cook Dosa:** Heat a non-stick tawa or griddle over medium-high heat. Lightly grease with oil. 3. **Spread:** Pour one ladleful of batter onto the center of the tawa. Spread it quickly and gently in a spiral motion to form a thin dosa/attu. 4. **Finish:** Drizzle a little oil or ghee around the edges. Cook until the bottom turns golden-brown and crispy. Carefully flip and cook the other side for a few seconds. Fold or roll and serve hot with chutney.""",
"9003,""Rabri (Lachha Rabri/Thickened Milk)"",13003,""North Indian Dessert"",PT1H 15M,PT5M,PT1H 20M,2025-07-03,""A traditional, rich North Indian sweet made by slow-simmering full-fat milk until it reduces to half its volume, resulting in a thick, creamy texture with layers of malai (clotted cream), and flavored with cardamom and saffron."",""[Placeholder for Image URL]"",Dessert|Sweet|North Indian|Vegetarian,""Rabri|Milk Sweet|Malai|Reduced Milk|Thickened Milk"",1.25|3|0.5|15|1|1|1|1|1,litres Whole Milk|tbsp Sugar|tsp Cardamom Powder|Saffron Strands|tsp Rose/Kewra Water (optional)|tbsp Almonds (sliced)|tbsp Pistachios (sliced)|Pinch of Salt,4.7,40,250,""NA"",""NA"",""NA"",""NA"",""NA"",""NA"",""NA"",""NA"",4,""4 servings"",""**Ingredients:** 1.25 litres Whole Milk, 3 tbsp Sugar, 0.5 tsp Cardamom Powder, 15 Saffron Strands, 2 tbsp Sliced Almonds, 2 tbsp Sliced Pistachios. **Instructions:** 1. **Reduce Milk:** Take whole milk in a wide, heavy-bottomed kadai. Heat slowly on a low-medium flame. Stir occasionally until the milk reaches a gentle simmer. 2. **Collect Malai (Cream):** As a layer of cream (malai) forms on the surface, use a spatula to gently push it to the sides of the kadai, sticking it above the milk line. Continue simmering and collecting cream for about 1 hour, or until the milk reduces to about half its original volume. 3. **Flavor:** Add sugar, crushed saffron, and cardamom powder to the reduced milk. Stir gently until the sugar dissolves. 4. **Finish:** Scrape all the collected malai from the sides and stir it back into the thickened milk. Add rose/kewra water (if using) and chopped nuts. Cook for 2-3 minutes. 5. **Chill:** Remove from heat, let cool to room temperature, then chill in the refrigerator for several hours before serving.""",
"9004,""Chorafali (Crispy Fried Strips)"",13004,""Traditional Gujarati Snack"",PT15M,PT35M,PT50M,2023-10-20,""A light, airy, and crispy traditional Gujarati deep-fried snack, typically made during Diwali, and served with a tangy spice powder."",""[Placeholder for Image URL]"",Snack|Gujarati|Vegetarian,""Diwali|Snack|Gujarati|Besan|Crispy|Deep-Fried"",1|0.25|0.01|0.75|1|1|1,cup besan (gram flour)|cup urad dal (split black lentil) flour|tsp baking soda|tsp salt (for dough)|tsp Chilli Powder (for masala)|tsp Black Salt (for masala)|tsp Amchoor Powder (Dry Mango Powder) (for masala)|Oil for deep-frying,4.4,18,250,""NA"",""NA"",""NA"",""NA"",""NA"",""NA"",""NA"",""NA"",5,""Approx. 16 strips"",""**Ingredients:** 1 cup besan, 1/4 cup urad dal flour, 1/8 tsp baking soda, 3/4 tsp salt (for dough), Water as needed, Oil for deep-frying. **For Masala:** 1 tsp Chilli Powder, 1 tsp Black Salt, 1 tsp Amchoor Powder. **Instructions:** 1. **Dough:** Combine flours, soda, and salt. Knead into a very **stiff** dough using minimal water. 2. **Beat:** Place dough in a mortar and beat with a pestle for 2 minutes, flipping frequently, to smoothen. 3. **Roll/Cut:** Roll dough very thin on a greased surface. Trim to a rectangle, then cut into long strips. 4. **Fry:** Heat oil. Reduce heat to **low**. Deep fry strips until light brown and crispy. 5. **Season:** Place fried strips in a bowl. Sprinkle with the spice powder mixture (chilli, black salt, amchoor) and toss gently to coat. Cool and store.""",
"9005,""Chakali (Savory Rice Flour Spiral)"",13005,""Maharashtrian/South Indian Snack"",PT30M,PT10M,PT40M,2024-05-04,""A crunchy, savory, deep-fried Indian snack shaped into characteristic spirals, typically made from rice flour or a mix of rice and gram flour, flavored with sesame and cumin seeds."",""[Placeholder for Image URL]"",Snack|Deep Fried|Maharashtrian|Vegetarian,""Chakli|Chakralu|Spiral|Crunchy|Diwali"",1|0.5|2.5|1|1|1|1|1|1|1|1|1,cup Rice Flour|cup Gram Flour (Besan)|tbsp Butter/Oil (hot for dough)|tsp Red Chili Powder|tsp Cumin Seeds|tsp Carom Seeds (Ajwain)|tbsp White Sesame Seeds (Til)|pinch Asafoetida (Hing)|tsp Salt|cup Water (hot for kneading)|cup Oil for deep frying,4.6,20,250,""NA"",""NA"",""NA"",""NA"",""NA"",""NA"",""NA"",""NA"",14,""12-15 Chaklis"",""**Ingredients:** 1 cup Rice Flour, 0.5 cup Gram Flour, 2.5 tbsp Hot Butter/Oil, 1 tsp Red Chili Powder, 1 tsp Cumin Seeds, 0.5 tsp Carom Seeds, 1 tbsp Sesame Seeds, pinch Hing, Salt, Water for kneading, Oil for frying. **Instructions:** 1. **Mix Dry:** Combine flours, salt, and all spices/seeds in a bowl. 2. **Moyan (Fat):** Heat 2.5 tbsp butter/oil until very hot. Pour it over the flour mixture and mix first with a spoon, then rub with fingertips until crumbly. 3. **Knead:** Gradually add **hot water** and knead into a firm but pliable dough. Cover with a damp cloth and rest for 10 minutes. 4. **Shape:** Place a portion of the warm dough into a chakli press (with the star disc). Press the dough out in a tight spiral shape onto a piece of parchment paper. 5. **Fry:** Heat oil on medium heat. Gently slide the chaklis into the oil. Fry on medium-low heat until golden-brown and crisp throughout. Drain excess oil. Cool completely before storing.""",
"9006,""Keerai Masiyal (Mashed Greens Curry)"",13006,""Tamil/South Indian Cuisine"",PT15M,PT10M,PT25M,2022-01-20,""A simple, healthy South Indian side dish where fresh greens (Keerai/Spinach) are cooked, mashed, and seasoned with a tempering of oil, mustard seeds, urad dal, and red chili."",""[Placeholder for Image URL]"",Side Dish|South Indian|Vegetarian|Healthy,""Keerai|Spinach|Masiyal|Greens|Mash"",250|1|0.5|1|1|1|1|1|1|1|1|1,grams Fresh Greens (Spinach/Keerai)|tbsp Coconut/Sesame Oil (divided)|tsp Mustard Seeds|tsp Urad Dal (Split Black Gram)|Red Chilies (dried)|sprig Curry Leaves|pinch Asafoetida (Hing)|tsp Cumin Seeds|tsp Turmeric Powder|tsp Salt|Water as needed,4.5,15,250,""NA"",""NA"",""NA"",""NA"",""NA"",""NA"",""NA"",""NA"",4,""4 servings"",""**Ingredients:** 250g Fresh Greens (chopped), 1 tbsp Oil (divided), 0.5 tsp Mustard Seeds, 1 tsp Urad Dal, 2 Dried Red Chilies, 1 sprig Curry Leaves, pinch Hing, 0.5 tsp Cumin Seeds, 0.25 tsp Turmeric Powder, Salt. **Instructions:** 1. **Cook Greens:** Heat 0.5 tbsp oil. Add chopped greens, a pinch of salt, and turmeric. Cook for 2-3 minutes until the greens wilt down completely (they will release water). Cool the mixture. 2. **Mash/Pulse:** Coarsely mash the cooked greens using a masher or pulse briefly in a mixer (do not make a fine paste). Set aside. 3. **Temper:** Heat remaining 0.5 tbsp oil. Add mustard seeds. Once they splutter, add urad dal and fry until golden. Add dried red chillies, curry leaves, and hing. Fry for a few seconds. 4. **Combine:** Add the mashed greens to the tempering. Mix well and cook on low flame for 2 minutes to blend the flavors. Serve hot with rice and ghee.""",
,
,
"10001,Ghooghra,14001,""Gujarati/North Indian Sweet"",PT40M,PT30M,PT1H 10M,2022-09-15,""A sweet, deep-fried or baked pastry (hand-pie) shaped like a half-moon, filled with a sweet mixture of roasted semolina (rava), coconut, and crushed nuts."",""[Placeholder for Image URL]"",Snack|Sweet|Gujarati|Vegetarian,""Ghughra|Gujiya|Karanji|Diwali|Sweet Pastry"",2|0.25|0.5|0.75|0.33|0.33|1|1|1,cups All-Purpose Flour (Maida)|cup Ghee (for dough/frying)|cup Water (for dough)|cup Semolina (Rava)|cup Powdered Sugar|cup Shredded Coconut|tsp Cardamom Powder|tsp Nutmeg Powder|Oil/Ghee for deep frying,4.7,45,250,""NA"",""NA"",""NA"",""NA"",""NA"",""NA"",""NA"",""NA"",16,""16 Ghooghras"",""**Ingredients (Dough):** 2 cups Maida, 0.25 cup Ghee, 0.5 tsp Salt, 0.5 cup Water. **Ingredients (Filling):** 0.25 cup Ghee, 0.75 cup Semolina, 0.33 cup Shredded Coconut, 0.66 cup Powdered Sugar, 1 tsp Cardamom Powder, 0.5 tsp Nutmeg, Crushed Nuts. **Instructions:** 1. **Dough:** Rub 0.25 cup ghee and salt into the flour until crumbly. Add water and knead into a slightly stiff dough. Cover and rest for 30 minutes. 2. **Filling:** Heat 0.25 cup ghee. Roast the semolina (rava) until golden brown. Remove. In the same pan, roast the coconut until fragrant. Combine semolina, coconut, powdered sugar, cardamom, nutmeg, and crushed nuts. Cool. 3. **Shape:** Roll small dough portions into thin circles (3-4 inch diameter). Place 1 tbsp of filling in the center. Fold the circle in half (half-moon shape). Wet the edges with water and crimp/pinch firmly to seal. 4. **Fry/Bake:** Deep fry on low heat until golden brown and crisp, or bake at $350^{\circ}\text{F}$ ($180^{\circ}\text{C}$) for 30-40 minutes until browned. Serve hot or cold.""",
"10002,Khichu,14002,""Gujarati Snack"",PT15M,PT5M,PT20M,2022-02-03,""A traditional Gujarati steamed snack made from rice flour dough cooked in boiling water seasoned with spices like cumin, carom (ajwain), and green chilies, often served with raw oil (kachcha tel) and pickle masala."",""[Placeholder for Image URL]"",Snack|Steamed|Gujarati|Vegetarian,""Khichu|Kichu|Rice Flour|Steamed Dough"",1.5|3|1|0.5|1|1|1|1|0.25|1|1,cups Rice Flour|cups Water|tsp Cumin Seeds|tsp Carom Seeds (Ajwain)|tbsp Ginger-Chili Paste|tsp Sesame Seeds (Til)|tsp Salt|tsp Cooking Soda (Papad Khar)|tbsp Peanut Oil (for serving)|tbsp Pickle Masala (Achar Masala, for serving),4.5,15,250,""NA"",""NA"",""NA"",""NA"",""NA"",""NA"",""NA"",""NA"",4,""4 servings"",""**Ingredients:** 1.5 cups Rice Flour, 3 cups Water, 1 tsp Cumin Seeds, 0.5 tsp Ajwain, 1 tbsp Ginger-Chili Paste, 1 tsp Sesame Seeds, Salt, 0.25 tsp Cooking Soda/Papad Khar, Peanut Oil/Pickle Masala for serving. **Instructions:** 1. **Boil Water:** Bring 3 cups of water to a rolling boil. Add cumin seeds, ajwain, salt, ginger-chili paste, and sesame seeds. Boil for 7-8 minutes. 2. **Add Flour:** Add the cooking soda (Papad Khar) to the boiling water, mix quickly, and immediately add the rice flour **slowly**. Stir vigorously with a wooden rolling pin or spatula to prevent lumps. 3. **Form Dough:** Keep stirring on low flame until the mixture comes together like a smooth, lump-free dough. 4. **Steam (Optional):** Transfer the mixture to a greased steamer plate and steam for 10-12 minutes. 5. **Serve:** Serve the hot khichu immediately on a plate, sprinkling with raw peanut oil and pickle masala (methi masala).""",
"10003,""Kumol Sawul (Assamese Soft Rice)"",14003,""Assamese Breakfast"",PT0M,PT0M,PT0M,2024-11-06,""An indigenous, pre-cooked 'magic rice' from Assam that requires no actual cooking; it is made soft and edible simply by soaking in hot water or milk for a few minutes."",""[Placeholder for Image URL]"",Breakfast|Rice|Assamese|No-Cook,""Kumol Saul|Soft Rice|Magic Rice|Assam|Instant Rice"",1|1|2|1,cup Kumol Saul Rice|cup Water (or Milk)|tbsp Curd/Yogurt|tsp Jaggery (Gur, optional),4.8,10,250,""NA"",""NA"",""NA"",""NA"",""NA"",""NA"",""NA"",""NA"",1,""1 serving"",""**Ingredients:** 1 cup Kumol Saul Rice, Water/Milk, Curd/Yogurt, Jaggery/Gur (optional). **Instructions:** 1. **Soak:** Take the Kumol Saul rice in a serving bowl. Pour lukewarm or hot water/milk over the rice. 2. **Wait:** Allow the rice to soak for 15-30 minutes. The rice will swell and become soft and fluffy. No actual cooking is required. 3. **Serve:** Drain any excess liquid. Traditionally, serve the soft rice with a dollop of whipped curd (yogurt), jaggery (gur), and cream (malai). It can also be eaten savory with salt and mustard oil.""",
"10004,""Jeera Aloo (Cumin Potatoes)"",14004,""North Indian Side Dish"",PT15M,PT5M,PT20M,2025-04-11,""A classic North Indian dry side dish of boiled potatoes cubed and sautÃ©ed with a simple, aromatic seasoning of whole cumin seeds (jeera), turmeric, and coriander, finished with lemon juice and cilantro."",""[Placeholder for Image URL]"",Side Dish|North Indian|Vegetarian,""Jeera Aloo|Cumin|Potato|Dry Curry|Sabji"",3|2|1|1|1|1|1|1|0.5|1,medium Potatoes (boiled/cubed)|tbsp Oil/Ghee|tsp Cumin Seeds (Jeera)|tsp Ginger (chopped)|Green Chilies (chopped)|tsp Turmeric Powder|tsp Red Chili Powder|tsp Amchur (Dry Mango Powder)|tsp Salt|tbsp Chopped Coriander|tsp Lemon Juice,4.9,60,250,""NA"",""NA"",""NA"",""NA"",""NA"",""NA"",""NA"",""NA"",4,""4 servings"",""**Ingredients:** 3 Potatoes (boiled/cubed), 2 tbsp Oil/Ghee, 1 tsp Cumin Seeds, 1 tsp Ginger (chopped), 1 tsp Green Chillies (chopped), 0.5 tsp Turmeric, 0.5 tsp Red Chili Powder, 0.5 tsp Amchur, Salt, Coriander, 1 tsp Lemon Juice. **Instructions:** 1. **Boil/Prep:** Boil potatoes until fork tender, peel, and cube. 2. **Tempering:** Heat oil/ghee. Add cumin seeds and let them crackle. Add green chillies and chopped ginger (and optional crushed coriander seeds). SautÃ© briefly. 3. **SautÃ© Potatoes:** Add the cubed boiled potatoes. Toss gently with the spices. 4. **Season:** Add turmeric, red chili powder, amchur, and salt. Toss gently to coat. Cook for 2-3 minutes. 5. **Finish:** Stir in chopped coriander leaves and squeeze fresh lemon juice over the top. Serve hot with puri, roti, or as a side with dal-rice.""",
"10005,""Tandoori Fish Tikka"",14005,""North Indian Starter"",PT10M,PT20M,PT30M,2019-08-18,""Chunks of firm white fish marinated in a spiced yogurt blend (ginger, garlic, lime, ground spices) and traditionally cooked in a tandoor, but easily prepared in a grill or oven until smoky and tender."",""[Placeholder for Image URL]"",Appetizer|Tandoori|Non-Vegetarian|Indian,""Fish Tikka|Tandoori|Yogurt|Grilled|Kebab"",1|4|2|2|1|1|1|1|1|1|1|1|1|1|1,lb Fish Fillets (cubed)|tbsp Greek Yogurt (thick)|tsp Ginger Garlic Paste|tbsp Lemon Juice|tsp Kashmiri Red Chili Powder|tsp Cumin Powder|tsp Coriander Powder|tsp Garam Masala|tsp Turmeric|tsp Salt|tsp Chickpea Flour (Besan, optional)|tbsp Oil|tbsp Melted Butter (for basting),4.8,22,250,""NA"",""NA"",""NA"",""NA"",""NA"",""NA"",""NA"",""NA"",4,""4 servings"",""**Ingredients (Fish & Marinade):** 1 lb Fish Fillets, 4 tbsp Greek Yogurt, 2 tsp Ginger Garlic Paste, 2 tbsp Lemon Juice, 1 tsp Kashmiri Red Chili Powder, 1 tsp Cumin Powder, 1 tsp Coriander Powder, 0.5 tsp Garam Masala, 0.5 tsp Turmeric, 1 tsp Salt, 1 tsp Chickpea Flour, 1 tbsp Oil. **Instructions:** 1. **Prep/Marinate:** Pat fish dry. In a bowl, combine all marinade ingredients. Toss the fish cubes, along with large chunks of onion and bell pepper (optional), until completely coated. Marinate for 15-20 minutes (no longer, as fish cooks quickly). 2. **Skewer/Grill:** Soak wooden skewers in water. Thread the fish pieces onto the skewers. Preheat the grill to medium-high or oven to $400^{\circ}\text{F}$ ($200^{\circ}\text{C}$). 3. **Cook:** Grill or bake for 10-12 minutes, or until the fish is just cooked through. Baste with melted butter halfway through. 4. **Serve:** Sprinkle with chaat masala and fresh lemon juice. Serve hot with mint chutney.""",
"10006,""Kadai Paneer"",14006,""North Indian Curry"",PT20M,PT20M,PT40M,2023-07-21,""A popular North Indian curry characterized by a rich, semi-dry gravy made with paneer (cottage cheese), onions, and bell peppers (capsicum), flavored intensely with a freshly ground spice blend called Kadai Masala."",""[Placeholder for Image URL]"",Main Dish|Curry|North Indian|Vegetarian,""Kadai Paneer|Paneer|Karahi|Bell Pepper|Kadai Masala"",250|2|1|1|1|1|1|1|1|1|1|1|1|1|1|1,grams Paneer (cubed)|medium Onion (cubed)|cup Bell Pepper (cubed)|tbsp Oil/Ghee (divided)|tsp Ginger Garlic Paste|cup Tomato Puree/Chopped|tsp Turmeric Powder|tsp Red Chili Powder|tsp Garam Masala|tsp Salt|tsp Kasuri Methi|cup Water/Cream|tbsp Kadai Masala (Freshly Ground)|tbsp Cream (optional),4.8,55,250,""NA"",""NA"",""NA"",""NA"",""NA"",""NA"",""NA"",""NA"",4,""4 servings"",""**Ingredients (Kadai Masala - Ground Fresh):** 1.5 tbsp Coriander Seeds, 1 tsp Cumin, 1 tsp Fennel, 2 Dried Red Chillies, 0.5 tsp Black Peppercorns. **Ingredients (Curry):** 250g Paneer (cubed), 2 Onions (cubed/chopped), 1 Bell Pepper (cubed), 2 tbsp Oil/Ghee, 1 tsp Ginger Garlic Paste, 1 cup Tomato Puree, Spices (Turmeric, Chili, Garam Masala), 0.75 cup Water/Cream, Salt. **Instructions:** 1. **Kadai Masala:** Dry roast all Kadai Masala spices until fragrant. Cool and grind to a coarse powder. 2. **Stir-Fry Veggies:** Heat 1 tbsp oil/ghee. SautÃ© the onion and bell pepper cubes on high heat for 1-2 minutes until bright and lightly crunchy. Remove and set aside. 3. **Gravy Base:** Heat 1 tbsp oil/ghee. SautÃ© finely chopped onion until golden. Add ginger garlic paste and sautÃ©. Add tomato puree, 1 tsp Kadai Masala, turmeric, chili powder, and salt. Cook until oil separates. 4. **Combine:** Add water (or cream) and bring to a simmer. Add the sautÃ©ed onion/bell pepper cubes and the paneer cubes. Mix gently. 5. **Finish:** Add remaining Kadai Masala, crushed Kasuri Methi, and cream (if using). Cook for 2 minutes and serve hot with naan or roti.""",
,
,
"10007,""Currivepillai Sadam (Curry Leaves Rice)"",15001,""Tamil Cuisine"",PT15M,PT20M,PT35M,2024-08-29,""A highly aromatic, flavored South Indian rice dish from Tamil Nadu, known for its abundant use of fresh curry leaves blended with roasted lentils and spices."",""[Placeholder for Image URL]"",Main Dish|Rice|South Indian|Vegetarian,""Curry Leaves|Sadam|Flavored Rice|Tamil|Herbal"",1|3|1.5|1.5|1.5|1.5|0.5|1|1|0.5|2|1|1|2|3|1,cup Curry Leaves (fresh)|cups Cooked Rice|tbsp Split Bengal Gram (Chana Dal)|tbsp Split Pigeon Peas (Toor Dal)|tbsp Split Skinless Black Gram (Urad Dal)|tbsp Coriander Seeds|tsp Fenugreek Seeds|tsp Cumin Seeds|tsp Black Peppercorns|tsp White Sesame Seeds|tbsp Sesame Oil (divided)|tsp Mustard Seeds|tsp Asafoetida (Hing)|tbsp Peanuts (roasted)|Dried Red Chillies (whole)|tsp Salt,4.6,15,250,8,""NA"",""NA"",""NA"",""NA"",""NA"",""NA"",8,4,""4 servings"",""**Ingredients (Masala):** 1 cup Curry Leaves, 1.5 tbsp Chana Dal, 1.5 tbsp Toor Dal, 1.5 tbsp Urad Dal, 1.5 tbsp Coriander Seeds, 0.5 tsp Fenugreek Seeds, 1 tsp Cumin Seeds, 1 tsp Black Peppercorns, 1 tsp White Sesame Seeds, Tamarind ball. **Ingredients (Tempering/Rice):** 3 cups Cooked Rice, 2 tbsp Sesame Oil, 1 tsp Mustard Seeds, 1 tsp Urad Dal, 0.25 cup Peanuts, 3 Dried Red Chillies, Salt. **Instructions:** 1. **Dry Roast Masala:** Heat a dry pan. Roast all masala ingredients (dals, seeds, peppercorns) until golden brown. Add curry leaves and tamarind and roast until the leaves are crisp. Cool and grind to a fine powder. 2. **Tempering:** Heat sesame oil. Add hing and mustard seeds. Let them splutter. Add urad dal and peanuts; sautÃ© until light golden. Add curry leaves and dried red chillies. Add the ground powder and mix. 3. **Combine:** Add the cooked rice and salt. Mix gently but thoroughly until the rice is well coated with the spice mixture. Serve hot.""",
"7008,""Chikki (Peanut Jaggery Brittle)"",15002,""Indian Sweet/Brittle"",PT20M,PT10M,PT30M,2022-09-02,""A traditional Indian brittle made from roasted peanuts mixed into a hot, hard-ball consistency jaggery (gur) syrup and set into thin, crunchy slabs."",""[Placeholder for Image URL]"",Dessert|Sweet|Indian|Vegetarian,""Chikki|Peanut|Jaggery|Brittle|Crunchy"",1|0.75|1|1|1,cup Peanuts (roasted/skinned)|cup Jaggery (grated)|tbsp Water|tsp Ghee (optional)|tsp Cardamom Powder (optional),4.8,25,250,8,""NA"",""NA"",""NA"",""NA"",""NA"",""NA"",8,12,""12 pieces"",""**Ingredients:** 1 cup Peanuts (roasted/skinned), 0.75 cup Jaggery (grated), 1 tbsp Water, 1 tsp Ghee (optional). **Instructions:** 1. **Prep:** Ensure peanuts are roasted, skinned, and either kept whole or coarsely crushed. Grease a flat surface/tray and a rolling pin with ghee. 2. **Make Syrup:** In a heavy-bottomed pan, add jaggery and water. Melt on low flame, stirring constantly. Add ghee (if using). 3. **Check Consistency:** Boil the syrup until it reaches a **hard-ball consistency** (when a drop of syrup is added to cold water, it should form a hard ball that breaks with a sharp snap/crack). 4. **Combine:** Immediately turn off the flame. Quickly add the peanuts (and cardamom powder, if using) and mix well so the syrup evenly coats the nuts. 5. **Set:** Pour the hot mixture onto the greased surface. Roll quickly and evenly to desired thickness (about 6-8mm). While still warm, score the mixture into squares or rectangles. Cool completely before breaking into pieces.""",
"7009,""Chicken Tikka"",15003,""North Indian Starter"",PT15M,PT1H 10M,PT1H 25M,2024-05-09,""Cubes of boneless chicken marinated in a spiced Greek yogurt blend (ginger, garlic, lime, ground spices) and traditionally cooked on skewers in a tandoor, resulting in tender, smoky chicken."",""[Placeholder for Image URL]"",Appetizer|Tandoori|Non-Vegetarian|Indian,""Chicken Tikka|Tandoori|Grilled|Kebab|Spicy"",1.5|0.5|1|1|1|1|1|1|1|1|1|1|1|1,lbs Boneless Chicken (cubed)|cup Greek Yogurt (Hung Curd)|tbsp Ginger Garlic Paste|tbsp Lemon Juice|tsp Kashmiri Red Chili Powder|tsp Cumin Powder|tsp Coriander Powder|tsp Garam Masala|tsp Turmeric|tsp Salt|tsp Kasuri Methi|tbsp Oil (divided for marinade/cooking),4.9,40,250,8,""NA"",""NA"",""NA"",""NA"",""NA"",""NA"",8,4,""4 servings"",""**Ingredients (Chicken & Marinade):** 1.5 lbs Boneless Chicken, 0.5 cup Greek Yogurt, 1 tbsp Ginger Garlic Paste, 1 tbsp Lemon Juice, 1 tsp Kashmiri Red Chili Powder, 1 tsp Cumin Powder, 1 tsp Coriander Powder, 0.5 tsp Garam Masala, 0.25 tsp Turmeric, 1 tsp Salt, 1 tsp Kasuri Methi, 1 tbsp Oil. **Instructions:** 1. **Marinate:** Pat chicken pieces dry. In a bowl, combine yogurt, oil, lemon juice, ginger garlic paste, and all dry spices. Mix well. Add chicken cubes and toss to coat thoroughly. Marinate for at least 1 hour (up to overnight) in the refrigerator. 2. **Skewer/Grill:** Thread the marinated chicken onto skewers (soak wooden skewers first). Preheat oven to $460^{\circ}\text{F}$ ($240^{\circ}\text{C}$) or preheat grill/skillet. 3. **Cook:** Grill or bake the chicken for 18-20 minutes total (or 3-4 minutes per side in a hot skillet), turning once or twice, until the chicken is cooked through and lightly charred. 4. **Serve:** Baste with melted butter (optional). Serve hot with mint chutney and a sprinkle of chaat masala.""",
"7010,""Zunka (Maharashtrian Besan Dry Curry)"",15004,""Maharashtrian Cuisine"",PT20M,PT10M,PT30M,2025-05-23,""A traditional Maharashtrian dry side dish made from chickpea flour (besan) cooked down with sautÃ©ed onions, ginger, garlic, and spices, resulting in a thick, crumbly, and savory texture."",""[Placeholder for Image URL]"",Side Dish|Maharashtrian|Vegetarian|Dry Curry,""Zunka|Jhunka|Besan|Dry Sabji|Chickpea Flour"",1|1|4|0.5|0.5|2|2|1|1|1,cup Besan (Chickpea Flour)|cup Warm Water|tbsp Oil|tsp Mustard Seeds|tsp Cumin Seeds|tsp Chopped Garlic|tsp Chopped Ginger|tsp Chopped Green Chillies|cup Chopped Onion|tsp Turmeric Powder|tsp Salt|tbsp Chopped Coriander,4.7,20,250,8,""NA"",""NA"",""NA"",""NA"",""NA"",""NA"",8,3,""3 servings"",""**Ingredients:** 1 cup Besan, 1 cup Warm Water, 4 tbsp Oil, 0.5 tsp Mustard Seeds, 0.5 tsp Cumin Seeds, 2 tsp Chopped Garlic, 2 tsp Chopped Ginger, 1 tsp Green Chillies, 0.5 cup Chopped Onion, 0.5 tsp Turmeric, 1 tsp Salt, Coriander. **Instructions:** 1. **Tempering:** Heat oil in a pan over medium heat. Add mustard seeds and cumin seeds; let them crackle. Add a pinch of asafoetida (hing), chopped garlic, ginger, and green chillies. SautÃ© until fragrant. 2. **SautÃ© Onion/Spices:** Add chopped onion and sautÃ© until pink/soft. Add turmeric powder and a pinch of chili powder (optional). Cook for 1 minute. 3. **Add Besan:** Reduce heat to low. Add the besan and 1 tsp salt. SautÃ© the besan for 3-4 minutes until it becomes fragrant and turns light golden brown. 4. **Cook Zunka:** Gradually sprinkle the warm water over the mixture in small batches (do not pour all at once), stirring constantly. The mixture will start clumping and form a thick mass. 5. **Steam/Finish:** Cover and cook on low heat for 5 minutes until the besan is fully cooked and crumbly. Mash any lumps with the back of a spoon. Garnish with chopped coriander and serve hot with bhakri or roti.""",
"7011,""Samosa (Aloo Samosa)"",15005,""Traditional Indian Snack"",PT20M,PT40M,PT60M,2025-07-19,""The classic Indian deep-fried pastry snack with a savory and spiced potato and green pea filling."",""[Placeholder for Image URL]"",Snack|Indian|Vegetarian|Deep Fried,""Samosa|Potato|Peas|Fried|Snack|Indian"",2|1|6|1|1|1|6|7|3|0.5|1|2|2|1|0.5|0.5|0.5,cups All-Purpose Flour (Maida)|tsp Carom Seeds (Ajwain)|tbsp Ghee (for dough)|tsp Salt (for dough)|tbsp Water (approx.)|tbsp Oil (for filling)|tsp Cumin Seeds (for filling)|tsp Chopped Ginger (for filling)|medium Potatoes (boiled and chopped)|cup Green Peas|tsp Green Chillies (finely chopped)|tsp Coriander Seeds (toasted and crushed)|tsp Coriander Powder|tsp Red Chili Powder|tsp Amchoor (Dry Mango Powder)|Salt to taste (for filling)|Oil for deep frying,4.8,55,250,8,""NA"",""NA"",""NA"",""NA"",""NA"",""NA"",8,9,""10 Samosas"",""**Ingredients (Dough):** 2 cups Maida, 1 tsp Ajwain, 1 tsp Salt, 6 tbsp Ghee, Water. **Ingredients (Filling):** 3 Potatoes (boiled/chopped), 0.5 cup Peas, 1 tbsp Oil, 0.5 tsp Cumin Seeds, 1 tsp Ginger, 2 tsp Green Chillies, 2 tsp Crushed Coriander Seeds, 1 tsp Red Chili Powder, 0.5 tsp Amchoor, Salt. **Instructions:** 1. **Dough:** Mix flour, Ajwain, salt, and ghee until crumbly. Knead into a **firm, tight** dough. Rest for 20 minutes. 2. **Filling:** SautÃ© cumin, ginger, and green chillies in oil. Add peas and all spices. Cook. Add potatoes and mash slightly. Cool completely. 3. **Shape:** Roll dough into ovals. Cut in half. Form a cone using water to seal the straight edge. Stuff with filling and seal the third side to form a triangle. 4. **Fry:** Deep fry the samosas on **low to medium heat** until golden brown and crisp (slow frying is key for texture). Serve with chutney.""",
"7012,""Brown Rice (Stovetop Method)"",15006,""General Cuisine"",PT45M,PT5M,PT50M,2024-05-27,""A simple, healthy recipe for cooking fluffy, separate brown rice on the stovetop using the water-absorption method."",""[Placeholder for Image URL]"",Side Dish|Rice|Whole Grain|Vegan,""Brown Rice|Whole Grain|Stovetop|Basic"",1|2.5|1|1,cup Long-Grain Brown Rice|cups Water (or Broth)|tsp Salt (optional)|tbsp Butter/Oil (optional),4.6,30,250,8,""NA"",""NA"",""NA"",""NA"",""NA"",""NA"",8,3,""3 cups cooked rice"",""**Ingredients:** 1 cup Brown Rice, 2.5 cups Water (or Broth), 1 tsp Salt (optional). **Instructions:** 1. **Rinse:** Rinse the brown rice. 2. **Combine:** Combine the rinsed rice, water/broth, and salt/butter (if using) in a medium saucepan. 3. **Cook:** Bring to a simmer, uncovered. Once simmering, reduce the heat to **low** (to maintain a gentle simmer), cover the pot with a tight-fitting lid, and cook undisturbed for **45 minutes**. 4. **Rest:** Remove the pan from the heat, leave the lid on, and let it sit for **10 minutes** to finish steaming. 5. **Fluff:** Fluff the rice with a fork before serving.""",
,
,
"11002,Khichu,15008,""Gujarati Snack"",PT15M,PT5M,PT20M,2022-02-03,""A traditional Gujarati steamed snack made from rice flour dough cooked in boiling water seasoned with spices like cumin, carom (ajwain), and green chilies, often served with raw oil (kachcha tel) and pickle masala."",""[Placeholder for Image URL]"",Snack|Steamed|Gujarati|Vegetarian,""Khichu|Kichu|Rice Flour|Steamed Dough"",1.5|3|1|0.5|1|1|1|1|0.25|1|1,cups Rice Flour|cups Water|tsp Cumin Seeds|tsp Carom Seeds (Ajwain)|tbsp Ginger-Chili Paste|tsp Sesame Seeds (Til)|tsp Salt|tsp Cooking Soda (Papad Khar)|tbsp Peanut Oil (for serving)|tbsp Pickle Masala (Achar Masala, for serving),4.5,15,250,8,""NA"",""NA"",""NA"",""NA"",""NA"",""NA"",8,4,""4 servings"",""**Ingredients:** 1.5 cups Rice Flour, 3 cups Water, 1 tsp Cumin Seeds, 0.5 tsp Ajwain, 1 tbsp Ginger-Chili Paste, 1 tsp Sesame Seeds, Salt, 0.25 tsp Cooking Soda/Papad Khar, Peanut Oil/Pickle Masala for serving. **Instructions:** 1. **Boil Water:** Bring 3 cups of water to a rolling boil. Add cumin seeds, ajwain, salt, ginger-chili paste, and sesame seeds. Boil for 7-8 minutes. 2. **Add Flour:** Add the cooking soda (Papad Khar) to the boiling water, mix quickly, and immediately add the rice flour **slowly**. Stir vigorously with a wooden rolling pin or spatula to prevent lumps. 3. **Form Dough:** Keep stirring on low flame until the mixture comes together like a smooth, lump-free dough. 4. **Steam (Optional):** Transfer the mixture to a greased steamer plate and steam for 10-12 minutes. 5. **Serve:** Serve the hot khichu immediately on a plate, sprinkling with raw peanut oil and pickle masala (methi masala).""",
"11003,""Sabudana Khichadi"",15009,""Maharashtrian/Fasting Snack"",PT10M,PT4H 30M,PT4H 40M,2023-10-16,""A popular Maharashtrian snack (often eaten during fasts/Vrat) made from soaked tapioca pearls (sabudana) sautÃ©ed with potatoes, peanuts, chilies, and flavored with cumin and lemon juice."",""[Placeholder for Image URL]"",Snack|Maharashtrian|Vegetarian|Gluten-Free,""Sabudana|Khichdi|Fasting Food|Vrat|Tapioca Pearls"",1|0.75|0.5|2|1|1|1|1|1|1|1|1|1,cup Sabudana (Tapioca Pearls)|cup Peanuts (roasted/coarsely crushed)|cup Water (for soaking)|tbsp Oil/Ghee|tsp Cumin Seeds|tsp Chopped Ginger|tsp Chopped Green Chillies|medium Potato (boiled/cubed)|tsp Salt|tsp Sugar (optional)|tbsp Lemon Juice|tbsp Chopped Coriander,4.9,55,250,8,""NA"",""NA"",""NA"",""NA"",""NA"",""NA"",8,2,""2 servings"",""**Ingredients:** 1 cup Sabudana, 0.75 cup Peanuts (crushed), 2 tbsp Oil/Ghee, 1 tsp Cumin Seeds, 1 tsp Chopped Ginger, 1 tsp Green Chillies, 1 Potato (boiled/cubed), 1 tsp Salt, 1 tbsp Lemon Juice, 1 tsp Sugar (optional), Coriander, Curry Leaves (optional). **Instructions:** 1. **Soak:** Rinse sabudana thoroughly 2-3 times to remove starch. Soak in 0.75 cup water for 4-6 hours until soft (no water should be left at the bottom). 2. **Prep:** Roast peanuts, crush coarsely. Mix soaked sabudana with crushed peanuts, salt, and sugar (if using). 3. **Tempering:** Heat oil/ghee. Add cumin seeds, green chillies, and ginger. SautÃ© briefly. Add curry leaves (if using). 4. **SautÃ©:** Add the boiled potato cubes and sautÃ© for 2 minutes. 5. **Combine:** Add the sabudana-peanut mixture to the pan. SautÃ© gently on high heat for 2-3 minutes until the pearls turn translucent. **Do not overcook, or they will turn sticky.** 6. **Finish:** Immediately remove from heat. Stir in lemon juice and chopped coriander.""",
"11004,""Bisi Bele Bath"",15010,""Karnataka/South Indian"",PT20M,PT30M,PT50M,2022-02-22,""A wholesome, signature hot lentil-rice dish from Karnataka ('Hot Lentil Rice'), cooked with mixed vegetables, tamarind, and a distinct spice powder (Bisi Bele Bath Masala), and finished with a tempering."",""[Placeholder for Image URL]"",Main Dish|Rice|South Indian|Vegetarian,""Bisi Bele Bath|Sambar Sadam|Karnataka|One-Pot|Tamarind"",0.75|0.25|1|1|1|1|1|1|1|1|1|1|1|1|1,cup Rice|cup Toor Dal|cup Mixed Vegetables (cubed)|tbsp Bisi Bele Bath Powder|small Tamarind ball|tsp Jaggery (Gur)|tsp Turmeric|tsp Salt|cup Water (approx.)|tbsp Ghee (divided)|tsp Mustard Seeds|sprig Curry Leaves|Cashews (broken)|pinch Asafoetida (Hing),4.7,30,250,8,""NA"",""NA"",""NA"",""NA"",""NA"",""NA"",8,4,""4 servings"",""**Ingredients (Base):** 0.75 cup Rice, 0.25 cup Toor Dal, 1 cup Mixed Vegetables, 3 tbsp Bisi Bele Bath Powder, Tamarind ball (soaked), 1.5 tsp Jaggery, 0.5 tsp Turmeric, Salt, Water. **Ingredients (Tempering):** 2 tbsp Ghee, 0.5 tsp Mustard Seeds, 1 sprig Curry Leaves, Cashews, Hing. **Instructions:** 1. **Cook Base:** Cook rice and toor dal together with turmeric and 4 cups of water in a pressure cooker until soft and mushy (5-6 whistles). Mash lightly. 2. **Cook Veggies:** SautÃ© vegetables in 1 tsp ghee. Add water and cook until half done. 3. **Flavor:** Add extracted tamarind pulp, jaggery, Bisi Bele Bath Powder, and salt to the veggies. Simmer for 5-7 minutes. 4. **Combine:** Add the mashed rice-dal mixture and a little water to the cooked vegetables. Mix gently until well combined and the consistency is soupy (it thickens as it cools). Simmer for 5 minutes. 5. **Temper:** Heat remaining ghee. Add mustard seeds, let them splutter. Add curry leaves, cashews, and hing. Fry until cashews are golden. Pour the hot tempering over the Bisi Bele Bath. Garnish with coriander.""",
"11005,Panjeeri,15011,""North Indian Sweet"",PT30M,PT10M,PT40M,2025-08-01,""A traditional North Indian, highly nutritious sweet made from roasted whole wheat flour, semolina, and edible gum (gond), mixed with various roasted nuts, seeds, and powdered sugar or jaggery."",""[Placeholder for Image URL]"",Dessert|Sweet|North Indian|Vegetarian,""Panjiri|Atta|Ghee|Nuts|Postpartum"",1|0.75|0.5|0.25|1|1|1|1,cup Whole Wheat Flour (Atta)|cup Powdered Sugar/Jaggery|cup Ghee (Clarified Butter)|cup Semolina (Sooji)|tbsp Edible Gum (Gond)|cup Mixed Nuts/Seeds (Almonds, Cashews, Melon Seeds, etc.)|tsp Cardamom Powder|tsp Dried Ginger Powder (Sonth),4.8,12,250,8,""NA"",""NA"",""NA"",""NA"",""NA"",""NA"",8,8,""8 servings"",""**Ingredients:** 1 cup Atta, 0.75 cup Powdered Sugar/Jaggery, 0.5 cup Ghee (divided), 0.25 cup Semolina, Edible Gum (Gond), Mixed Nuts/Seeds, Cardamom Powder, Dried Ginger Powder. **Instructions:** 1. **Roast Nuts/Gond:** Heat 2 tbsp ghee. Fry edible gum crystals (Gond) until they puff up completely. Remove. Fry nuts and seeds until lightly golden and aromatic. Remove. Pulse/coarsely chop all fried ingredients. 2. **Roast Flours:** Add remaining ghee. Roast semolina (sooji) until golden brown (5-7 minutes). Add whole wheat flour (Atta) and roast for 15-20 minutes on low heat, stirring constantly, until the flour turns deep golden brown and is aromatic. 3. **Combine:** Remove roasted flour mixture from heat. Let it cool slightly. 4. **Mix:** Add the powdered sugar/jaggery, pulsed nuts/gond, cardamom powder, and dried ginger powder (Sonth). Mix all ingredients thoroughly. 5. **Serve/Store:** Cool completely. Store in an airtight container. Serve warm in winter or as a nutritional snack.""",
"11006,""Shahi Tukra"",15012,""Mughlai Dessert"",PT25M,PT10M,PT35M,2023-01-24,""A rich, regal Mughlai bread pudding where deep-fried or shallow-fried bread slices are dipped in sugar syrup, soaked in thick, cardamom-saffron infused milk (rabri), and garnished with nuts."",""[Placeholder for Image URL]"",Dessert|Sweet|Mughlai|Vegetarian,""Shahi Tukra|Bread Pudding|Rabri|Saffron|Royal"",8|5|1|1|1|1|0.5|1|1,slices White Bread|cups Milk (whole fat)|cup Sugar (for syrup)|cup Water (for syrup)|cup Cream (optional for richness)|tsp Cardamom Powder|pinch Saffron Strands|tbsp Ghee (for frying/shallowing frying)|Almonds/Pistachios (sliced for garnish),4.9,33,250,8,""NA"",""NA"",""NA"",""NA"",""NA"",""NA"",8,4,""4 servings"",""**Ingredients (Milk/Rabri):** 5 cups Milk, 1 tsp Cardamom Powder, pinch Saffron, 0.5 cup Cream (optional). **Ingredients (Bread):** 8 Slices Bread, Ghee/Oil for frying. **Ingredients (Syrup):** 1 cup Sugar, 1 cup Water. **Instructions:** 1. **Make Rabri (Thickened Milk):** In a heavy-bottomed pan, simmer milk with saffron and cardamom powder for 10-15 minutes until it reduces slightly and turns a light yellow. Add sugar (optional). Stir in cream and let it simmer for 2 more minutes. Keep warm. 2. **Fry Bread:** Cut bread crusts off and cut into triangles. Shallow fry in ghee until golden brown and crispy. Drain excess ghee. 3. **Soak Bread:** In a separate pan, prepare a light sugar syrup with 1 cup sugar and 1 cup water. Dip the fried bread slices briefly into the sugar syrup, just enough to coat them. 4. **Assemble:** Arrange the dipped bread slices in a serving dish. Pour the warm thickened milk (Rabri) over the slices. Let the bread soak for a few minutes. 5. **Serve:** Garnish generously with sliced almonds and pistachios. Serve warm or chilled.""",
,
"12001,""Sevai (Rice Noodles/String Hoppers)"",16001,""South Indian/Tamil Cuisine"",PT10M,PT10M,PT20M,2016-08-16,""Thin rice noodles (vermicelli or string hoppers) made from rice flour dough, pressed through a mould, and typically seasoned or served with coconut milk/curry."",""[Placeholder for Image URL]"",Breakfast|Steamed|South Indian|Gluten-Free,""Sevai|Noodles|String Hoppers|Rice"",1|1.3|1|1,cup Rice Flour|cups Hot Water|tsp Salt|tsp Oil (for greasing),4.7,28,250,8,""NA"",""NA"",""NA"",""NA"",""NA"",""NA"",8,4,""4 servings"",""**Ingredients:** 1 cup Rice Flour, 1.25-1.3 cups Hot Water, 0.25 tsp Salt, 2 tsp Oil (for greasing). **Instructions (Basic Sevai from Scratch):** 1. **Roast Flour (Optional):** Lightly roast rice flour on low heat for 4-5 minutes until steaming. 2. **Make Dough:** Bring water and salt to a boil (water must be hot). Pour hot water into the flour and mix. When tolerable, knead the mixture into a **smooth, soft dough** (must be warm). 3. **Press & Steam:** Grease the Sevai maker and idli plates. Fill the press with the warm dough and press the noodle strings directly onto the prepared plates. 4. **Cook:** Steam the idiyappam for 8-10 minutes. 5. **Serve:** Serve plain with sweetened coconut milk, or season with oil, mustard seeds, curry leaves, and lemon juice for a savory variation.""",
"12002,""Sandige (Rice/Sabudana Fryums)"",16002,""Karnataka/South Indian Snack"",PT20M,PT1H 0M,PT24H 20M,2015-07-05,""Crispy, sun-dried fritters (fryums) or wafer-like snacks, typically made from a batter of rice flour or tapioca pearls (sabudana) and seasoned with cumin, chilies, and asafoetida."",""[Placeholder for Image URL]"",Snack|Fryums|South Indian|Vegetarian,""Sandige|Vadam|Fryums|Sun-Dried|Sabudana|Rice"",1|7|1|1|1|1|1|1,cup Rice Flour (or Sabudana)|cups Water|tsp Salt|tsp Asafoetida (Hing)|Green Chillies (crushed)|tsp Cumin Seeds (Jeera)|Oil for deep frying|Plastic sheet for drying,4.5,10,250,8,""NA"",""NA"",""NA"",""NA"",""NA"",""NA"",8,4,""40 pieces (dried)"",""**Ingredients:** 1 cup Rice Flour, 7 cups Water, 1 tsp Salt, 1 tsp Hing, 8-10 Green Chillies (crushed), 1 tsp Cumin Seeds. **Instructions (Rice Sandige - Boiling Method):** 1. **Prep Batter:** Mix 1 cup rice flour with 1 cup cold water to form a smooth paste. Bring remaining water to a boil in a large pot. 2. **Cook:** Add the rice flour paste, crushed green chilies, salt, and hing to the boiling water. Cook, stirring constantly, for 15-20 minutes until the mixture thickens to a flowing, porridge-like consistency. Turn off heat. 3. **Form/Dry:** Spread a clean plastic sheet outdoors under the **bright sun**. Spoon the hot mixture onto the sheet, forming small rounds (1-inch diameter). Let them dry completely under the sun for 1-2 days until they shrink and become hard/translucent. 4. **Fry:** Once fully dry, deep fry in hot oil until they puff up to double their size. Serve as a side dish.""",
"12003,""Paneer Tikka Masala"",16003,""North Indian/Restaurant Style"",PT40M,PT20M,PT1H 0M,2025-09-26,""A popular vegetarian curry where marinated, grilled, or pan-fried paneer (tikka) pieces are simmered in a rich, creamy, tomato-onion gravy seasoned with aromatic ground spices."",""[Placeholder for Image URL]"",Main Dish|Curry|North Indian|Vegetarian,""Paneer|Tikka|Masala|Creamy|Grilled"",250|0.5|2|1|1|1|1|1|1|1|1|1|1|1|1|1,grams Paneer (cubed)|cup Greek Yogurt (for marination)|medium Onion (cubed for marination)|medium Bell Pepper (cubed for marination)|tbsp Ginger Garlic Paste|tsp Kashmiri Red Chili Powder|tsp Cumin Powder|tsp Coriander Powder|tsp Garam Masala|tbsp Oil/Ghee (for sautÃ©ing)|cup Tomato Puree|cup Heavy Cream|tsp Kasuri Methi,4.9,35,250,8,""NA"",""NA"",""NA"",""NA"",""NA"",""NA"",8,4,""4 servings"",""**Ingredients (Marinade):** 250g Paneer cubes, 0.5 cup Greek Yogurt, 1 tbsp Ginger Garlic Paste, 1 tsp Kashmiri Red Chili, 1 tsp Cumin Powder, 1 tsp Coriander Powder, 0.5 tsp Garam Masala, Salt. **Ingredients (Gravy):** 2 tbsp Oil/Ghee, 1 cup Onion (pureed), 1 cup Tomato Puree, Spices, 0.5 cup Heavy Cream, 1 tsp Kasuri Methi. **Instructions:** 1. **Marinate/Grill:** Mix all marinade ingredients. Toss paneer, onion, and bell pepper cubes in the marinade. Let sit for 15-20 minutes. Grill/pan-fry the pieces until lightly browned and set. 2. **Make Gravy:** SautÃ© onion paste in oil/ghee until golden. Add ginger garlic paste. Add tomato puree and cook until the oil separates. 3. **Spice/Simmer:** Add all dry spices (Chili, Turmeric, Coriander, Garam Masala) and cook briefly. Add water (if needed). Simmer until the gravy thickens. 4. **Finish:** Stir in heavy cream and crushed kasuri methi. Add the grilled paneer tikka pieces. Simmer for 2 minutes and serve hot.""",
"12004,Pakhala,16004,""Odia/Eastern Indian Staple"",PT10M,PT12H 0M,PT12H 10M,2025-06-26,""A cooling, traditional Odia dish of cooked rice soaked in water, often allowed to ferment overnight (Basi Pakhala) and flavored with yogurt (dahi), ginger, chilies, and roasted cumin."",""[Placeholder for Image URL]"",Main Dish|Rice|Odia|No-Cook,""Pakhala|Fermented Rice|Odia|Dahi|Summer Staple"",1|6|1|1|1|1|1|1,cup Cooked Rice (medium grain)|cups Water (approx.)|tsp Sour Curd (Dahi, for starter)|tsp Roasted Cumin Powder|tsp Chopped Ginger|Green Chilies (chopped)|Onion/Shallots (chopped)|tsp Salt,4.7,18,250,8,""NA"",""NA"",""NA"",""NA"",""NA"",""NA"",8,2,""1 large serving"",""**Ingredients:** 1 cup Cooked Rice, 6 cups Water, 1 tsp Sour Curd (starter), 1 tsp Roasted Cumin Powder, 1 tsp Chopped Ginger, 1 Green Chili (chopped), 1 small Onion (chopped), Salt. **Instructions (Basi Pakhala - Fermented):** 1. **Prep Rice:** Cook the rice until soft. Let it cool completely. 2. **Ferment:** Transfer the cooled rice to a clay pot or large bowl. Add water to cover the rice by 1-2 cm. Gently stir in the curd starter. Cover and leave to ferment for 10-12 hours (or overnight) at room temperature. 3. **Flavor:** Once fermented (the water will be cloudy/slightly sour), add the roasted cumin powder, chopped ginger, chopped green chili, chopped onion, and salt. Mix gently. 4. **Serve:** Serve chilled or at room temperature with sides like fried fish, crushed badi (lentil fritters), or saga bhaja (sautÃ©ed greens). **(Saja Pakhala - Fresh):** Skip fermentation and mix fresh cooked rice with chilled water, curd, and all the seasonings.""",
"12005,""Masor Koni (Fish Egg Fritter Curry)"",16005,""Assamese Cuisine"",PT30M,PT15M,PT45M,2020-06-28,""An Assamese dish featuring fish roe (eggs) prepared either as pan-fried fritters (bora/pakoda) or simply cooked down in a light, watery gravy (jul) with potatoes, onions, and basic spices."",""[Placeholder for Image URL]"",Main Dish|Curry|Assamese|Non-Vegetarian,""Fish Roe|Fish Egg|Bora|Assamese|Curry"",250|2|3|1|1|1|1|1|1|1|1|1|1|1,grams Fish Eggs (Roe)|medium Potatoes (cubed)|tbsp Mustard Oil (divided)|tsp Turmeric Powder|tsp Red Chili Powder|tsp Ginger Garlic Paste|medium Onion (chopped)|medium Tomato (chopped)|tsp Garam Masala|cup Water|tsp Salt|tsp Rice Flour/Besan (for binding fritters),4.5,10,250,8,""NA"",""NA"",""NA"",""NA"",""NA"",""NA"",8,3,""3 servings"",""**Ingredients (Fritters/Bora):** 250g Fish Roe, Salt, 0.25 tsp Turmeric, 1 tsp Rice Flour/Besan, 1 chopped Onion, 1 chopped Green Chili, Mustard Oil for frying. **Ingredients (Curry):** 2 Potatoes, 3 tbsp Mustard Oil, 1 Bay Leaf, 0.5 tsp Turmeric, 0.25 tsp Red Chili Powder, 1 Onion (chopped), 1 Tomato (chopped), 1 tsp Garam Masala, 1 cup Water, Salt. **Instructions:** 1. **Fritters:** Wash fish roe. Mix with salt, turmeric, rice flour/besan, chopped onion, and chili. Fry spoonfuls of the mixture on low heat until golden brown and cooked through (these are the 'koni bora'). Set aside. 2. **Curry Base:** Fry potato cubes in the remaining oil until golden. Remove. In the same oil, add a bay leaf and chopped onion. SautÃ© until translucent. Add turmeric and red chili powder, and sautÃ©. Add chopped tomato and cook until soft. 3. **Simmer:** Add the fried potatoes, salt, and garam masala. Add 1 cup water. Simmer for 5-6 minutes until potatoes are almost tender. 4. **Finish:** Add the fried fish egg fritters (bora). Simmer for 5 more minutes for them to absorb the gravy. Serve hot with rice.""",
"12006,""Keerai Masiyal (Mashed Greens Curry)"",16006,""Tamil/South Indian Cuisine"",PT15M,PT10M,PT25M,2022-01-20,""A simple, healthy South Indian side dish where fresh greens (Keerai/Spinach) are cooked, mashed, and seasoned with a tempering of oil, mustard seeds, urad dal, and red chili."",""[Placeholder for Image URL]"",Side Dish|South Indian|Vegetarian|Healthy,""Keerai|Spinach|Masiyal|Greens|Mash"",250|1|0.5|1|1|1|1|1|1|1|1|1,grams Fresh Greens (Spinach/Keerai)|tbsp Coconut/Sesame Oil (divided)|tsp Mustard Seeds|tsp Urad Dal (Split Black Gram)|Red Chilies (dried)|sprig Curry Leaves|pinch Asafoetida (Hing)|tsp Cumin Seeds|tsp Turmeric Powder|tsp Salt|Water as needed,4.5,15,250,8,""NA"",""NA"",""NA"",""NA"",""NA"",""NA"",8,4,""4 servings"",""**Ingredients:** 250g Fresh Greens (chopped), 1 tbsp Oil (divided), 0.5 tsp Mustard Seeds, 1 tsp Urad Dal, 2 Dried Red Chilies, 1 sprig Curry Leaves, pinch Hing, 0.5 tsp Cumin Seeds, 0.25 tsp Turmeric Powder, Salt. **Instructions:** 1. **Cook Greens:** Heat 0.5 tbsp oil. Add chopped greens, a pinch of salt, and turmeric. Cook for 2-3 minutes until the greens wilt down completely. Cool the mixture. 2. **Mash/Pulse:** Coarsely mash the cooked greens using a masher or pulse briefly in a mixer. Set aside. 3. **Temper:** Heat remaining 0.5 tbsp oil. Add mustard seeds. Once they splutter, add urad dal and fry until golden. Add dried red chillies, curry leaves, and hing. Fry for a few seconds. 4. **Combine:** Add the mashed greens to the tempering. Mix well and cook on low flame for 2 minutes to blend the flavors. Serve hot with rice and ghee.""",
,
"13001,""Pindi Chana (Amritsari/Spicy Dry Chickpeas)"",17001,""Punjabi/North Indian Cuisine"",PT40M,PT8H 10M,PT8H 50M,2024-12-13,""A famously spicy and tangy North Indian dry curry of chickpeas (chana) boiled with tea and whole spices, then tossed in a potent mix of chole masala and ginger-garlic paste."",""[Placeholder for Image URL]"",Main Dish|Curry|Punjabi|Vegetarian,""Pindi|Chana|Chickpeas|Dry Curry|Spicy"",1.25|3|3|2|2|1|1|1|1|1|1|1|1|1|2|2|2,cups Dried Chickpeas (Kabuli Chana)|cups Water (for soaking/boiling)|tbsp Oil/Ghee|tsp Ginger Garlic Paste|tsp Chole Masala|tsp Garam Masala|tsp Dry Mango Powder (Amchur)|tsp Red Chili Powder|tsp Coriander Powder|Black Tea Bag (or Amla/dried gooseberry)|tsp Black Salt|Whole Spices (Cinnamon, Cardamom, Cloves)|tbsp Lemon Juice,4.9,45,250,""NA"",""NA"",""NA"",""NA"",""NA"",""NA"",""NA"",""NA"",4,""4 servings"",""**Ingredients (Boiling):** 1.25 cups Chickpeas (soaked overnight), 3 cups Water, Black Tea Bag, 1 tsp Black Salt, Whole Spices (Cinnamon, Cardamom, Cloves). **Ingredients (Masala):** 3 tbsp Oil, 2 tsp Ginger Garlic Paste, 2-3 tsp Chole Masala, 1 tsp Garam Masala, 1 tsp Amchur, 0.5 tsp Red Chili Powder, 2 tsp Coriander Powder, 2 tbsp Lemon Juice, Salt. **Instructions:** 1. **Boil Chickpeas:** Soak chickpeas overnight. Pressure cook them with water, whole spices, black salt, and the tea bag until tender (15-20 mins). Discard tea bag/whole spices. Reserve the cooking water. 2. **Make Masala:** Heat oil/ghee. SautÃ© ginger garlic paste until the raw smell disappears. Reduce heat to low. Add all dry spices (Chole Masala, Garam Masala, Amchur, Chili, Coriander). SautÃ© for 1 minute (do not burn). 3. **Combine:** Add the cooked chickpeas and a little reserved water to the pan. Mix well, ensuring the chickpeas are coated with masala. Cook for 5-7 minutes. 4. **Finish:** Stir in lemon juice and serve hot.""",
"13002,""Pani Pitha (Assamese Rice Pancake)"",17002,""Assamese Breakfast"",PT10M,PT5M,PT15M,2020-03-14,""A thin, quick pancake or crepe from Assam, traditionally made with a runny rice flour batter, salt, and sometimes finely chopped onion, and cooked on a flat tawa with minimal oil."",""[Placeholder for Image URL]"",Breakfast|Pancake|Assamese|Vegetarian,""Pani Pitha|Rice Pancake|Assamese Breakfast|Crepe"",1|1|1,cup Rice/Wheat Flour|small Onion (chopped)|tsp Salt|Water as required|Oil for greasing,4.4,8,250,""NA"",""NA"",""NA"",""NA"",""NA"",""NA"",""NA"",""NA"",4,""6-8 Pithas"",""**Ingredients:** 1 cup Rice Flour (or Wheat Flour), Salt to taste, 1 small Onion (finely chopped), Water, Oil for greasing. **Instructions:** 1. **Make Batter:** Combine flour, salt, and chopped onion. Gradually add water, whisking until the batter is thin, with a flowing/runny consistency (like a thin cake batter). 2. **Cook:** Heat a flat pan/tawa over medium heat. Lightly grease with oil. 3. **Spread:** Pour a medium scoop of batter onto the pan and quickly spread in a circular motion to form a thin circle. Reduce the flame to low. 4. **Finish:** Cover and cook for about 2 minutes. Flip and cook the other side until lightly done. Repeat for remaining batter. Serve hot with potato sabji, chutney, or honey.""",
"13003,""Vada (Medu Vada)"",17003,""South Indian Snack"",PT25M,PT4H 15M,PT4H 40M,2022-06-04,""Soft, fluffy, donut-shaped fritters made from a ground batter of urad dal (black gram lentils), seasoned with ginger, green chilies, and cumin, and deep-fried until crisp."",""[Placeholder for Image URL]"",Snack|Deep Fried|South Indian|Vegetarian,""Vada|Medu Vada|Urad Dal|Fritters|Breakfast"",1|1|1|1|1|1|1|1|1,cup Urad Dal|tsp Ginger (chopped)|Green Chilies (chopped)|tsp Cumin Seeds|tsp Salt|Oil for deep frying|Ice Cold Water (for grinding)|Curry Leaves (chopped)|Onion (chopped, optional),4.9,65,250,""NA"",""NA"",""NA"",""NA"",""NA"",""NA"",""NA"",""NA"",4,""8-10 Vadas"",""**Ingredients:** 1 cup Urad Dal, 1 tsp Ginger, 1 tsp Green Chillies, 0.5 tsp Cumin Seeds, Salt, Oil for frying, Ice Cold Water. **Instructions:** 1. **Soak/Grind:** Soak Urad Dal for 4-5 hours. Drain completely. Grind the dal with ice-cold water (adding only tiny splashes at a time) to a thick, smooth, and fluffy batter. The consistency should be light and thick enough to hold its shape. 2. **Aerate:** Transfer the batter to a bowl. Vigorously whip/beat the batter for 2-3 minutes to incorporate air (the batter should float in water). Add chopped ginger, chillies, cumin seeds, and salt (add onions/curry leaves now, if using). 3. **Shape/Fry:** Wet your hands. Take a small portion of batter, form a ball, and make a hole in the center with your thumb. Gently slide the shaped vadas into medium-hot oil. 4. **Cook:** Fry on medium heat, flipping often, until golden brown and crisp on all sides. Serve hot with sambar and coconut chutney.""",
"13004,Galho,17004,""Naga/North East Indian Khichdi"",PT30M,PT15M,PT45M,2025-09-19,""A wholesome, soupy 'Khichdi' from Nagaland, characterized by rice and lentils cooked until mushy with seasonal vegetables, herbs, and often smoked meat/pork, seasoned with minimal spices for a clean, earthy flavor."",""[Placeholder for Image URL]"",Main Dish|Khichdi|Naga|Non-Vegetarian,""Galho|Naga Khichdi|Smoked Meat|Soupy Rice|Healthy"",1|0.25|4|1|1|1|1|1|1|1,cup Rice (short-grain preferred)|cup Moong Dal (or other lentil)|cups Water|small Onion (chopped)|inch Ginger (chopped)|Green Chilies (slit)|cup Seasonal Vegetables (e.g., beans, carrots)|tsp Turmeric Powder|Smoked Pork/Chicken/Fish (optional)|Salt to taste|Mustard Oil,4.8,12,250,""NA"",""NA"",""NA"",""NA"",""NA"",""NA"",""NA"",""NA"",4,""4 servings"",""**Ingredients:** 1 cup Rice, 0.25 cup Moong Dal, 4 cups Water, 1 Onion, 1 inch Ginger, 3 Green Chillies, 1 cup Vegetables, 1 tsp Turmeric, Salt, 150g Smoked Pork/Meat (optional), 2 tbsp Mustard Oil. **Instructions:** 1. **Prep:** Wash rice and dal thoroughly. Chop all vegetables. Chop/slice smoked meat (if using). 2. **SautÃ©:** Heat mustard oil in a heavy-bottomed pot. Add chopped onion, ginger, garlic, and green chillies. SautÃ© until translucent. Add chopped tomato and cook briefly. Stir in turmeric powder and any unique Naga flavoring (like Axone - optional). 3. **Cook:** Add the washed rice and dal. Add vegetables and smoked meat (if using). Pour in water and add salt. 4. **Simmer:** Bring to a boil. Cover and cook on medium heat for 20-25 minutes, or pressure cook for 2-3 whistles, until the rice and dal are completely soft and mushy (porridge consistency). 5. **Finish:** Stir gently. Check and adjust salt/consistency. Garnish with spring onions and fresh coriander.""",
"13005,""Keri no Ras (Gujarati Mango Pulp)"",17005,""Gujarati Dessert/Staple"",PT10M,PT0M,PT10M,2024-05-04,""A simple, smooth, and sweet mango puree (pulp) from Gujarat, traditionally made with Alphonso or Kesar mangoes and often seasoned with dry ginger (sonth) and ghee for flavor."",""[Placeholder for Image URL]"",Dessert|Sweet|Gujarati|No-Cook,""Aamras|Mango|Keri|Sweet Pulp|Summer Staple"",5|0.5|0.5|1|1|1|1,large Ripe Mangoes (Kesar/Alphonso)|cup Powdered Sugar (optional)|tsp Dry Ginger (Sonth) Powder|pinch Salt (optional for balance)|tbsp Ghee (for serving)|tsp Cardamom Powder (optional),4.7,25,250,""NA"",""NA"",""NA"",""NA"",""NA"",""NA"",""NA"",""NA"",4,""4 servings"",""**Ingredients:** 5-6 Ripe Mangoes, 0.5 cup Powdered Sugar (adjust to taste), 0.5 tsp Dry Ginger Powder (Sonth), pinch Salt, Ghee for serving (optional), Cardamom/Saffron (optional). **Instructions:** 1. **Extract Pulp (Traditional):** Wash and gently squeeze the whole mangoes by hand over a bowl to extract the soft pulp, separating it from the skin and seed. 2. **Puree/Strain:** Pass the pulp through a fine mesh strainer to ensure an ultra-smooth, fiber-free puree (or use a blender). 3. **Season:** Add powdered sugar (only if needed), dry ginger powder, and a pinch of salt. Whisk well until fully incorporated. 4. **Chill/Serve:** Chill the 'Ras' thoroughly. Serve chilled, often with a drizzle of melted ghee on top, alongside hot puris or rotis.""",
"9007,""Keerai Masiyal (Mashed Greens Curry)"",17006,""Tamil/South Indian Cuisine"",PT15M,PT10M,PT25M,2022-01-20,""A simple, healthy South Indian side dish where fresh greens (Keerai/Spinach) are cooked, mashed, and seasoned with a tempering of oil, mustard seeds, urad dal, and red chili."",""[Placeholder for Image URL]"",Side Dish|South Indian|Vegetarian|Healthy,""Keerai|Spinach|Masiyal|Greens|Mash"",250|1|0.5|1|1|1|1|1|1|1|1|1,grams Fresh Greens (Spinach/Keerai)|tbsp Coconut/Sesame Oil (divided)|tsp Mustard Seeds|tsp Urad Dal (Split Black Gram)|Red Chilies (dried)|sprig Curry Leaves|pinch Asafoetida (Hing)|tsp Cumin Seeds|tsp Turmeric Powder|tsp Salt|Water as needed,4.5,15,250,""NA"",""NA"",""NA"",""NA"",""NA"",""NA"",""NA"",""NA"",4,""4 servings"",""**Ingredients:** 250g Fresh Greens (chopped), 1 tbsp Oil (divided), 0.5 tsp Mustard Seeds, 1 tsp Urad Dal, 2 Dried Red Chilies, 1 sprig Curry Leaves, pinch Hing, 0.5 tsp Cumin Seeds, 0.25 tsp Turmeric Powder, Salt. **Instructions:** 1. **Cook Greens:** Heat 0.5 tbsp oil. Add chopped greens, a pinch of salt, and turmeric. Cook for 2-3 minutes until the greens wilt down completely. Cool the mixture. 2. **Mash/Pulse:** Coarsely mash the cooked greens using a masher or pulse briefly in a mixer. Set aside. 3. **Temper:** Heat remaining 0.5 tbsp oil. Add mustard seeds. Once they splutter, add urad dal and fry until golden. Add dried red chillies, curry leaves, and hing. Fry for a few seconds. 4. **Combine:** Add the mashed greens to the tempering. Mix well and cook on low flame for 2 minutes to blend the flavors. Serve hot with rice and ghee.""",
,
"14001,""Chhena Kheeri (Odia Paneer Kheer)"",18001,""Odia/Eastern Indian Dessert"",PT30M,PT10M,PT40M,2018-04-24,""A simple, creamy kheer (rice pudding-like dessert) from Odisha, made by simmering milk and sugar with crumbled, lightly fried chhena (fresh paneer), and flavored with cardamom and nuts."",""[Placeholder for Image URL]"",Dessert|Sweet|Odia|Vegetarian,""Chhena|Kheeri|Paneer|Kheer|Milk Sweet"",1.5|1|4|2|2|1|1|1|1,litres Whole Milk|tbsp Lemon Juice/Vinegar (for curdling)|tbsp Sugar (divided)|tbsp Cashew Nuts (chopped)|tbsp Ghee/Oil|tsp Cardamom Powder|pinch Saffron (optional),4.6,15,250,8,""NA"",""NA"",""NA"",""NA"",""NA"",""NA"",8,4,""4 servings"",""**Ingredients:** 1.5 litres Whole Milk, 1 tbsp Lemon Juice (diluted), 4 tbsp Sugar (divided), 2 tbsp Cashew Nuts, 1 tsp Ghee, 0.5 tsp Cardamom Powder. **Instructions:** 1. **Make Chhena:** Boil 0.5 litre milk. Add lemon juice to curdle. Strain the chhena through muslin, rinse, crumble, and set aside. 2. **Reduce Milk:** Boil remaining 1 litre milk until it reduces to about half (thick rabri consistency). 3. **Caramelize/Sweeten:** Add 4 tbsp sugar and cardamom powder to the reduced milk. Stir. In a separate small pan, caramelize 1 tbsp sugar and add it to the milk for color (optional). 4. **Combine:** Heat 1 tsp ghee. Roast cashews. Add crumbled chhena and roast until lightly golden. Add the roasted chhena and cashews to the reduced, sweetened milk. 5. **Simmer/Serve:** Simmer for 2 minutes, stirring gently. Serve hot or chilled.""",
"14002,""Mishti Chholar Dal (Bengali Sweet Chana Dal)"",18002,""Bengali Cuisine"",PT30M,PT1H 0M,PT1H 30M,2025-08-01,""A festive Bengali preparation of chana dal (split Bengal gram) that is sweet (mishti) and savory, cooked with coconut, raisins, and a blend of aromatic whole spices like cinnamon, cardamom, and bay leaf."",""[Placeholder for Image URL]"",Main Dish|Dal/Lentil|Bengali|Vegetarian,""Chholar Dal|Chana Dal|Mishti|Sweet Dal|Festive"",1|2.5|1|1|1|1|1|1|1|1|1|1|1|1|1,cup Chana Dal (soaked)|cups Water|tbsp Ghee (divided)|tsp Cumin Seeds|Bay Leaf|Dried Red Chilies|tbsp Grated Coconut (fried)|tbsp Raisins|tbsp Sugar|tsp Salt|tsp Turmeric|tsp Ginger (grated)|Whole Spices (Cinnamon, Cardamom, Cloves)|tsp Cumin Powder,4.8,25,250,""NA"",""NA"",""NA"",""NA"",""NA"",""NA"",8,4,""4 servings"",""**Ingredients:** 1 cup Chana Dal (soaked 1 hr), 2.5 cups Water, 2 tbsp Ghee, 1 tsp Cumin Seeds, Bay Leaf, Dried Red Chillies, 2 tbsp Grated Coconut, 1 tbsp Raisins, 2 tsp Sugar, Salt, Turmeric, Ginger, Whole Spices (crushed). **Instructions:** 1. **Cook Dal:** Pressure cook soaked chana dal with turmeric, water, and whole spices until tender but not mushy (4-5 whistles). The grains should be separate. 2. **Tempering:** Heat 1 tbsp ghee. Add bay leaf, cumin seeds, and red chillies. Let spices splutter. Add crushed whole spices and grated ginger. Fry for a few seconds. 3. **Add Flavor:** Add fried coconut slices (optional), raisins, and slit green chilies. SautÃ© briefly. 4. **Combine:** Add the cooked dal along with its liquid to the tempering. Add sugar, salt, and cumin powder. Mix well and simmer for 5-7 minutes until slightly thick. Serve hot with luchi or steamed rice.""",
"14003,""Bilahi Maas (Assamese Fish Curry with Tomatoes)"",18003,""Assamese Cuisine"",PT25M,PT10M,PT35M,2017-08-12,""A light, tangy fish curry from Assam, typically using freshwater fish, prepared with a thin gravy of tomatoes (bilahi), potatoes (aloo, optional), and flavored with the smoky punch of mustard oil and fenugreek seeds."",""[Placeholder for Image URL]"",Main Dish|Curry|Assamese|Non-Vegetarian,""Bilahi|Maas|Fish Curry|Tomato|Tangy"",4|2|2|1|1|1|1|1|1|1|1|1,pieces Freshwater Fish (Rohu/Katla)|tbsp Mustard Oil (divided)|tsp Turmeric Powder|tsp Salt|tsp Fenugreek Seeds (Methi)|medium Tomatoes (cubed)|medium Potato (cubed/mashed, optional)|Green Chilies (slit)|cup Water,4.6,12,250,""NA"",""NA"",""NA"",""NA"",""NA"",""NA"",""NA"",""NA"",2,""2 servings"",""**Ingredients:** 4 Fish pieces, 2 tbsp Mustard Oil, 1 tsp Turmeric Powder, Salt, 0.5 tsp Fenugreek Seeds, 2 large Tomatoes (cubed), 1 small Bottle Gourd/Lauki (cubed, optional), 3-4 Green Chilies, 1.5 cups Water. **Instructions:** 1. **Fry Fish:** Marinate fish with turmeric and salt. Heat 1 tbsp mustard oil and fry fish pieces until light brown. Remove and set aside. 2. **Curry Base:** Add remaining oil. Once smoking hot, add fenugreek seeds and green chillies. Let the seeds splutter. 3. **Cook Veggies:** Add lauki/potato cubes (if using), turmeric, and salt. SautÃ©. Add tomatoes and cook until mushy (2-3 mins). 4. **Simmer:** Add water. Bring to a gentle simmer. Gently add the fried fish pieces. Cook for 5-6 minutes until the fish is done and the lauki is tender. Serve hot with steamed rice.""",
"14004,""Chhena Poda (Odia Baked Cheesecake)"",18004,""Odia Dessert"",PT45M,PT1H 45M,PT2H 30M,2024-08-06,""The signature dessert of Odisha, a rustic baked cheesecake made from chhena (fresh cottage cheese/paneer), semolina, and sugar, baked until the top caramelizes to a dark brown crust."",""[Placeholder for Image URL]"",Dessert|Sweet|Odia|Vegetarian,""Chhena Poda|Baked Cheesecake|Odia|Paneer|Caramelized"",2|4|0.5|2|1|1,litres Full Cream Milk|tbsp Lemon Juice/Vinegar (for curdling)|cup Sugar|tbsp Semolina (Suji/Rava)|tsp Cardamom Powder|tsp Ghee|Salt,4.8,30,250,""NA"",""NA"",""NA"",""NA"",""NA"",""NA"",""NA"",""NA"",8,""8 slices"",""**Ingredients:** 2 litres Milk, 4 tbsp Lemon Juice, 0.5 cup Sugar, 2 tbsp Semolina, 1 tsp Cardamom Powder, Ghee, Salt. **Instructions:** 1. **Make Chhena:** Boil milk. Turn off heat and add lemon juice to curdle. Strain through a muslin cloth (do not squeeze completely; let water drain naturally). Rinse gently. 2. **Mix Batter:** Transfer chhena to a bowl. Add sugar, semolina, salt, and cardamom powder. Knead/mix well until everything combines into a smooth, thick, soft batter. 3. **Bake:** Grease a baking pan with ghee. Pour the mixture in. Bake in a preheated oven at **350Â°F (180Â°C)** for **40-60 minutes** until the top is dark golden brown/caramelized. 4. **Serve:** Cool completely before slicing and serving. The exterior will be firm, and the interior will be soft.""",
"14005,Basundi,18005,""Gujarati/Maharashtrian Dessert"",PT45M,PT5M,PT50M,2023-05-22,""A rich, creamy Indian sweet similar to a thin rabri, made by slow-simmering and reducing full-fat milk until it thickens to half its original volume, then sweetened and flavored with saffron and cardamom."",""[Placeholder for Image URL]"",Dessert|Sweet|Indian|Vegetarian,""Basundi|Reduced Milk|Sweet Milk|Saffron|Kheer"",1|0.25|10|1|1|1|1|1,litre Full Fat Milk|cup Sugar|str",
,
"15001,""Pani Puri (Golgappa/Puchka)"",19001,""Indian Street Food"",PT15M,PT4H 0M,PT4H 15M,2023-07-17,""The quintessential Indian street food: hollow, crispy puris filled with spiced potato/chickpea mash and drowned in tangy, spicy, and sweet flavored water (pani)."",""[Placeholder for Image URL]"",Snack|Chaat|Indian|Vegetarian,""Pani Puri|Golgappa|Puchka|Street Food|Spicy"",4|2|2|1|1|1|1|1|1|1|1|1|1|1|1|1|1,dozen Puris (Puffs)|cups Water (Chilled)|cup Mint Leaves|cup Coriander Leaves|inch Ginger|Green Chillies|tsp Cumin Powder|tsp Chaat Masala|tsp Black Salt|cup Potatoes (boiled/mashed)|cup Tamarind Chutney (Sweet)|tbsp Boondi|tsp Salt,4.9,70,250,8,""NA"",""NA"",""NA"",""NA"",""NA"",""NA"",8,5,""5 servings"",""**Ingredients (Spicy Pani):** 2 cups Chilled Water, 1 cup Mint Leaves, 0.5 cup Coriander Leaves, 1 inch Ginger, 2-3 Green Chillies, 1 tsp Cumin Powder, 1 tsp Chaat Masala, Salt. **Ingredients (Sweet Pani - Optional):** Tamarind Extract, Jaggery, Spices. **Ingredients (Stuffing):** 2 Potatoes (boiled/mashed), 0.5 cup Onion (chopped), 1 tbsp Coriander, Spices (Chaat Masala, Cumin, Salt). **Instructions:** 1. **Pani:** Blend mint, coriander, ginger, chilies, cumin, and salt with 1 cup of water to a smooth paste. Strain, dilute with remaining cold water, and add chaat masala. For sweet pani, mix tamarind extract, jaggery, and spices. Chill both. 2. **Stuffing:** Mash potatoes. Add chopped onion, coriander, and dry spices. Mix well. 3. **Assemble:** Gently crack a hole in a puri. Fill with a small amount of potato stuffing. Dip/fill with chilled spicy or sweet pani. Serve immediately.""",
"15002,""Ghevar (Rajasthani Honeycomb Sweet)"",19002,""Rajasthani Dessert"",PT40M,PT30M,PT1H 10M,2025-07-24,""A traditional Rajasthani disc-shaped sweet cake with a crisp, porous, honeycomb-like texture, made from a chilled flour batter that is flash-fried, then soaked in sugar syrup."",""[Placeholder for Image URL]"",Dessert|Sweet|Rajasthani|Vegetarian,""Ghevar|Ghewar|Honeycomb|Fried Sweet|Malai"",1|0.25|3|1.5|1|1|1|1|1|1|1|1,cup All-Purpose Flour (Maida)|cup Chilled Milk|cups Chilled Water|cups Sugar (for Chashni)|cup Water (for Chashni)|tbsp Ghee (solidified for batter)|Ice Cubes|tsp Lemon Juice|tsp Cardamom Powder|Oil/Ghee for deep frying,4.8,55,250,8,""NA"",""NA"",""NA"",""NA"",""NA"",""NA"",8,7,""7 servings"",""**Ingredients (Batter):** 1 cup Maida, 4 tbsp Solidified Ghee, 5-6 Ice Cubes, 0.25 cup Chilled Milk, 3 cups Chilled Water, 1 tbsp Besan (optional), 1 tsp Lemon Juice. **Ingredients (Syrup):** 1.5 cups Sugar, 1 cup Water, Cardamom, Saffron. **Instructions:** 1. **Make Batter:** Rub solidified ghee with ice cubes until creamy white. Remove ice. Add flour and crumble. Add chilled milk and then gradually add chilled water and lemon juice, whisking vigorously to form a **very smooth, thin, flowing batter**. Keep chilled. 2. **Syrup (Chashni):** Boil sugar and water until it reaches a sticky consistency (half-string to one-string). Add cardamom and lemon juice. Keep warm. 3. **Fry:** Heat oil/ghee in a small, deep pot to very hot. Pour a small ladleful of batter from a height into the center of the hot oil. The batter will sizzle and splatter. Repeat 10-15 times, pouring batter into the hole in the center, until the desired thickness is reached. 4. **Finish:** Fry until crispy and golden. Drain completely. Dip the hot ghevar in the warm sugar syrup. Serve immediately, topped with rabri (thickened milk, optional) and nuts.""",
"15003,""Shufta (Kashmiri Dry Fruit Delight)"",19003,""Kashmiri Dessert"",PT20M,PT1H 10M,PT1H 30M,2024-11-09,""A rich, royal Kashmiri dessert featuring a medley of soaked and fried dry fruits (almonds, walnuts, raisins) and cubes of paneer, simmered in a sugar syrup flavored with aromatic spices like dry ginger, cinnamon, and black pepper."",""[Placeholder for Image URL]"",Dessert|Sweet|Kashmiri|Vegetarian,""Shufta|Dry Fruit|Paneer|Kashmiri|Royal"",0.25|0.25|0.25|0.25|0.25|0.5|0.5|1|1|1|1|1|1|1,cup Pistachios|cup Almonds|cup Cashews|cup Walnuts|cup Raisins|cup Sugar|tsp Ghee|tsp Dry Ginger Powder|tsp Cinnamon Powder|tsp Black Pepper Powder|tsp Cardamom Powder|Saffron Strands|tbsp Dry Rose Petals,4.7,20,250,8,""NA"",""NA"",""NA"",""NA"",""NA"",""NA"",8,4,""4 servings"",""**Ingredients:** Mixed Dry Fruits (Pistachios, Almonds, Cashews, Walnuts, Raisins, Dried Dates), 100g Paneer (cubed), 0.5 cup Sugar, 3 tsp Ghee, 0.5 tsp Dry Ginger, 0.5 tsp Cinnamon, 0.5 tsp Black Pepper, 0.5 tsp Cardamom, Saffron, Rose Petals, 0.25 cup Water. **Instructions:** 1. **Soak/Prep:** Soak nuts and dried dates in warm water for 1 hour. Drain, chop dates, and set aside. 2. **Fry:** Fry paneer cubes and sliced dried coconut in ghee until golden brown. Set aside. 3. **Cook:** Add dry fruits and dates to the pan and sautÃ© briefly. Add sugar, water, and all spices (Dry Ginger, Cinnamon, Black Pepper, Cardamom, Saffron, Rose Petals). Mix well. 4. **Simmer:** Simmer gently until the sugar dissolves and the liquid thickens slightly. 5. **Combine:** Add the fried paneer and coconut. Simmer for 2 minutes, allowing the paneer to absorb the syrup. Serve hot or warm.""",
"15004,""Beef Fry (Kerala Style Ularthiyathu)"",19004,""Kerala/South Indian Non-Veg"",PT40M,PT10M,PT50M,2021-01-18,""A spicy, dry roast (Ularthiyathu) from Kerala where boneless beef is pressure cooked with spices, then slow-roasted in coconut oil with shallots, curry leaves, and coconut slices until dry and dark brown."",""[Placeholder for Image URL]"",Main Dish|Non-Vegetarian|Kerala|Dry Fry,""Beef Fry|Kerala Beef|Ularthiyathu|Coconut Oil|Spicy"",500|2|1|15|3|1|1|1|1|1|1|1|1|1|1|1|1,grams Boneless Beef (cubed)|tbsp Ginger Garlic Paste|tsp Turmeric Powder|mini Shallots (chopped)|Green Chillies (slit)|tbsp Coconut Oil (divided)|tsp Red Chili Powder|tbsp Coriander Powder|tbsp Black Pepper Powder|tsp Fennel Powder|tsp Garam Masala|tsp Vinegar|cup Coconut Slices (Thengakothu),4.8,35,250,8,""NA"",""NA"",""NA"",""NA"",""NA"",""NA"",8,4,""4 servings"",""**Ingredients (Marinade/Cook):** 500g Beef, 2 tbsp Ginger Garlic Paste, 0.25 tsp Turmeric, 15 Shallots, 3-5 Green Chillies, 1 tsp Vinegar, 1 tsp Red Chili Powder, 2 tbsp Coriander Powder, 1 tbsp Black Pepper Powder (divided), 1 tsp Fennel Powder, 0.25 tsp Fenugreek Seeds, Salt, 0.5 cup Water. **Ingredients (Fry/Roast):** 3 tbsp Coconut Oil, 1 cup Coconut Slices, Curry Leaves. **Instructions:** 1. **Marinate/Pressure Cook:** Combine beef with all marinade ingredients, spices, and a handful of curry leaves. Add 0.5 cup water and pressure cook until the meat is tender (3-4 whistles or 20 mins). 2. **Fry Coconut:** Heat coconut oil. Fry coconut slices (Thengakothu) until golden brown. Remove and set aside. Fry curry leaves. 3. **Slow Roast:** Add the cooked beef and its stock/juices to the pan. Cook on medium-low heat, stirring frequently, until all the liquid evaporates and the beef begins to slow-roast. 4. **Final Season:** Continue roasting until the meat is dry, dark brown, and coated in the masala. Add the reserved fried coconut slices and remaining black pepper. Serve hot.""",
"15005,""Gatta Curry (Besan Dumpling Curry)"",19005,""Rajasthani Cuisine"",PT40M,PT10M,PT50M,2019-07-11,""A traditional Rajasthani curry with no vegetables, instead featuring cooked dumplings (gatta) made from chickpea flour (besan) simmered in a tangy, spicy gravy based on whisked yogurt."",""[Placeholder for Image URL]"",Main Dish|Curry|Rajasthani|Vegetarian,""Gatta|Besan Dumplings|Yogurt Curry|Rajasthani Sabji"",1|0.75|2|1|1|1|1|1|1|1|1|1|1|1|1,cup Besan (Chickpea Flour)|cup Yogurt (Curd, whisked, room temp)|tbsp Ghee/Oil (divided)|tsp Cumin Seeds|tsp Turmeric Powder|tsp Red Chili Powder|tsp Coriander Powder|tsp Garam Masala|tsp Dried Mango Powder (Amchur)|tsp Kasuri Methi (crushed)|tsp Salt (divided)|tsp Ajwain (Carom Seeds),4.7,28,250,8,""NA"",""NA"",""NA"",""NA"",""NA"",""NA"",8,4,""4 servings"",""**Ingredients (Gatte/Dumplings):** 1 cup Besan, 0.25 tsp Turmeric, 0.25 tsp Red Chili Powder, 0.75 tsp Coriander Powder, 0.25 tsp Garam Masala, 0.25 tsp Ajwain, 1 tsp Ghee/Oil, 2 tbsp Curd, Water. **Ingredients (Curry):** 0.75 cup Yogurt (whisked), 2 tbsp Oil, 1 tsp Cumin, Spices (Turmeric, Chili, Coriander, Garam Masala, Amchur), 1 tsp Kasuri Methi, Salt, Water. **Instructions:** 1. **Make Gatta Dough:** Mix besan, spices, 1 tsp ghee, and 2 tbsp curd. Knead into a **stiff dough** using minimal water. Roll into thin cylindrical logs. 2. **Boil Gatta:** Boil the logs in water for 10-15 minutes until they float and are cooked through. Remove and reserve the boiling water. Cut logs into 0.5-inch pieces (gatta). 3. **Make Curry:** Heat 2 tbsp oil. Add cumin seeds. Once they crackle, add spices (hing, fennel, bay leaf, crushed ginger/garlic). SautÃ©. Add powdered spices (coriander, chili, turmeric). Cook briefly. 4. **Yogurt Gravy:** Reduce heat. Slowly add whisked yogurt, stirring constantly to prevent curdling. Add reserved gatta water and salt. Bring to a boil. 5. **Simmer:** Add the gatta pieces, garam masala, and crushed kasuri methi. Simmer for 10 minutes to allow the gatta to absorb the flavor. Serve hot with roti.""",
"15006,""Bhakri (Thick Indian Flatbread)"",19006,""Gujarati/Maharashtrian Bread"",PT30M,PT10M,PT40M,2022-07-12,""A thick, coarse, unleavened Indian flatbread, usually made from whole wheat or millet flours (like rice/jowar), often kneaded with ghee/oil for a tender interior and a slightly crisp exterior."",""[Placeholder for Image URL]"",Side Dish|Bread|Indian|Vegetarian,""Bhakri|Flatbread|Gujarati|Maharashtrian|Coarse Flour"",1|1.25|1|1,cup Coarse Wheat/Rice Flour|cups Warm Water|tsp Salt|tbsp Ghee (for dough/smearing),4.7,20,250,8,""NA"",""NA"",""NA"",""NA"",""NA"",""NA"",8,4,""4 servings"",""**Ingredients:** 1 cup Coarse Wheat/Rice Flour, 1.25 cups Warm Water (approx.), Salt, Ghee for smearing. **Instructions (Rice Flour Bhakri):** 1. **Knead Dough:** Sift flour and salt. Gradually add warm water (or hot water for rice flour), kneading into a smooth, pliable dough. Use a little ghee/oil while kneading. (Dough should be soft, not sticky). 2. **Shape:** Divide dough into equal portions. Roll each into a thick disc (thicker than a roti). 3. **Cook:** Heat a tawa/griddle on medium-high. Place a bhakri on it. Cook both sides for about 1 minute each until light spots appear. 4. **Roast:** For puffiness, transfer the bhakri to an open flame and roast directly on both sides until it puffs up and is cooked through. Alternatively, press gently on the tawa until fully cooked. 5. **Serve:** Smear generously with ghee and serve hot with pithla, thecha, or a spicy sabji. [Simple & Quick Khichu Recipe | Chetna Patel Recipes](https://www.youtube.com/watch?v=c9TjyNF09kw) This video shows a simple recipe for Khichu, a traditional Gujarati rice-flour snack that pairs well with Bhakri.",
,
"1,""Khakhra (Masala Crispy Flatbread)"",20001,""Traditional Gujarati Snack"",PT15M,PT20M,PT35M,2020-06-07,""A famous, thin, and crispy Gujarati flatbread (like a crunchy roti) made from whole wheat flour and spices, cooked on a tawa using pressure until completely crisp."",""[Placeholder for Image URL]"",Snack|Gujarati|Vegan,""Khakhra|Crispy|Flatbread|Gujarati|Low Calorie|Whole Wheat"",1|0.5|1|0.5|0.25|1|1|0.75|1,cup Whole Wheat Flour|cup Bengal Gram Flour (Besan)|tbsp Oil (for dough)|tsp Carom Seeds (Ajwain)|tsp Turmeric Powder|tsp Red Chili Powder|tsp Salt|cup Water (approx.)|Ghee/Oil for roasting,4.7,30,250,8,""NA"",""NA"",""NA"",""NA"",""NA"",""NA"",8,10,""10-12 Khakhras"",""**Ingredients:** 1 cup Whole Wheat Flour, 0.5 cup Besan, 1 tbsp Oil, 0.5 tsp Carom Seeds, 0.25 tsp Turmeric, 0.5 tsp Red Chili Powder, 1 tsp Salt, Water, Ghee/Oil for roasting. **Instructions:** 1. **Dough:** Combine all dry ingredients, oil, and spices. Knead into a **soft, stiff dough** using water (the dough should be slightly firmer than roti dough). Rest for 15-20 minutes. 2. **Roll:** Divide dough into small balls. Roll each ball into a **very thin** circle (as thin as possible). 3. **Cook:** Heat a non-stick tawa on medium flame. Place a rolled khakhra on it and cook until pink spots appear. Flip it. 4. **Crisp:** Reduce the flame to low. Using a folded muslin cloth or khakhra press, apply pressure and keep pressing the khakhra while cooking it until it turns completely **crisp and brown** on both sides. Repeat for all. Serve cool and dry.""",
"2,""Sabudana Khichadi (Tapioca Pearl Pilaf)"",20002,""Maharashtrian/Fasting Snack"",PT10M,PT4H 30M,PT4H 40M,2023-10-16,""A fluffy, non-sticky savory dish made from properly soaked tapioca pearls (sabudana) sautÃ©ed with potatoes, roasted peanuts, cumin, and green chilies, commonly eaten during fasts (Vrat)."",""[Placeholder for Image URL]"",Snack|Maharashtrian|Vegetarian|Gluten-Free,""Sabudana|Khichdi|Fasting Food|Vrat|Tapioca Pearls"",1|0.75|0.5|2|1|1|1|1|1|1|1|1|1,cup Sabudana (Tapioca Pearls)|cup Water (for soaking)|cup Peanuts (roasted/crushed)|tbsp Ghee/Oil|tsp Cumin Seeds|tsp Chopped Ginger|tsp Chopped Green Chillies|medium Potato (boiled/cubed)|tsp Salt|tsp Sugar (optional)|tbsp Lemon Juice,4.9,55,250,8,""NA"",""NA"",""NA"",""NA"",""NA"",""NA"",8,2,""2 servings"",""**Ingredients:** 1 cup Sabudana, 0.75 cup Peanuts (crushed), 2 tbsp Ghee/Oil, 1 tsp Cumin Seeds, 1 tsp Chopped Ginger, 1 tsp Green Chillies, 1 Potato (boiled/cubed), 1 tsp Salt, 1 tbsp Lemon Juice. **Instructions:** 1. **Soak:** Rinse sabudana thoroughly 2-3 times. Soak in 0.75 cup water (just enough to cover) for 4-6 hours. No water should remain after soaking. 2. **Prep:** Roast and coarsely crush peanuts. Mix soaked sabudana with crushed peanuts, salt, and sugar (if using). 3. **Tempering:** Heat ghee/oil. Add cumin seeds and let them splutter. Add ginger, green chillies, and curry leaves (if using). SautÃ© briefly. 4. **SautÃ©:** Add the boiled potato cubes and sautÃ© for 2 minutes. 5. **Combine:** Add the sabudana-peanut mixture to the pan. SautÃ© gently on medium heat for 2-3 minutes until the pearls turn translucent. **Do not overcook** (they will turn sticky). 6. **Finish:** Immediately remove from heat. Stir in lemon juice and chopped coriander.""",
"3,""Gajar ka Halwa (Carrot Halwa)"",20003,""North Indian Dessert"",PT45M,PT15M,PT1H 0M,2025-01-04,""A classic, rich North Indian dessert made by slow-simmering grated carrots (gajar) with milk and ghee until reduced, sweetened with sugar, and flavored with cardamom."",""[Placeholder for Image URL]"",Dessert|Sweet|Indian|Vegetarian,""Gajar Halwa|Carrot|Halwa|Milk Dessert|Winter"",0.5|2|1|1|1|1|1|1|1|1,kg Carrots (Gajar, grated)|cups Full Fat Milk|cup Sugar/Condensed Milk|tbsp Ghee (Clarified Butter)|tsp Cardamom Powder|tbsp Mixed Nuts (Cashews, Almonds)|tbsp Raisins,4.8,60,250,8,""NA"",""NA"",""NA"",""NA"",""NA"",""NA"",8,4,""4 servings"",""**Ingredients:** 0.5 kg Carrots (grated), 2 cups Milk, 1 cup Sugar (or 0.5 tin Condensed Milk), 1.5 tbsp Ghee (divided), 0.5 tsp Cardamom Powder, Nuts, Raisins. **Instructions:** 1. **SautÃ© Carrots:** In a heavy-bottomed kadai, melt 0.5 tbsp ghee. Add grated carrots and sautÃ© for 2-3 minutes. 2. **Cook in Milk:** Add milk to the carrots. Bring to a boil, then reduce heat to low and simmer, stirring occasionally, until the milk is almost completely evaporated and absorbed by the carrots (about 20-30 minutes). 3. **Sweeten/Reduce:** Add sugar and continue cooking. The sugar will melt, making the mixture liquidy again. Cook until all the moisture evaporates and the halwa thickens. 4. **Roast/Flavor:** In a small pan, fry nuts and raisins in the remaining 1 tbsp ghee until golden. Add the nuts, raisins, and cardamom powder to the halwa. 5. **Finish:** SautÃ© the halwa in the remaining ghee for 2-3 minutes until it turns slightly glossy and thickens completely. Serve hot or cold.""",
"4,""Shrikhand (Flavored Hung Yogurt)"",20004,""Gujarati/Maharashtrian Dessert"",PT1M,PT9H 0M,PT9H 1M,2022-09-02,""A thick, creamy Indian dessert made by draining all whey from yogurt (creating 'hung curd'), which is then blended with powdered sugar, cardamom, and saffron."",""[Placeholder for Image URL]"",Dessert|Sweet|Indian|Vegetarian|Gluten-Free,""Shrikhand|Hung Curd|Yogurt Dessert|Cardamom|Saffron"",3|0.75|0.5|1|1|1|1,cups Plain Yogurt (Curd)|cup Powdered Sugar|tsp Cardamom Powder|pinch Saffron Strands|tbsp Warm Milk|tbsp Sliced Nuts (Almonds/Pistachios),4.7,40,250,8,""NA"",""NA"",""NA"",""NA"",""NA"",""NA"",8,4,""4 servings"",""**Ingredients:** 3 cups Plain Yogurt, 0.75 cup Powdered Sugar, 0.5 tsp Cardamom Powder, pinch Saffron, 1 tbsp Warm Milk, Sliced Nuts. **Instructions:** 1. **Strain Yogurt (Hung Curd/Chakka):** Place the yogurt in a muslin or cheesecloth set over a strainer. Tie the cloth and hang it, or place a heavy weight on it, for 6-8 hours (or overnight) to drain all the whey (liquid). 2. **Bloom Saffron:** Soak saffron strands in 1 tbsp warm milk for 10 minutes. 3. **Mix:** Transfer the thick strained yogurt (Chakka) to a dry bowl. Add powdered sugar, cardamom powder, and saffron milk. 4. **Whisk:** Whisk vigorously until the mixture is completely **smooth, light, and creamy** (ensure no grainy texture remains). 5. **Chill & Serve:** Mix in nuts. Cover and chill in the refrigerator for at least 30 minutes before serving. Serve with puri.""",
"5,""Kaara Kozhambu (Spicy Tamarind Curry)"",20005,""Tamil/South Indian Cuisine"",PT20M,PT15M,PT35M,2025-06-08,""A fiery, tangy, and robust South Indian curry from Tamil Nadu, featuring a base of tamarind, tomatoes, and mixed vegetables, thickened with a paste of roasted lentils, seeds, and coconut."",""[Placeholder for Image URL]"",Main Dish|Curry|South Indian|Vegetarian,""Kaara Kuzhambu|Tamarind|Spicy Curry|Tamil|Kuzhambu"",1|1.5|2|1|1|1|1|1|1|1|1|1|1|1|1|1,small Tamarind Ball|cups Water (for Kuzhambu)|tbsp Oil (Sesame/Gingelly)|tsp Mustard Seeds|tsp Urad Dal|Shallots/Pearl Onions (chopped)|sprig Curry Leaves|medium Tomato (chopped)|cups Mixed Vegetables (Brinjal, Drumstick, etc.)|tsp Turmeric Powder|tbsp Red Chili Powder|cup Tamarind Extract|tbsp Ground Masala Paste (Lentils, Coconut, Spices)|tsp Salt,4.7,15,250,8,""NA"",""NA"",""NA"",""NA"",""NA"",""NA"",8,4,""4 servings"",""**Ingredients (Base/Veggies):** Tamarind (soaked for extract), 2 tbsp Oil, 1 tsp Mustard Seeds, 1 tsp Urad Dal, 10 Shallots/Onions, Curry Leaves, 1 Tomato, 1.5 cups Mixed Veggies, Turmeric, Chili Powder, Salt, 1.5 cups Water. **Ingredients (Masala Paste):** 1 tsp Oil, 1 tbsp Coriander Seeds, 1 tsp Urad Dal, 0.5 tsp Cumin, 0.5 cup Grated Coconut, Red Chilies. **Instructions:** 1. **Grind Masala:** Dry roast or sautÃ© the masala ingredients (Coriander, Cumin, Urad Dal, Red Chilies) until aromatic. Grind with coconut and water to a smooth paste. 2. **Tempering/SautÃ©:** Heat 2 tbsp oil. Add tempering ingredients (Mustard, Urad Dal). Once spluttered, add onions, garlic, and curry leaves. SautÃ© until onions turn golden. Add tomatoes and cook until mushy. Add veggies, turmeric, and chili powder. 3. **Simmer:** Add water and salt. Cook covered until veggies are nearly soft. Add the tamarind extract and the ground masala paste. 4. **Finish:** Simmer on low heat for 5-10 minutes, stirring occasionally, until the gravy thickens and the oil starts separating from the sides. Serve hot with rice.""",
,
"11,""Dhokla (Instant Khaman)"",22001,""Gujarati Cuisine"",PT15M,PT15M,PT30M,2024-12-03,""A light, spongy, steamed savory cake made from a batter of gram flour (besan) and leavening agent, finished with a bright tempering of mustard seeds, curry leaves, and green chilies."",""[Placeholder for Image URL]"",Snack|Gujarati|Vegetarian|Steamed,""Dhokla|Khaman|Steamed|Besan|Instant|Savory Cake|Gujarati"",1.5|1|1|1|1|1|1|1|1|1|1|1|1|1|1|1,cups Gram Flour (Besan)|tbsp Semolina (Suji, optional)|tsp Ginger Paste|tsp Green Chili Paste|tbsp Lemon Juice|tsp Sugar (for batter)|tsp Salt (for batter)|tsp Turmeric|tsp Fruit Salt (Eno)|tbsp Oil (for tempering)|tsp Mustard Seeds|sprig Curry Leaves|Green Chillies (slit)|tbsp Sugar (for tempering)|cup Water (for tempering)|tbsp Grated Coconut (garnish),4.8,45,250,8,""NA"",""NA"",""NA"",""NA"",""NA"",""NA"",8,4,""9-10 squares"",""**Ingredients (Batter):** 1.5 cups Besan, 1 tbsp Semolina, 1 tsp Ginger Paste, 1 tsp Green Chili Paste, 1 tbsp Lemon Juice, 1 tsp Sugar, 1 tsp Salt, 0.25 tsp Turmeric, 1 tsp Eno Fruit Salt. **Ingredients (Tempering):** 2 tbsp Oil, 0.75 tsp Mustard Seeds, 1 sprig Curry Leaves, 2 Green Chillies, 2 tsp Sugar, 0.5 cup Water, Coriander, Coconut. **Instructions:** 1. **Batter:** Mix besan, semolina, spices, salt, sugar, lemon juice, ginger, chili, and water to a smooth, flowing batter. Let it rest for 10-15 minutes. 2. **Steam Prep:** Just before steaming, add Eno fruit salt and 1 tbsp water to the batter and mix quickly until frothy. 3. **Steam:** Immediately pour batter into a greased pan. Steam for 12-15 minutes until a toothpick comes out clean. Cool slightly. 4. **Tempering:** Heat oil. Add mustard seeds. Once they crackle, add green chillies, curry leaves, and water with sugar/salt. Bring to a boil. 5. **Serve:** Cut dhokla into squares. Pour the hot tempering evenly over the dhokla. Garnish with chopped coriander and grated coconut.""",
"12,""Sabudana Khichadi (Tapioca Pearl Pilaf)"",22002,""Maharashtrian/Fasting Snack"",PT10M,PT4H 30M,PT4H 40M,2023-10-16,""A fluffy, non-sticky savory dish made from properly soaked tapioca pearls (sabudana) sautÃ©ed with potatoes, roasted peanuts, cumin, and green chilies, commonly eaten during fasts (Vrat)."",""[Placeholder for Image URL]"",Snack|Maharashtrian|Vegetarian|Gluten-Free,""Sabudana|Khichdi|Fasting Food|Vrat|Tapioca Pearls"",1|0.75|0.5|2|1|1|1|1|1|1|1|1|1,cup Sabudana (Tapioca Pearls)|cup Water (for soaking)|cup Peanuts (roasted/coarsely crushed)|tbsp Ghee/Oil|tsp Cumin Seeds|tsp Chopped Ginger|tsp Chopped Green Chillies|medium Potato (boiled/cubed)|tsp Salt|tsp Sugar (optional)|tbsp Lemon Juice,4.9,55,250,8,""NA"",""NA"",""NA"",""NA"",""NA"",""NA"",8,2,""2 servings"",""**Ingredients:** 1 cup Sabudana, 0.75 cup Peanuts (crushed), 2 tbsp Ghee/Oil, 1 tsp Cumin Seeds, 1 tsp Chopped Ginger, 1 tsp Green Chillies, 1 Potato (boiled/cubed), 1 tsp Salt, 1 tbsp Lemon Juice. **Instructions:** 1. **Soak:** Rinse sabudana thoroughly. Soak in 0.75 cup water for 4-6 hours until soft (no water should be left at the bottom). 2. **Prep:** Roast and coarsely crush peanuts. Mix soaked sabudana with crushed peanuts, salt, and sugar (if using). 3. **Tempering:** Heat ghee/oil. Add cumin seeds, ginger, green chillies, and curry leaves (if using). SautÃ© briefly. 4. **SautÃ©:** Add the boiled potato cubes and sautÃ© for 2 minutes. 5. **Combine:** Add the sabudana-peanut mixture to the pan. SautÃ© gently on medium heat for 2-3 minutes until the pearls turn translucent. **Do not overcook**. 6. **Finish:** Immediately remove from heat. Stir in lemon juice and chopped coriander.""",
"13,""Pantua (Bengali Gulab Jamun)"",22003,""Bengali Dessert"",PT45M,PT1H 0M,PT1H 45M,2019-10-25,""The Bengali version of Gulab Jamun, made from fresh chhena (paneer) and milk solids, kneaded, fried until dark brown, and soaked in a hot, cardamom-flavored sugar syrup."",""[Placeholder for Image URL]"",Dessert|Sweet|Bengali|Vegetarian,""Pantua|Gulab Jamun|Chhana|Deep Fried|Mithai"",1|0.33|0.25|1|1|1|1|1|1,cup Chhana/Paneer (well-kneaded)|cup Semolina (Rava)|cup All-Purpose Flour (Maida)|cup Khowa/Khoya (Stuffing, optional)|cup Sugar (for syrup)|cup Water (for syrup)|tsp Cardamom Powder|Ghee/Oil for deep frying,4.6,15,250,8,""NA"",""NA"",""NA"",""NA"",""NA"",""NA"",8,15,""15 pieces"",""**Ingredients (Dough):** 1 cup Chhana, 1/3 cup Rava/Maida, 1 tbsp Ghee, Khoya (stuffing), Baking Powder (pinch). **Ingredients (Syrup):** 1 cup Sugar, 1 cup Water, 4 Cardamoms. **Instructions:** 1. **Syrup:** Boil sugar, water, and crushed cardamom until a one-string consistency is reached. Keep warm. 2. **Dough:** Knead chhana thoroughly until smooth. Add semolina, flour, ghee, and baking powder. Knead for 5-10 minutes into a smooth dough. 3. **Shape:** Divide dough. Flatten a portion, place a tiny ball of khoya in the center (optional), and seal/roll into a smooth ball (no cracks). Shape into an oblong/cylindrical Pantua. 4. **Fry:** Heat oil/ghee in a kadai to **low-medium heat**. Gently drop pantua balls in batches. Fry slowly until they turn **deep golden brown**. 5. **Soak:** Drain fried pantua and immediately drop them into the warm sugar syrup. Let them soak for 2-3 hours (or overnight for maximum softness). Serve warm or chilled.""",
"14,""Masor Tenga (Assamese Tangy Fish Curry)"",22004,""Assamese Cuisine"",PT25M,PT10M,PT35M,2022-01-09,""A signature, light, and tangy fish curry from Assam, characterized by its sour flavor (Tenga) from ingredients like tomato and lemon, and flavored with the smoky aroma of mustard oil and fenugreek seeds."",""[Placeholder for Image URL]"",Main Dish|Curry|Assamese|Non-Vegetarian,""Masor|Tenga|Tangy Curry|Fish|Assamese"",4|2|0.5|1|1|1|1|1|1|1|1,pieces Fish (Rohu/Catla)|tbsp Mustard Oil (divided)|tsp Turmeric Powder|tsp Salt|tsp Fenugreek Seeds (Methi)|medium Tomatoes (cubed/mashed)|cup Water|Green Chillies (slit)|Juice of 0.5 Lemon,4.6,12,250,8,""NA"",""NA"",""NA"",""NA"",""NA"",""NA"",8,2,""2 servings"",""**Ingredients:** 4 Fish pieces, 2 tbsp Mustard Oil, 1 tsp Turmeric Powder, Salt, 0.5 tsp Fenugreek Seeds, 2 large Tomatoes (cubed), 3 cups Water, Green Chillies, Lemon Juice. **Instructions:** 1. **Fry Fish:** Marinate fish with turmeric and salt. Heat 1 tbsp mustard oil and fry fish pieces until light brown. Remove. 2. **Curry Base:** Add remaining oil. Once hot, add **fenugreek seeds** and green chillies. Let the seeds crackle. 3. **Cook Tomatoes:** Add tomatoes and cook for 4-5 minutes until pulpy. Mash the vegetables/tomatoes slightly. 4. **Simmer:** Add warm water (approx. 3 cups). Bring the curry to a boil. Adjust salt. Gently add the fried fish pieces. Cook for a further 5-6 minutes. 5. **Finish:** Remove from heat and squeeze the lemon juice on top. Garnish with coriander.""",
"15,""Palathalikalu (Andhra Rice Noodle Kheer)"",22005,""Andhra/Telugu Dessert"",PT30M,PT20M,PT50M,2019-10-08,""A traditional Andhra sweet kheer (payasam) made for festivals, featuring long, thin rice flour noodles/dumplings (thalikalu) cooked in sweetened, reduced milk (pala) and flavored with jaggery and cardamom."",""[Placeholder for Image URL]"",Dessert|Sweet|Andhra|Vegetarian,""Palathalikalu|Rice Noodles|Kheer|Payasam|Jaggery"",0.75|4|0.75|1|1|1|1|1|1|1|1,cup Rice Flour|cups Milk (full fat)|cup Jaggery (grated)|tbsp Ghee|tsp Cardamom Powder|Cashews/Raisins (fried)|Pinch of Salt|tbsp Rice Flour (to thicken, optional),4.6,10,250,8,""NA"",""NA"",""NA"",""NA"",""NA"",""NA"",8,4,""4 servings"",""**Ingredients (Dough/Noodles):** 0.75 cup Rice Flour, 0.5 cup Boiling Milk, Pinch of Salt, 1 tsp Ghee. **Ingredients (Payasam):** 4 cups Milk, 0.75 cup Jaggery, 1 tsp Cardamom Powder, Fried Cashews/Raisins. **Instructions:** 1. **Prep Dough:** Mix rice flour, salt, and ghee. Gradually add boiling milk, mixing until a soft dough forms. Knead gently. 2. **Make Noodles:** Place the dough into a murukku press (with the disc for big holes). Bring 4 cups of milk to a boil. Press the dough directly into the boiling milk, forming long, thin noodles (thalikalu). 3. **Cook:** Cook for 10-12 minutes until the noodles/thalikalu are tender and cooked through. 4. **Sweeten:** In a separate pan, melt jaggery with minimal water. Bring to a boil and strain to remove impurities. Let the jaggery syrup cool slightly. 5. **Finish:** Turn off heat under the milk. Add cardamom powder. Slowly stir in the jaggery syrup (to prevent curdling). Mix gently. Add fried nuts and raisins. Serve warm or chilled.""",
"16,""Amti (Maharashtrian Tangy Dal)"",22006,""Maharashtrian Cuisine"",PT15M,PT10M,PT25M,2022-11-09,""A staple Maharashtrian yellow lentil (Toor Dal) preparation, known for its distinct **tangy, sweet, and spicy** flavor profile, achieved through the addition of tamarind/kokum, jaggery, and Goda Masala."",""[Placeholder for Image URL]"",Main Dish|Dal/Lentil|Maharashtrian|Vegetarian,""Amti|Toor Dal|Goda Masala|Tangy Dal|Kokum"",0.5|1|1|1|1|1|1|1|1|1|1|1,cup Toor Dal (cooked/mashed)|cup Water (for consistency)|tbsp Ghee/Oil|tsp Mustard Seeds|tsp Cumin Seeds|sprig Curry Leaves|Green Chillies (chopped)|tsp Turmeric Powder|tsp Goda Masala|tbsp Jaggery (Gud, powdered)|Dried Kokum Petals (or Tamarind Pulp)|tsp Salt,4.8,20,250,8,""NA"",""NA"",""NA"",""NA"",""NA"",""NA"",8,4,""4 servings"",""**Ingredients:** 0.5 cup Toor Dal (cooked/mashed), 1 cup Water, 1 tbsp Ghee, 0.5 tsp Mustard Seeds, 0.5 tsp Cumin Seeds, Curry Leaves, Green Chillies, 0.25 tsp Turmeric, 2 tsp Goda Masala, 0.5 tbsp Jaggery, 2 Kokum Petals, Salt. **Instructions:** 1. **Cook Dal:** Pressure cook Toor Dal until soft and mashable. Keep aside. 2. **Temper:** Heat ghee/oil. Add mustard seeds. Once they crackle, add cumin seeds, hing (optional), curry leaves, and green chillies. SautÃ© briefly. 3. **Simmer:** Add the mashed dal and water to the pan. Bring to a simmer. Add Goda Masala, red chili powder (optional), jaggery, dried kokum (or tamarind pulp), and salt. 4. **Flavor:** Simmer on low heat for 10-12 minutes, stirring occasionally, until the flavors fully infuse and the Amti reaches the desired consistency. Garnish with fresh coriander.""",
,
"17,""Kakinada Khaja (Layered Juice Sweet)"",23001,""Andhra Sweet"",PT30M,PT1H 10M,PT1H 40M,2014-10-05,""A famous Andhra sweet with a flaky, layered pastry shell that is deep-fried and soaked in a one-string sugar syrup, leaving the center juicy and soft."",""[Placeholder for Image URL]"",Dessert|Sweet|Andhra|Vegetarian,""Khaja|Kaja|Layered Sweet|Syrup|Flaky"",1|2|1.5|1|1|1|1|1|1|1,cup All-Purpose Flour (Maida)|tbsp Ghee (for dough)|cups Sugar (for syrup)|cup Water (for syrup)|tsp Cardamom Powder|tsp Lemon Juice|Oil for deep frying|Water for kneading,4.7,25,250,8,""NA"",""NA"",""NA"",""NA"",""NA"",""NA"",8,20,""20 pieces"",""**Ingredients (Dough):** 1 cup Maida, 2 tbsp Ghee (melted), 0.25 cup Water, Oil for frying. **Ingredients (Syrup):** 1.5 cups Sugar, 0.25 cup Water, 0.25 tsp Cardamom Powder, 1 tsp Lemon Juice. **Instructions:** 1. **Dough:** Mix maida and ghee until crumbly. Knead with water into a smooth, soft dough. Rest for 15 minutes. 2. **Roll/Layer:** Roll the dough very thinly. Dust lightly with maida, then roll the sheet tightly from one end to form a cylinder. Cut the cylinder into 1-inch pieces and gently flatten. 3. **Syrup:** Boil sugar and water until it reaches **one-string consistency**. Add cardamom and lemon juice (to prevent crystallization). Keep warm. 4. **Fry:** Deep fry the khajas on **low-medium heat** until they turn crispy and golden brown (low flame is essential for layers to form). 5. **Soak:** Immediately drop the hot fried khajas into the warm sugar syrup. Soak for 5 minutes. Serve or cool completely on a rack to allow excess syrup to drain.""",
"18,""Keerai Sadam (Spinach and Dal Rice)"",23002,""Traditional South Indian Cuisine"",PT20M,PT10M,PT30M,2024-03-31,""A wholesome and comforting South Indian one-pot rice dish made with fresh spinach (keerai), moong dal, and a mix of spices, often seasoned with a nutty tempering."",""[Placeholder for Image URL]"",Main Dish|Rice|Vegetarian|South Indian,""Spinach|Keerai|Rice|Dal|One-Pot|Indian"",1|0.25|4|1|1|2|10|1|1|3|1|2|1|0.5|2,cup Rice|cup Split Yellow Moong Dal|cups Chopped Spinach|Onion (chopped)|Tomato (chopped)|Green Chillies (slit)|cloves Garlic|tbsp Sambar Powder|tsp Turmeric Powder|cups Water|tsp Mustard Seeds|tbsp Ghee / Oil|tsp Cumin Seeds|pinch Asafoetida (Hing)|Red Chillies (whole),4.7,35,250,8,""NA"",""NA"",""NA"",""NA"",""NA"",""NA"",8,4,""4 servings"",""**Ingredients:** 1 cup Rice, 0.25 cup Split Yellow Moong Dal, 4 cups Chopped Spinach, 1 Onion, 1 Tomato, 2 Green Chillies, 10 cloves Garlic, 1 tbsp Sambar Powder, 1 tsp Turmeric Powder, 3 cups Water, 1 tsp Mustard Seeds, 2 tbsp Ghee/Oil, 0.5 tsp Cumin Seeds, pinch Hing, 2 Red Chillies, Salt. **Instructions:** 1. **Prep:** Wash rice and moong dal; soak for 30 minutes. 2. **Tempering:** Heat ghee/oil. Add mustard seeds, cumin, asafoetida, and red chilies. Let mustard seeds splutter. 3. **SautÃ©:** Add onion, green chillies, and garlic. SautÃ©. Add chopped tomatoes, turmeric, and sambar powder. Cook until soft. 4. **Combine/Cook:** Add spinach and salt. Cook until wilted. Add drained rice and dal, and water. 5. **Pressure Cook:** Pressure cook for 8 minutes (Instant Pot) or 3-4 whistles (stovetop) with Natural Pressure Release. Stir and serve hot.""",
"19,""Gulab Jamun"",23003,""North Indian Dessert"",PT15M,PT1H 0M,PT1H 15M,2022-07-22,""A classic Indian sweet made of milk solids (khoya or milk powder) kneaded into soft balls, deep-fried until golden, and soaked in a warm, fragrant cardamom-saffron sugar syrup."",""[Placeholder for Image URL]"",Dessert|Sweet|Indian|Vegetarian,""Gulab Jamun|Milk Powder|Deep Fried|Syrup"",1|0.5|1|1.5|0.5|1|1|1|1,cup Dry Milk Powder|cup All-Purpose Flour|cup Sugar|cup Water|tbsp Ghee (melted for dough)|tsp Baking Powder|tsp Rose/Kewra Water|tsp Cardamom Powder|Oil/Ghee for deep frying,4.8,60,250,8,""NA"",""NA"",""NA"",""NA"",""NA"",""NA"",8,20,""20 balls"",""**Ingredients (Dough):** 1 cup Milk Powder, 0.5 cup All-Purpose Flour, 2 tbsp Ghee, 0.5 tsp Baking Powder, 0.25 cup Milk. **Ingredients (Syrup):** 1.5 cups Sugar, 1 cup Water, 1 tsp Cardamom Powder, 1 tsp Rose Water. **Instructions:** 1. **Syrup:** Boil sugar and water with crushed cardamom until the sugar dissolves completely (no string consistency needed). Turn off heat and add rose/kewra water. Keep warm. 2. **Dough:** Mix milk powder, flour, and baking powder. Add melted ghee and milk; mix gently to form a soft, slightly sticky dough. Rest for 20 minutes. 3. **Shape:** Knead gently. Form into small, smooth balls (no cracks). 4. **Fry:** Heat oil/ghee to medium-low heat. Fry the jamuns in batches, turning constantly, until they turn dark golden brown. 5. **Soak:** Drain fried jamuns and immediately transfer to the warm sugar syrup. Simmer for 5 minutes, then let soak for at least 2 hours (or overnight).""",
"20,""Tandoori Fish Tikka"",23004,""North Indian Starter"",PT10M,PT20M,PT30M,2019-08-18,""Chunks of firm white fish marinated in a spiced Greek yogurt blend (ginger, garlic, lime, ground spices) and traditionally cooked in a tandoor, but easily prepared in a grill or oven until smoky and tender."",""[Placeholder for Image URL]"",Appetizer|Tandoori|Non-Vegetarian|Indian,""Fish Tikka|Tandoori|Grilled|Kebab|Spicy"",1|4|2|2|1|1|1|1|1|1|1|1|1|1|1,lb Fish Fillets (cubed)|tbsp Greek Yogurt (thick)|tsp Ginger Garlic Paste|tbsp Lemon Juice|tsp Kashmiri Red Chili Powder|tsp Cumin Powder|tsp Coriander Powder|tsp Garam Masala|tsp Turmeric|tsp Salt|tsp Chickpea Flour (Besan, optional)|tbsp Oil|tbsp Melted Butter (for basting),4.8,22,250,8,""NA"",""NA"",""NA"",""NA"",""NA"",""NA"",8,4,""4 servings"",""**Ingredients (Marinade):** 1 lb Fish Fillets, 4 tbsp Greek Yogurt, 2 tsp Ginger Garlic Paste, 2 tbsp Lemon Juice, 1 tsp Kashmiri Red Chili Powder, 1 tsp Cumin Powder, 1 tsp Coriander Powder, 0.5 tsp Garam Masala, 0.5 tsp Turmeric, 1 tsp Salt, 1 tsp Chickpea Flour, 1 tbsp Oil. **Instructions:** 1. **Marinate:** Pat fish dry. Combine all marinade ingredients. Toss fish cubes (and optional onion/bell pepper) to coat. Marinate for 15-20 minutes. 2. **Grill/Bake:** Thread the fish onto skewers. Grill or bake in a preheated oven at $400^{\circ}\text{F}$ ($200^{\circ}\text{C}$) for 10-12 minutes, or until cooked. Baste with melted butter halfway through. 3. **Serve:** Sprinkle with chaat masala and fresh lemon juice. Serve hot with mint chutney.""",
"21,""Kajjikaya (Andhra Gujiya)"",23005,""Andhra Sweet"",PT20M,PT40M,PT1H 0M,2021-10-29,""A crescent-shaped, deep-fried pastry from Andhra Pradesh and Telangana, made from a flaky maida dough and stuffed with a sweet, dry filling of roasted semolina, dry coconut, and sugar/jaggery."",""[Placeholder for Image URL]"",Dessert|Sweet|Andhra|Vegetarian,""Kajjikaya|Gujiya|Sweet Dumpling|Coconut|Fried"",1|1|1.5|1|1|1|1|1,cup All-Purpose Flour (Maida)|tbsp Semolina (Sooji)|tbsp Hot Oil (for dough)|cup Water (for kneading)|cup Fried Gram/Roasted Rava (for stuffing)|cup Dry Coconut (grated)|cup Sugar (powdered)|tsp Cardamom Powder|Oil for deep frying,4.6,18,250,8,""NA"",""NA"",""NA"",""NA"",""NA"",""NA"",8,15,""15 pieces"",""**Ingredients (Dough):** 1 cup Maida, 1 tbsp Semolina, 1.5 tbsp Hot Oil, Salt, Water. **Ingredients (Stuffing):** 0.5 cup Fried Gram/Rava, 0.5 cup Dry Coconut, 0.5 cup Powdered Sugar, 1 tsp Cardamom Powder. **Instructions:** 1. **Dough:** Mix flour, semolina, and salt. Rub in hot oil until crumbly. Knead into a soft, smooth dough with water. Rest for 15 minutes. 2. **Stuffing:** Grind fried gram (or roast rava) and cardamom with sugar to a powder. Mix with dry coconut. 3. **Shape:** Roll small dough balls into thin circles. Place 1.5 tbsp stuffing on one half. Moisten edges with water and fold to seal into a crescent (half-moon) shape. Crimp the edges. 4. **Fry:** Deep fry kajjikayalu on **low to medium flame** (crucial for crispness) until they turn golden brown and flaky. Serve or store when cooled.""",
"22,""Pakhala (Odia Fermented Water Rice)"",23006,""Odia/Eastern Indian Staple"",PT10M,PT12H 0M,PT12H 10M,2025-06-26,""A highly refreshing and cooling traditional Odia dish of cooked rice soaked in water, often allowed to ferment overnight (Basi Pakhala) and flavored with yogurt, ginger, and roasted cumin."",""[Placeholder for Image URL]"",Main Dish|Rice|Odia|No-Cook,""Pakhala|Fermented Rice|Odia|Dahi|Summer Staple"",1|6|1|1|1|1|1|1,cup Cooked Rice (medium grain)|cups Water (approx.)|tsp Sour Curd (Dahi, for starter)|tsp Roasted Cumin Powder|tsp Chopped Ginger|Green Chilies (chopped)|Onion/Shallots (chopped)|tsp Salt,4.7,18,250,8,""NA"",""NA"",""NA"",""NA"",""NA"",""NA"",8,2,""1 large serving"",""**Ingredients:** 1 cup Cooked Rice, 6 cups Water, 1 tsp Sour Curd (starter), 1 tsp Roasted Cumin Powder, 1 tsp Chopped Ginger, 1 Green Chili (chopped), 1 small Onion (chopped), Salt. **Instructions (Basi Pakhala - Fermented):** 1. **Prep Rice:** Cook the rice until soft. Let it cool completely. 2. **Ferment:** Transfer the cooled rice to a large bowl. Add water to cover the rice by 1-2 cm. Gently stir in the curd starter. Cover and leave to ferment for **10-12 hours (overnight)** at room temperature. 3. **Flavor:** Once fermented, add the roasted cumin powder, chopped ginger, chopped green chili, chopped onion, and salt. Mix gently. 4. **Serve:** Serve chilled or at room temperature with sides like mashed veggies or fried fish. **(Dahi Pakhala - Fresh):** Use fresh cooked rice, chilled water, and all the seasonings, adding more yogurt/curd to the mix for a quicker version.""",
,
"23,""Koloi Chicken (Coolio-Inspired Caribbean Chicken)"",5001,""Community Recipe"",PT60M,PT20M,PT80M,2024-11-05,""A delicious Caribbean-inspired chicken dish full of heat, sweetness, and spice, typically baked after grilling."",""[Placeholder for Image URL]"",Main Dish|Chicken|Caribbean,""Caribbean|Chicken|Spicy|Sweet|Baked"",5|1|1|3|1/2|3|1|1|1|1|1,""lbs bone-in chicken thighs (skin off)|can green peppers (diced)|large can cream of chicken|medium sweet onions (diced)|cup balsamic vinegar|tbsp Frank's Red Hot sauce|rounded tsp crushed garlic|tsp black pepper|tbsp Badia's Complete Seasoning|tbsp light brown sugar|Dusting of black pepper and complete seasoning"",4.5,15,250,""NA"",""NA"",""NA"",""NA"",""NA"",""NA"",""NA"",""NA"",6,""6 servings"",""**Ingredients:** 5 lbs bone-in chicken thighs (skin off), 1 can diced green peppers, 1 large can cream of chicken, 3 medium diced sweet onions, 1/2 cup balsamic vinegar, 3 tbsp Frank's Red Hot sauce, 1 rounded tsp crushed garlic, 1 tsp black pepper, 1 tbsp Badia's Complete Seasoning, 1 tbsp light brown sugar, Dusting of black pepper and complete seasoning. **Instructions:** 1. Dust the chicken with black pepper and complete seasoning. Grill until lightly browned. 2. Combine the diced green peppers, cream of chicken, diced onions, balsamic vinegar, Frank's Red Hot sauce, crushed garlic, black pepper, Badia's Complete Seasoning, and light brown sugar in a bowl. 3. Place the grilled chicken into a baking dish. Pour the sauce mixture over the chicken. 4. Bake at 375Â°F (190Â°C) for 1 hour, or until the chicken is cooked through and the juices run clear.""",
"24,""Keerai Sadam (South Indian Spinach Rice)"",5002,""Traditional South Indian Cuisine"",PT20M,PT10M,PT40M,2024-03-31,""A wholesome and comforting South Indian one-pot rice dish made with fresh spinach (keerai), moong dal, and a mix of simple spices."",""[Placeholder for Image URL]"",Main Dish|Rice|Vegetarian|South Indian,""Spinach|Keerai|Rice|Dal|One-Pot|Indian"",1|1/4|4|1|1|2|10|1|1|3|1|2|1|1/2|2,""cup Rice|cup Split Yellow Moong Dal|cups Chopped Spinach|Onion (chopped)|Tomato (chopped)|Green Chillies (slit)|cloves Garlic|tbsp Sambar Powder|tsp Turmeric Powder|cups Water|tsp Mustard Seeds|tbsp Ghee / Oil|tsp Cumin Seeds|pinch Asafoetida (Hing)|Red Chillies (whole)"",4.7,35,250,""NA"",""NA"",""NA"",""NA"",""NA"",""NA"",""NA"",""NA"",4,""4 servings"",""**Ingredients:** 1 cup Rice, 1/4 cup Split Yellow Moong Dal, 4 cups Chopped Spinach, 1 Onion, 1 Tomato, 2 Green Chillies, 10 cloves Garlic, 1 tbsp Sambar Powder, 1 tsp Turmeric Powder, 3 cups Water, 1 tsp Mustard Seeds, 2 tbsp Ghee/Oil, 1/2 tsp Cumin Seeds, pinch Hing, 2 Red Chillies, Salt. **Instructions:** 1. Wash rice and moong dal, and soak for 30 minutes. 2. Heat ghee/oil. Add tempering ingredients and let mustard seeds splutter. 3. Add onion, green chillies, and garlic. SautÃ©. 4. Add chopped tomatoes, turmeric, and sambar powder. Cook. 5. Add spinach and salt. Cook until wilted. 6. Add drained rice and dal, and water. 7. Pressure cook until done (e.g., 8 minutes high pressure in Instant Pot with NPR). 8. Stir and serve hot.""",
"25,""Konir Dom (Assamese-Style Egg and Potato Curry)"",5003,""Traditional Assamese Cuisine"",PT20M,PT15M,PT35M,2023-05-22,""A tangy and spicy Assamese-style curry featuring boiled and fried eggs and potatoes in a rich tomato and whole-spice gravy."",""[Placeholder for Image URL]"",Main Dish|Curry|Assamese|Non-Vegetarian,""Egg|Potato|Curry|Assamese|Tangy|Spicy"",4|2|2|3|2|4|2|1|4|1|1|1|1|2|1.5,""eggs (boiled and peeled)|potatoes (peeled and halved)|onions (ground to a paste)|tomatoes (ground to a paste)|tbsp ginger garlic paste|green chillies (slit)|cardamom pods|cinnamon stick|cloves|bay leaf|tsp cumin seeds|tsp turmeric powder|tsp cumin powder|tbsp mustard oil|cups water"",4.6,22,250,""NA"",""NA"",""NA"",""NA"",""NA"",""NA"",""NA"",""NA"",4,""4 servings"",""**Ingredients:** 4 eggs (boiled and peeled), 2 potatoes (peeled and halved), 2 onions (paste), 3 tomatoes (paste), 2 tbsp ginger garlic paste, 4 green chillies (slit), 2 cardamom pods, 1 cinnamon stick, 4 cloves, 1 bay leaf, 1 tsp cumin seeds, 1 tsp turmeric powder, 1 tsp cumin powder, 2 tbsp mustard oil, 1.5 cups water, Salt, Coriander leaves (for garnish). **Instructions:** 1. Fry eggs until golden. Set aside. 2. Fry potatoes until golden. Set aside. 3. Add whole spices to the oil and let them splutter. 4. Add onion, tomato, and ginger garlic paste. SautÃ©. 5. Add ground spices and salt. Cook until oil releases. 6. Add potatoes and cook for 5 minutes. 7. Add water, cover, and cook until potatoes are tender. 8. Add eggs and cook for 5 more minutes. Garnish and serve.""",
"26,""Chorafali (Gujarati Crispy Fried Strips)"",5004,""Traditional Gujarati Snack"",PT15M,PT35M,PT50M,2023-10-20,""A light, airy, and crispy traditional Gujarati deep-fried snack, typically made during Diwali, and served with a tangy spice powder."",""[Placeholder for Image URL]"",Snack|Gujarati|Vegetarian,""Diwali|Snack|Gujarati|Besan|Crispy|Deep-Fried"",1|1/4|1/8|3/4|1|1|1,""cup besan (gram flour)|cup urad dal (split black lentil) flour|tsp baking soda|tsp salt (for dough)|tsp Chilli Powder (for masala)|tsp Black Salt (for masala)|tsp Amchoor Powder (Dry Mango Powder) (for masala)|Oil for deep-frying"",4.4,18,250,""NA"",""NA"",""NA"",""NA"",""NA"",""NA"",""NA"",""NA"",5,""Approx. 16 strips"",""**Ingredients:** 1 cup besan, 1/4 cup urad dal flour, 1/8 tsp baking soda, 3/4 tsp salt (for dough), Water as needed, Oil for deep-frying. **For Masala:** 1 tsp Chilli Powder, 1 tsp Black Salt, 1 tsp Amchoor Powder. **Instructions:** 1. **Dough:** Knead a very stiff dough with flours, soda, and salt. 2. **Beat:** Beat the dough for 2 minutes in a mortar until smooth. 3. **Roll/Cut:** Roll out very thin, cut into strips. 4. **Fry:** Deep fry on a slow flame until light brown and crispy. 5. **Season:** Toss immediately with the spice powder mixture.""",
"27,""Samosa (Aloo Samosa)"",5005,""Traditional Indian Snack"",PT20M,PT40M,PT60M,2025-07-19,""The classic Indian deep-fried pastry snack with a savory and spiced potato and green pea filling."",""[Placeholder for Image URL]"",Snack|Indian|Vegetarian|Deep Fried,""Samosa|Potato|Peas|Fried|Snack|Indian"",2|1|6|1|1|1|6|7|3|0.5|1|2|2|1|0.5|0.5|0.5,""cups All-Purpose Flour (Maida)|tsp Carom Seeds (Ajwain)|tbsp Ghee (for dough)|tsp Salt (for dough)|tbsp Water (approx.)|tbsp Oil (for filling)|tsp Cumin Seeds (for filling)|tsp Chopped Ginger (for filling)|medium Potatoes (boiled and chopped)|cup Green Peas|tsp Green Chillies (finely chopped)|tsp Coriander Seeds (toasted and crushed)|tsp Coriander Powder|tsp Red Chili Powder|tsp Amchoor (Dry Mango Powder)|Salt to taste (for filling)|Oil for deep frying"",4.8,55,250,""NA"",""NA"",""NA"",""NA"",""NA"",""NA"",""NA"",""NA"",9,""10 Samosas"",""**Ingredients (Dough):** 2 cups Maida, 1 tsp Ajwain, 1 tsp Salt, 6 tbsp Ghee, Water. **Ingredients (Filling):** 3 Potatoes (boiled/chopped), 0.5 cup Peas, 1 tbsp Oil, 0.5 tsp Cumin Seeds, 1 tsp Ginger, 2 tsp Green Chillies, 2 tsp Crushed Coriander Seeds, 1 tsp Red Chili Powder, 0.5 tsp Amchoor, Salt. **Instructions:** 1. **Dough:** Mix flour, Ajwain, salt, and ghee until crumbly. Knead into a **firm, tight** dough. Rest for 20 minutes. 2. **Filling:** SautÃ© cumin, ginger, and green chillies in oil. Add peas and all spices. Cook. Add potatoes and mash slightly. Cool completely. 3. **Shape:** Roll dough into ovals. Cut in half. Form a cone using water to seal the straight edge. Stuff with filling and seal the third side to form a triangle. 4. **Fry:** Deep fry the samosas on **low to medium heat** until golden brown and crisp (slow frying is key for texture). Serve with chutney.""",
"28,""Sukhi Bhaji (Gujarati Seasoned Potatoes)"",5006,""Traditional Gujarati Cuisine"",PT5M,PT20M,PT25M,2020-05-09,""A traditional dry potato dish from Gujarat, spiced with turmeric, chili, and given a unique taste and texture from ground peanuts and sesame seeds."",""[Placeholder for Image URL]"",Side Dish|Vegetable|Gujarati|Vegetarian,""Potatoes|Dry Curry|Gujarati|Seasoned|Sabzi"",3|1|2|1/2|1/2|1|1/2|1|1,""large potatoes (boiled and peeled)|tsp Lime Juice|tbsp Oil|tsp Mustard Seeds|tsp Cumin Seeds|pinch Asafoetida (Hing)|cup Peanuts (coarsely ground)|tbsp Sesame Seeds|tsp Turmeric|1-2 Green Chilies (finely chopped)|1 sprig Curry Leaves|5 sprigs Cilantro Leaves (chopped)|Salt to taste"",4.3,12,250,""NA"",""NA"",""NA"",""NA"",""NA"",""NA"",""NA"",""NA"",4,""4 servings"",""**Ingredients:** 3 Potatoes (boiled/cubed), 1 tsp Lime Juice, 2 tbsp Oil, 0.5 tsp Mustard Seeds, 0.5 tsp Cumin Seeds, pinch Hing, 0.5 cup Peanuts (ground), 1 tbsp Sesame Seeds, 0.5 tsp Turmeric, 1-2 Green Chilies, Curry Leaves, Salt. **Instructions:** 1. Cut potatoes into cubes. Toss with salt and lime juice. 2. Heat oil. Add tempering spices (Mustard, Cumin, Hing). 3. Add peanuts, sesame seeds, turmeric, chilies, and curry leaves. 4. Add potatoes, mix gently, and cook for 4-5 minutes, stirring occasionally. 5. Garnish with cilantro and serve.""",
"29,""Daal Baati Churma (Rajasthani Thali)"",6001,""Traditional Rajasthani Thali"",PT60M,PT45M,PT1H 45M,2020-02-05,""A famous Rajasthani delicacy composed of three parts: spicy lentil curry (Daal), baked wheat balls (Baati), and a sweet crumbly dessert (Churma)."",""[Placeholder for Image URL]"",Main Dish|Indian|Rajasthani,""Daal|Baati|Churma|Rajasthani|Lentil|Baked"",1.25|0.5|0.5|4|0.5|5|1|1|1|2|1|1|1|0.5|1|1|1|1|1|1|1|1|1|1|0.5|0.5|0.5|1|1|1|1,""cup Whole Wheat Flour (Baati)|cup Semolina (Baati)|cup Yogurt (Baati)|tbsp Ghee (Baati)|tsp Baking Powder (Baati)|cups Mixed Daals (Dal)|cups Water (Dal)|tsp Turmeric Powder (Dal)|cup Onion (chopped)|cup Tomato (chopped)|tsp Ginger Garlic Paste|tsp Cumin Seeds|Red Chillies (dry)|pinch Asafoetida (Hing)|tsp Coriander Powder|tsp Red Chili Powder|tsp Garam Masala|cup Whole Wheat Flour (Churma)|cup Semolina (Churma)|tbsp Melted Ghee (Churma)|cup Powdered Sugar (Churma)|tsp Cardamom Powder (Churma)|cup Oil/Ghee for frying|tbsp Ghee for serving"",4.8,60,250,""NA"",""NA"",""NA"",""NA"",""NA"",""NA"",""NA"",""NA"",4,""4 Thalis"",""**Baati:** Mix flours, ghee, yogurt, and baking powder. Knead stiff dough. Divide, flatten, indent, and bake at 350Â°F (175Â°C) until golden. Dip in ghee. **Daal:** Pressure cook dal with turmeric. Prepare tempering with ghee, cumin, hing, whole spices, onion, tomato, and ground spices. Add tempering to cooked dal and simmer. **Churma:** Mix flours and ghee. Knead stiff dough. Form fist-shaped muthias and deep-fry on low heat. Grind to a powder and mix with sugar and cardamom.""",
"30,""Sattu ki Roti (Bihari Style)"",6002,""Bihari Cuisine"",PT20M,PT10M,PT30M,2019-05-09,""A healthy, high-protein flatbread from Bihar made entirely from sattu (roasted chana flour) or as a stuffing in whole wheat flour."",""[Placeholder for Image URL]"",Main Dish|Roti|Vegetarian,""Sattu|Roti|Bihari|High-Protein|Flatbread"",1.25|1|1|2|4|1|1|0.5|0.25|0.25|0.25|0.25|0.25,""cup Whole Wheat Flour (Dough)|cup Sattu Flour (Filling)|cup Water (for dough)|tbsp Oil/Ghee (for dough and filling)|Green Chillies (finely chopped)|tbsp Coriander Leaves (chopped)|tbsp Chopped Onion|tsp Carom Seeds (Ajwain)|tsp Kalonji (Nigella Seeds)|tsp Aamchur Powder|tsp Cumin Powder|tsp Red Chili Powder|tsp Garam Masala Powder"",4.5,25,250,""NA"",""NA"",""NA"",""NA"",""NA"",""NA"",""NA"",""NA"",4,""4 Rotis"",""**Ingredients (Dough):** 1.25 cup Whole Wheat Flour, Water, Salt, 1 tbsp Oil/Ghee. **Ingredients (Filling):** 1 cup Sattu Flour, 2 Green Chillies, 1 tbsp Coriander Leaves, 1 tbsp Chopped Onion, Spices. **Instructions:** 1. **Dough:** Knead a soft dough with wheat flour, water, and oil/ghee. Rest for 10-15 minutes. 2. **Filling:** Mix all filling ingredients (Sattu, spices, onions, oil) with a little water until moist and crumbly. 3. **Stuffing/Roll:** Divide dough and filling. Stuff the sattu mix into the dough, seal, and gently roll out into a thick paratha/roti. 4. **Cook:** Cook on a hot tawa with ghee/oil until golden brown on both sides.""",
"31,""Bhindi Masala (Okra Curry)"",6003,""North Indian Cuisine"",PT20M,PT15M,PT35M,2025-05-07,""A popular restaurant-style North Indian semi-dry curry where sautÃ©ed okra is cooked in a thick, tangy, and spiced onion-tomato gravy."",""[Placeholder for Image URL]"",Main Dish|Curry|Vegetarian|North Indian,""Bhindi|Okra|Masala|Curry|Semi-Dry"",250|3|1|1|1|1|1|1|1|1|0.5|0.5|0.5|0.5|0.5|1|0.5|2,""grams Okra (Bhindi)|tbsp Oil (divided)|tsp Cumin Seeds|Bay Leaf|large Onions (chopped)|tbsp Ginger Garlic Paste|medium Tomatoes (chopped)|tsp Turmeric Powder|tsp Red Chili Powder|tsp Coriander Powder|tsp Cumin Powder|tsp Garam Masala|tsp Dried Fenugreek Leaves (Kasuri Methi)|tbsp Chopped Coriander Leaves|Salt to taste|tbsp Yogurt/Curd (optional)|tsp Besan (Gram Flour) (optional)|tbsp Water"",4.6,30,250,""NA"",""NA"",""NA"",""NA"",""NA"",""NA"",""NA"",""NA"",4,""4 servings"",""**Ingredients:** 250g Okra, 3 tbsp Oil, 1 tsp Cumin Seeds, 1 large Onion, 1 Tomato, 1 tbsp Ginger Garlic Paste, 1 tsp Turmeric, 1 tsp Red Chili Powder, 1 tsp Coriander Powder, 0.5 tsp Garam Masala, 0.5 tsp Kasuri Methi, Salt. **Instructions:** 1. **SautÃ© Okra:** Wash and dry okra completely. Cut and sautÃ© in 2 tbsp oil until tender and non-slimy. Set aside. 2. **Make Gravy:** Heat 1 tbsp oil. Temper with cumin seeds. Add onion and sautÃ©. Add ginger-garlic paste and cook. Add tomatoes and powdered spices. Cook until oil separates. 3. **Combine:** Add sautÃ©ed okra, salt, and kasuri methi. Cook for 5-7 minutes. Serve hot.""",
"32,""Poriyal (South Indian Stir Fry)"",6004,""South Indian Cuisine"",PT15M,PT10M,PT25M,2023-03-07,""A simple, dry South Indian side dish made by stir-frying finely chopped vegetables (like beans or cabbage) with tempering spices, curry leaves, and fresh coconut."",""[Placeholder for Image URL]"",Side Dish|Vegetable|South Indian|Vegetarian,""Poriyal|Stir-Fry|Coconut|Beans|Cabbage"",250|1.5|0.5|1|1|1|1|1|0.5|0.5|3,""grams Green Beans (or Cabbage)|tbsp Oil (Sesame/Coconut preferred)|tsp Mustard Seeds|tsp Urad Dal (Split Black Gram)|tsp Chana Dal (Bengal Gram)|Red Chili (broken)|sprig Curry Leaves|pinch Asafoetida (Hing)|tsp Turmeric Powder|tsp Salt|tbsp Fresh Grated Coconut"",4.4,20,250,""NA"",""NA"",""NA"",""NA"",""NA"",""NA"",""NA"",""NA"",4,""4 servings"",""**Ingredients:** 250g Green Beans/Cabbage (chopped), 1.5 tbsp Oil, 0.5 tsp Mustard Seeds, 1 tsp Urad Dal, 1 tsp Chana Dal, 1 Red Chili, 1 sprig Curry Leaves, pinch Hing, 0.5 tsp Turmeric Powder, Salt, 3 tbsp Fresh Grated Coconut. **Instructions:** 1. **Temper:** Heat oil. Add mustard seeds, urad dal, chana dal, and red chili. Fry until dals turn golden. Add hing and curry leaves. 2. **Stir-Fry:** Add the chopped vegetable, turmeric powder, and salt. SautÃ© on medium-high heat. Cover and cook until tender yet crunchy (5-7 mins). 3. **Finish:** Add fresh grated coconut and mix well. Serve hot.""",
"33,""Vegetable Jalfrezi"",6005,""Indo-Chinese/North Indian"",PT20M,PT30M,PT50M,2023-09-22,""A semi-dry, tangy, and spicy curry featuring stir-fried vegetables (like bell peppers, carrots, beans) tossed in a thick tomato-based sauce."",""[Placeholder for Image URL]"",Main Dish|Curry|Vegetarian|Indo-Chinese,""Jalfrezi|Vegetable|Stir-Fry|Tangy|Semi-Dry"",2|1|1|1|1|1|1|1|1|1|1|1|1|1|1|0.5|0.5|0.5|0.5|0.5|0.5|0.5,""tbsp Oil (divided)|tsp Cumin Seeds|medium Onion (chopped)|tsp Ginger Garlic Paste|medium Tomatoes (pureed/chopped)|cup Mixed Veggies (Carrot, Beans, Peas)|cup Bell Peppers (diced/batons)|tsp Turmeric Powder|tsp Red Chili Powder|tsp Coriander Powder|tsp Cumin Powder|tsp Garam Masala|tsp Sugar (optional)|tsp Vinegar/Lemon Juice|tsp Tomato Ketchup (optional)|tsp Kasuri Methi|Salt to taste|cup Water"",4.7,40,250,""NA"",""NA"",""NA"",""NA"",""NA"",""NA"",""NA"",""NA"",4,""4 servings"",""**Ingredients:** 2 tbsp Oil, 1 tsp Cumin Seeds, 1 Onion, 1 tsp Ginger Garlic Paste, 2 Tomatoes (pureed), 1 cup Mixed Veggies, 1 cup Bell Peppers, Spices, 0.5 cup Water, Sugar, Lemon Juice. **Instructions:** 1. **Stir-Fry Veggies:** SautÃ© mixed veggies and bell peppers in 1 tbsp oil on high heat until crunchy. Set aside. 2. **Make Sauce Base:** Heat 1 tbsp oil. Temper with cumin seeds. SautÃ© onion, then ginger garlic paste, until soft. Add tomato puree and powdered spices. Cook until oil separates. 3. **Combine:** Add water/cream and simmer to thicken. Stir in the stir-fried veggies and a pinch of Kasuri Methi. Cook for 2 minutes.""",
"34,""Chhena Poda (Odia Baked Cheesecake)"",6006,""Odia Dessert"",PT45M,PT1H 45M,PT2H 30M,2024-08-06,""The signature dessert of Odisha, a rustic baked cheesecake made from chhena (fresh cottage cheese/paneer), semolina, and sugar, baked until the top caramelizes to a dark brown crust."",""[Placeholder for Image URL]"",Dessert|Sweet|Odia|Vegetarian,""Chhena Poda|Baked Cheesecake|Odia|Paneer|Caramelized"",2|4|0.5|2|1|1,""litres Full Cream Milk|tbsp Lemon Juice/Vinegar (for curdling)|cup Sugar|tbsp Semolina (Suji/Rava)|tsp Cardamom Powder|tsp Ghee|Salt"",4.8,30,250,""NA"",""NA"",""NA"",""NA"",""NA"",""NA"",""NA"",""NA"",8,""8 slices"",""**Ingredients:** 2 litres Milk, 4 tbsp Lemon Juice, 0.5 cup Sugar, 2 tbsp Semolina, 1 tsp Cardamom Powder, Ghee, Salt. **Instructions:** 1. **Make Chhena:** Boil milk. Add lemon juice to curdle. Strain chhena, rinse, and drain (do not squeeze dry). 2. **Mix Batter:** Transfer chhena to a bowl. Add sugar, semolina, salt, and cardamom powder. Knead/mix well into a soft batter. 3. **Bake:** Grease a baking pan. Pour the mixture in. Bake in a preheated oven at 350Â°F (180Â°C) for 40-60 minutes until the top is dark golden brown/caramelized. 4. **Serve:** Cool completely before slicing and serving.""",
"35,""Nankhatai (Indian Shortbread Cookie)"",13001,""Indian Cuisine"",PT15M,PT10M,PT25M,2025-07-03,""A traditional Indian shortbread cookie known for its melt-in-the-mouth, crumbly texture, made from flour, ghee, and powdered sugar, and flavored with cardamom."",""[Placeholder for Image URL]"",Dessert|Snack|Indian|Vegetarian,""Nankhatai|Cookie|Biscuit|Ghee|Shortbread|Cardamom"",1|0.5|0.5|0.25|0.5|1|1|1,""cup All-Purpose Flour (Maida)|cup Powdered Sugar|cup Ghee (semi-solid, room temp)|cup Gram Flour (Besan)|tsp Cardamom Powder|pinch Salt|tbsp Milk (optional)|Nuts for garnish"",4.7,35,250,8,""NA"",""NA"",""NA"",""NA"",""NA"",""NA"",""NA"",""NA"",14,""14 Nankhatai"",""**Ingredients:** 1 cup Maida, 0.5 cup Powdered Sugar, 0.5 cup Ghee (semi-solid), 0.25 cup Besan, 0.5 tsp Cardamom Powder, pinch Salt. **Instructions:** 1. **Cream Ghee/Sugar:** Beat ghee and powdered sugar until light, smooth, and creamy. 2. **Dough:** Sift flours and salt. Add to the creamed mixture. Gently mix to bring everything together into a soft dough. 3. **Shape & Bake:** Preheat oven to 350Â°F (180Â°C). Roll into balls, flatten, and press a nut into the center. Bake for 15-25 minutes until the edges are light golden. Cool completely.""",
"36,""Payokh (Rice Kheer/Pudding)"",13002,""Indian Dessert"",PT30M,PT10M,PT40M,2019-12-03,""A basic, creamy Indian rice pudding (Kheer) where rice is slow-simmered with milk, sugar, and typically flavored with cardamom and garnished with dry fruits."",""[Placeholder for Image URL]"",Dessert|Sweet|Indian|Vegetarian,""Kheer|Rice Pudding|Payokh|Milk Dessert|Cardamom"",1|1|1|0.5|1|1|1|1,""litre Full Fat Milk|cup Basmati/Short Grain Rice|cup Sugar|tsp Cardamom Powder|tbsp Raisins|tbsp Sliced Almonds|Pinch of Saffron (optional)|Water as needed"",4.5,20,250,8,""NA"",""NA"",""NA"",""NA"",""NA"",""NA"",""NA"",""NA"",4,""4 servings"",""**Ingredients:** 1 litre Milk, 0.25 cup Rice, 0.5 cup Sugar, 0.5 tsp Cardamom Powder, Raisins, Almonds. **Instructions:** 1. **Prep Rice:** Wash rice thoroughly. Boil with 700ml of water until cooked and water is absorbed. 2. **Cook Kheer:** Add milk and sugar to the cooked rice. Bring to a boil, then reduce heat and simmer gently for 15-20 minutes, stirring occasionally. 3. **Flavor/Serve:** Add cardamom powder, raisins, and saffron (if using). Cook for 5 minutes. Serve warm or chill completely before serving, garnishing with sliced almonds/pistachios.""",
"37,""Rajma Chawal (Kidney Beans Curry with Rice)"",13003,""North Indian/Punjabi Cuisine"",PT45M,PT8H 0M,PT8H 45M,2023-01-16,""A beloved North Indian comfort meal: Kidney bean (Rajma) curry slow-cooked in a thick, spiced tomato-onion gravy, served over plain or Cumin-flavored rice (Chawal)."",""[Placeholder for Image URL]"",Main Dish|Curry|Punjabi|Vegan,""Rajma|Chawal|Kidney Beans|Comfort Food|Spicy"",1.5|3|2|1|1|1|1|1|1|1|1|1|1,""cups Dried Kidney Beans (soaked overnight)|cups Water (for cooking)|tbsp Ghee/Oil|medium Onion (chopped)|medium Tomatoes (pureed)|tsp Ginger-Garlic Paste|tsp Cumin Seeds|tsp Coriander Powder|tsp Red Chili Powder|tsp Garam Masala|tsp Amchur (Dry Mango Powder)|tsp Salt|Whole Spices (Cardamom, Bay Leaf)"",4.9,50,250,8,""NA"",""NA"",""NA"",""NA"",""NA"",""NA"",""NA"",""NA"",4,""4 servings"",""**Ingredients:** 1.5 cups Rajma (soaked overnight), 3 cups Water, 2 tbsp Ghee/Oil, 2 Onions, 4 Tomatoes, 1 tsp Ginger-Garlic Paste, 0.5 tsp Cumin Seeds, 1 tsp Coriander Powder, 0.5 tsp Garam Masala, 1 tsp Salt, Whole Spices. **Instructions:** 1. **Cook Rajma:** Pressure cook soaked Rajma with water and whole spices until completely soft. Mash some beans for thickness. 2. **Masala Base:** Heat ghee/oil. SautÃ© chopped onion until golden. Add ginger-garlic paste and cook. Add tomato puree and cook until oil separates. 3. **Spice/Simmer:** Add all powdered spices and salt. Add the cooked Rajma and simmer for 15-20 minutes to absorb flavors. Mash gently to thicken. 4. **Serve:** Serve hot over steamed rice (Chawal), garnished with coriander.""",
"38,""Paratha (Plain Flaky Flatbread)"",13004,""Indian Flatbread"",PT30M,PT10M,PT40M,2025-07-03,""A flaky, layered unleavened Indian flatbread made from whole wheat flour, achieved by folding the dough multiple times while smearing it with ghee or oil."",""[Placeholder for Image URL]"",Side Dish|Bread|Indian|Vegetarian|Vegan,""Paratha|Flatbread|Layered|Flaky|Breakfast"",2|1|1.25|1|1,""cups whole wheat flour (atta)|tsp Salt|cups Water (approx.)|tbsp Ghee/Oil (for dough)|Ghee/Oil for roasting/layering"",4.6,22,250,8,""NA"",""NA"",""NA"",""NA"",""NA"",""NA"",""NA"",""NA"",4,""4 Parathas"",""**Ingredients:** 2 cups Whole Wheat Flour, 1 tsp Salt, 1.25 cups Water, 1 tbsp Ghee/Oil (for dough), Ghee/Oil for layering/roasting. **Instructions:** 1. **Dough:** Mix flour, salt, and 1 tbsp ghee/oil. Gradually add water and knead into a smooth, soft dough. Rest for 30 minutes. 2. **Layering:** Divide dough into balls. Roll one ball into a circle. Smear with ghee, and sprinkle with dry flour. Fold into a triangle or square shape. 3. **Roll:** Roll the folded dough gently into a final triangle or square paratha shape. 4. **Cook:** Heat a tawa on medium-high. Cook the paratha until light spots appear. Apply ghee/oil to both sides and roast, pressing gently until golden brown and flaky. Serve hot.""",
"39,""Copra Paak (Coconut Barfi)"",13005,""Gujarati/Parsi Sweet"",PT45M,PT15M,PT1H 0M,2021-03-23,""A traditional Indian sweet (barfi/fudge) made by cooking grated coconut (copra) with milk and sugar until reduced to a thick, fudge-like consistency, flavored with cardamom."",""[Placeholder for Image URL]"",Dessert|Sweet|Indian|Vegetarian,""Copra Paak|Coconut|Barfi|Fudge|Gujarati"",3|1|1.5|1|1|1|1|1,""cups Freshly Grated Coconut|tbsp Ghee|cups Full-Fat Milk|cups Sugar|tsp Cardamom Seeds|tbsp Pistachios/Almonds (garnish)|Pinch of Salt"",4.5,15,250,""NA"",""NA"",""NA"",""NA"",""NA"",""NA"",""NA"",""NA"",8,""15-20 pieces"",""**Ingredients:** 3 cups Grated Coconut, 1 tbsp Ghee, 3 cups Milk, 1.5 cups Sugar, 0.5 tsp Cardamom Powder. **Instructions:** 1. **SautÃ©:** Heat ghee in a deep, heavy pan. Add cardamom seeds and fresh coconut. SautÃ© for 7-8 minutes on medium flame. 2. **Reduce:** Add milk and sugar. Mix well and continue cooking for about 45 minutes, stirring occasionally and scraping the sides, until the mixture reduces significantly. 3. **Thicken:** Cook until the mixture becomes very thick and separates from the sides of the pan, forming a solid mass. 4. **Set:** Transfer the mixture into a greased thali (tray). Spread evenly and garnish with chopped nuts. Let cool completely before cutting into squares.""",
"40,""Dal Makhani (Creamy Black Lentil Curry)"",13006,""North Indian/Punjabi Cuisine"",PT40M,PT8H 15M,PT8H 55M,2025-03-22,""A rich, classic Punjabi curry made from whole black lentils (Urad Dal) and kidney beans (Rajma), slow-simmered for hours in a velvety, creamy sauce of butter (makhani), tomatoes, and spices."",""[Placeholder for Image URL]"",Main Dish|Curry|Punjabi|Vegetarian,""Dal Makhani|Black Dal|Urad Dal|Creamy|Buttery"",0.75|0.25|3.5|2|1|1|1|1|1|1|1|1|1,""cup Whole Black Urad Dal (soaked overnight)|cup Kidney Beans (Rajma, soaked overnight)|cups Water (for cooking/simmering)|tbsp Ghee/Butter (for tadka/finish)|medium Onion (chopped/pureed)|medium Tomatoes (pureed)|tsp Ginger-Garlic Paste|tsp Kashmiri Chili Powder|tsp Garam Masala|tsp Cumin Powder|cup Fresh Cream|tsp Salt|Bay Leaf"",4.9,65,250,8,""NA"",""NA"",""NA"",""NA"",""NA"",""NA"",""NA"",""NA"",4,""4 servings"",""**Ingredients:** 0.75 cup Urad Dal, 0.25 cup Rajma (soaked overnight), 3.5 cups Water, 2 tbsp Ghee/Butter (divided), 1 Onion, 2 Tomatoes, 1 tsp Ginger-Garlic Paste, 1 tsp Kashmiri Chili Powder, 1 tsp Garam Masala, 0.5 cup Fresh Cream, Salt. **Instructions:** 1. **Cook Dal:** Pressure cook soaked lentils and beans with water until very tender and mashable (approx. 10-15 whistles). 2. **Masala Base:** Heat 1 tbsp ghee/butter. SautÃ© onion until golden. Add ginger-garlic paste and cook. Add tomato puree and all powdered spices. Cook until oil separates. 3. **Simmer:** Add cooked lentils (mashed) and reserved cooking water to the masala. Add salt and mix. Simmer on **low heat** for 20-30 minutes (traditionally much longer) for a rich flavor. 4. **Finish:** Stir in the remaining butter, garam masala, and fresh cream. Garnish with ginger slivers and serve hot.""",
"41,""Sambar (South Indian Lentil Stew)"",7001,""Traditional South Indian Cuisine"",PT30M,PT20M,PT50M,2023-09-03,""A classic South Indian lentil and vegetable stew, tangy from tamarind and fragrant with Sambar powder and a mustard-curry leaf tempering."",""[Placeholder for Image URL]"",Main Dish|Curry|South Indian|Vegetarian,""Sambar|Lentil|Tamarind|Vegetable|Stew"",0.5|1.5|1.5|1|1|1|1|1|1|1|1|1|1|1|1|0.25|2,""cup Toor Dal (Tuvar Dal)|cups Mixed Vegetables (chopped)|cups Water (for Dal/Veggies)|tbsp Sambar Powder|tbsp Tamarind Pulp|tbsp Oil/Ghee|tsp Mustard Seeds|sprig Curry Leaves|pinch Asafoetida (Hing)|tsp Fenugreek Seeds (Methi)|Red Chillies (dry)|tsp Turmeric Powder|tbsp Jaggery (optional)|tbsp Chopped Coriander|Salt to taste|tsp Kashmiri Chili Powder"",4.7,40,250,""NA"",""NA"",""NA"",""NA"",""NA"",""NA"",""NA"",""NA"",4,""4 servings"",""**Ingredients:** 0.5 cup Toor Dal, 1.5 cups Mixed Vegetables, 1.5 cups Water, 1 tbsp Sambar Powder, 1 tbsp Tamarind Pulp (soaked in water), 2 tbsp Oil/Ghee (divided), 1 tsp Mustard Seeds, 1 sprig Curry Leaves, pinch Hing, 0.25 tsp Fenugreek Seeds, 2 Dry Red Chillies, 1 tsp Turmeric Powder, Salt, 1 tbsp Jaggery, 2 tbsp Coriander. **Instructions:** 1. **Cook Dal:** Pressure cook dal with turmeric. Mash well. 2. **Cook Veggies:** Cook mixed vegetables. 3. **Combine:** Add Sambar powder, tamarind extract, jaggery, and salt to the cooking vegetables. Simmer. 4. **Add Dal:** Add the mashed dal and simmer for 2-3 minutes. 5. **Temper:** Heat remaining oil/ghee. Add tempering spices and",
"42,""Dal Puri (Stuffed Lentil Poori)"",21001,""North Indian Cuisine"",PT15M,PT2H 15M,PT2H 30M,2020-11-24,""A deep-fried Indian flatbread (Poori) stuffed with a savory, spiced filling of mashed Chana Dal (split Bengal gram) or Moong Dal."",""[Placeholder for Image URL]"",Main Dish|Flatbread|Indian|Vegetarian,""Daal Puri|Poori|Stuffed Bread|Deep Fried|Moong Dal"",2|0.5|0.5|0.5|1|1|1|1|1|1|1|1,""cups Wheat Flour|cup Moong/Chana Dal (soaked 2 hrs)|cup Water (for dal paste)|tbsp Oil/Ghee (for dough)|tsp Salt|tsp Turmeric Powder|tsp Cumin Powder|tsp Coriander Powder|tsp Red Chili Powder|tsp Garam Masala|tsp Ginger-Garlic Paste|Oil for deep frying"",4.6,18,250,""NA"",""NA"",""NA"",""NA"",""NA"",""NA"",""NA"",""NA"",6,""10-12 Puris"",""**Ingredients (Dough):** 2 cups Wheat Flour, Salt, 1 tbsp Oil. **Ingredients (Stuffing):** 0.5 cup Chana/Moong Dal (soaked 2 hrs), 1 tbsp Ginger-Garlic Paste, 1 tsp Cumin, 1 tsp Coriander, 0.5 tsp Turmeric, 0.5 tsp Red Chili Powder, Garam Masala, Salt. **Instructions:** 1. **Stuffing:** Soak dal for 2 hours. Drain and blend to a smooth, thick paste with ginger-garlic paste and minimal water",
"43,""Khandvi (Gujarati Savory Rolls)"",7002,""Gujarati Cuisine"",PT20M,PT20M,PT40M,2022-12-30,""A savory Gujarati snack of delicate, thin rolls made from a steamed chickpea flour (besan) and yogurt batter, topped with a mustard-sesame seed tempering."",""[Placeholder for Image URL]"",Snack|Gujarati|Vegetarian|Gluten-Free,""Khandvi|Besan|Yogurt|Steamed|Gujarati"",0.5|0.5|1|1|0.25|0.5|0.25|1|0.5|1|2|2|0.5|1,""cup Gram Flour (Besan)|cup Plain Yogurt|cup Water|tsp Ginger Paste|tsp Turmeric Powder|tsp Salt (for batter)|tbsp Oil (divided)|tsp Mustard Seeds|tsp Sesame Seeds|Green Chili (chopped)|tbsp Fresh Grated Coconut (Garnish)|tbsp Chopped Coriander (Garnish)"",4.6,35,250,""NA"",""NA"",""NA"",""NA"",""NA"",""NA"",""NA"",""NA"",4,""4 servings"",""**Ingredients (Batter):** 0.5 cup Besan, 0.5 cup Plain Yogurt, 1 cup Water, 0.5 tsp Ginger Paste, 0.25 tsp Turmeric Powder, 0.25 tsp Salt. **Ingredients (Tempering/Garnish):** 1 tbsp Oil, 0.5 tsp Mustard Seeds, 1 tsp Sesame Seeds, 1 Green Chili, 2 tbsp Grated Coconut, 2 tbsp Chopped Coriander. **Instructions:** 1. **Make Batter:** Blend besan, yogurt, water, salt, ginger paste, and turmeric until completely smooth and lump-free. 2. **Cook Batter:** Pour the batter into a non-stick pan over medium heat. **Stir constantly and continuously** for 7-8 minutes until the mixture thickens significantly. 3. **Spread:** Immediately pour the hot batter onto a greased flat surface and quickly spread into a thin, even layer. Let cool for 5-7 minutes. 4. **Roll:** Cut the spread into strips. Gently lift one edge and roll each strip tightly into spirals. 5. **Temper:** Heat oil in a small pan. Add mustard, sesame seeds, green chili, and curry leaves (if using). SautÃ© briefly. Pour the hot tempering over the rolls. Garnish with coconut and coriander.""",
"44,""Chevdo (Indian Snack Mix)"",7003,""Gujarati/East African Snack"",PT15M,PT10M,PT25M,2020-07-10,""A crunchy, sweet, salty, and spicy snack mix (like trail mix) typically made from cornflakes (or Poha), nuts, raisins, and a blend of spices."",""[Placeholder for Image URL]"",Snack|Gujarati|Indian,""Chevdo|Snack Mix|Cornflakes|Poha|Spicy|Sweet"",6|2|0.75|1|3|2|15|1|0.5|1.75|1|1|1,""cups Cornflakes (or Thin Poha)|cups Potato Sticks (or other savory sticks)|cup Roasted Peanuts/Cashews|cup Raisins|tbsp Oil|tsp Fennel Seeds|Curry Leaves|Green Chili (sliced, optional)|tsp Turmeric Powder|tsp Red Chili Powder|tsp Amchur (Dry Mango Powder)|tsp Sugar|tsp Salt"",4.5,20,250,""NA"",""NA"",""NA"",""NA"",""NA"",""NA"",""NA"",""NA"",8,""8 Cups Mix"",""**Ingredients:** 6 cups Cornflakes, 2 cups Potato Sticks, 0.75 cup Nuts, 1 cup Raisins, 3 tbsp Oil, 2 tsp Fennel Seeds, 15-20 Curry Leaves, 1 Green Chili, 0.5 tsp Turmeric Powder, 1.75 tsp Red Chili Powder, 1 tsp Amchur, 1 tsp Sugar, 1 tsp Salt. **Instructions:** 1. **Preparation:** Toast or ensure cornflakes/poha, potato sticks, and nuts are crunchy. 2. **Tempering:** Heat oil in a large pot. Add fennel seeds, curry leaves, and green chili. SautÃ© briefly. 3. **Spices:** Reduce heat to low. Quickly add turmeric, chili powder, amchur, sugar, and salt. Mix well (do not burn). 4. **Combine:** Immediately add the cornflakes, potato sticks, nuts, and raisins. Toss until evenly coated over low heat for 1-2 minutes. Cool completely before storing.""",
"45,""Shukto (Bengali Vegetable Stew)"",7004,""Bengali Cuisine"",PT40M,PT30M,PT1H 10M,2018-03-30,""A traditional Bengali vegetable stew, a mild and comforting dish with a slightly bitter taste from bitter gourd, eaten at the beginning of a Bengali meal."",""[Placeholder for Image URL]"",Side Dish|Curry|Bengali|Vegetarian,""Shukto|Bengali|Vegetable|Bitter Gourd|Stew"",1|1|1|1|1|1|1|1|1|1|1|1|1|1|1|1|1|1|1|1|1|0.5|2|1|1,""piece Bitter Gourd (Korola)|large Potato|Sweet Potato|Raw Papaya|Unripe Banana (Kachkola)|small Brinjal (Eggplant)|Drumsticks (Shojne Data)|tbsp Vegetable Oil (divided)|tsp Panch Phoron|Bay Leaves|tbsp Ginger Paste|tbsp Mustard Paste (Sorshe Bata)|tbsp Grated Coconut|cup Milk|tsp Radhuni Powder (Wild Celery Seed)|tsp Ghee|tbsp Rice Flour (Maida)|Salt to taste|Sugar to taste|cup Water|Dal'er Bori (Lentil Dumplings)"",4.3,15,250,""NA"",""NA"",""NA"",""NA"",""NA"",""NA"",""NA"",""NA"",4,""4 servings"",""**Ingredients:** Mixed veggies (Potato, Sweet Potato, Papaya, Drumstick, Bitter Gourd, Brinjal, etc.), Spices, Milk. **Instructions:** 1. **Prep Veggies:** Parboil harder veggies. Fry Bori, Bitter Gourd, Brinjal, and Unripe Banana. Set aside. 2. **Tempering:** Heat oil. Temper with bay leaves and panch phoron. Add ginger paste and mustard paste. Cook. 3. **Combine:** Add parboiled and fried veggies, bori, salt, and sugar. Add water (reserved from boiling). 4. **Finish:** Add fried brinjal/bitter gourd. Make a solution of milk and rice flour and pour it in. Simmer until cooked. Sprinkle with Radhuni powder and ghee.""",
"46,""Sevai (Rice Noodles/String Hoppers)"",6001,""South Indian/Tamil Cuisine"",PT10M,PT10M,PT20M,2016-08-16,""Thin rice noodles (vermicelli or string hoppers) made from rice flour dough, pressed through a mould, and typically seasoned or served with coconut milk/curry."",""[Placeholder for Image URL]"",Breakfast|Steamed|South Indian|Gluten-Free,""Sevai|Noodles|String Hoppers|Rice"",1|1.3|1|1,""cup Rice Flour|cups Hot Water|tsp Salt|tsp Oil (for greasing)"",4.7,28,250,""NA"",""NA"",""NA"",""NA"",""NA"",""NA"",""NA"",""NA"",4,""4 servings"",""**Ingredients:** 1 cup Rice Flour, 1.25-1.3 cups Hot Water, 0.25 tsp Salt, 2 tsp Oil. **Instructions (Basic Sevai from Scratch):** 1. **Roast/Boil:** Lightly roast rice flour. Boil water with salt. 2. **Make Dough:** Pour hot water into the flour. Knead the warm mixture into a smooth, soft dough. 3. **Press/Steam:** Place warm dough into a greased Sevai press. Press the noodles directly onto greased idli plates. Steam for 8-10 minutes. 4. **Serve:** Serve plain or season with a tempering.""",
"47,""Cheera Doi (Bengali Sweet Yogurt Dessert)"",7006,""Bengali Dessert"",PT5M,PT1H 0M,PT1H 5M,2025-03-12,""A refreshing, no-cook Bengali/Odia dessert or breakfast made by soaking flattened rice (chira/poha) in sweet yogurt (doi), often layered with fresh fruits and nuts."",""[Placeholder for Image URL]"",Dessert|Breakfast|Bengali|No-Cook,""Doi Chira|Poha|Yogurt|No-Cook|Sweet|Dessert"",1|2|0.5|0.25|0.5|0.25|1|1,""cups Flattened Rice (Chira/Poha)|cups Thick Yogurt (Doi)|cup Condensed Milk (optional)|cup Sugar/Honey|tsp Cardamom Powder|cup Chopped Nuts|Fruits (Banana, Mango, Pomegranate)|Pinch of Salt"",4.8,30,250,""NA"",""NA"",""NA"",""NA"",""NA"",""NA"",""NA"",""NA"",4,""4 servings"",""**Ingredients:** 1.5 cups Flattened Rice, 2 cups Thick Yogurt, 0.25 cup Sugar (or 0.5 cup Condensed Milk), 0.5 tsp Cardamom Powder, Chopped Nuts, Fresh Fruits. **Instructions:** 1. **Rinse Poha:** Rinse flattened rice quickly under cold water (do not soak). Drain well. 2. **Mix:** Whisk yogurt with sugar (or condensed milk) and salt. 3. **Combine:** Gently fold the rinsed chira and cardamom powder into the yogurt mixture. Add nuts and most fruits. 4. **Chill/Serve:** Chill for at least 1 hour before serving. Garnish with remaining fruits.""",
"48,""Til Pitha (Assamese Sticky Rice Roll)"",8001,""Traditional Assamese Bihu Snack"",PT15M,PT8H 0M,PT8H 15M,2020-01-16,""A traditional Assamese sweet snack made from a rice powder shell (usually sticky Bora rice) and filled with roasted black sesame seeds (til) and jaggery (gur)."",""[Placeholder for Image URL]"",Snack|Sweet|Assamese|Vegetarian,""Pitha|Til|Bihu|Sticky Rice|Jaggery"",2|150|100,""cups Sticky Rice Flour (Bora Saul)|grams Jaggery (Gur) or Date Palm Jaggery|grams Black Sesame Seeds (Til)"",4.6,18,250,""NA"",""NA"",""NA"",""NA"",""NA"",""NA"",""NA"",""NA"",8,""8-10 Pithas"",""**Ingredients:** 2 cups Sticky Rice Flour, 150g Jaggery (shaved), 100g Black Sesame Seeds. **Instructions:** 1. **Prep Rice:** Soak sticky rice overnight. Grind to a fine powder (should retain moisture). 2. **Make Filling:** Dry roast sesame seeds. Grind coarsely. Mix powder with jaggery shavings. 3. **Make Pitha:** Heat a wide tawa over low heat. Use a sieve to sprinkle rice flour in a thin, oval disk shape. 4. **Roll:** Place a line of the filling down the center. When the flour sets (a few seconds), fold and roll quickly into a cylinder. Serve warm.""",
"49,""Handwo (Gujarati Savory Cake)"",8002,""Gujarati Cuisine"",PT30M,PT4H 30M,PT5H 0M,2022-02-22,""A savory baked vegetable cake from Gujarat made from a fermented batter of mixed rice and lentils, flavored with spices, ginger, chillies, and bottle gourd (lauki)."",""[Placeholder for Image URL]"",Main Dish|Snack|Gujarati|Vegetarian,""Handvo|Cake|Savory|Fermented|Lentil"",1|0.25|0.25|0.04|0.02|0.5|0.75|0.75|1|1|0.5|1|1|1|1|1|1|1|1,""cup Rice|cup Chana Dal|cup Toor Dal|tbsp Urad Dal|tbsp Yellow Moong Dal|cup Plain Yogurt/Curd|cup Bottle Gourd (Lauki, grated)|cup Carrots (grated)|tbsp Ginger Paste|Green Chilies (chopped)|tsp Sugar (optional)|tsp Salt|tsp Turmeric|tsp Cumin Seeds|tsp Mustard Seeds|tsp Sesame Seeds (Til)|Curry Leaves|tsp Eno Fruit Salt (or Baking Soda)|tbsp Oil"",4.7,25,250,""NA"",""NA"",""NA"",""NA"",""NA"",""NA"",""NA"",""NA"",6,""6-8 slices"",""**Ingredients (Batter):** Rice, Mixed Dal (Soaked), Yogurt, Grated Lauki, Carrots, Ginger, Green Chillies, Spices, Eno. **Instructions:** 1. **Batter:** Soak rice and lentils (3-4 hours). Blend with yogurt and water into a thick batter. Ferment overnight (optional). 2. **Mix:** Add grated vegetables, ginger, chilies, and spices to the batter. Just before cooking, gently fold in Eno/Baking Soda. 3. **Cook:** Heat oil in a pan. Temper with mustard, cumin, and sesame seeds. Pour the batter over the tempering. Cover and cook on low heat until firm and golden brown on both sides. Serve with chutney.""",
"50,""Dahi Vada (Soft Lentil Fritters in Yogurt)"",11001,""North Indian Chaat"",PT45M,PT8H 15M,PT9H 0M,2025-03-09,""Soft, deep-fried lentil fritters (vadas) soaked in creamy, slightly sweetened yogurt and topped with spicy and sweet chutneys and spices."",""[Placeholder for Image URL]"",Snack|Chaat|North Indian|Vegetarian,""Dahi Vada|Lentil|Yogurt|Chaam"",0.75|3|2.5|1|1|1|1|1|1|1|1|1|1|1|1|1|1,""cup Urad Dal (husked/split black lentils)|tbsp Moong Dal (optional)|cups Curd (Yogurt, chilled)|tbsp Ginger Paste|tsp Green Chili Paste|tsp Cumin Seeds|tsp Salt (for batter)|cup Water (for soaking vada)|cup Tamarind Chutney|cup Mint Cilantro Chutney|tsp Roasted Cumin Powder (Garnish)|tsp Red Chili Powder (Garnish)|tsp Chaat Masala (Garnish)|tbsp Oil (for frying)"",4.8,45,250,""NA"",""NA"",""NA"",""NA"",""NA"",""NA"",""NA"",""NA"",4,""8-10 Vadas"",""**Ingredients (Vada):** Urad Dal (soaked), Ginger, Chili, Cumin, Salt, Oil for frying. **Ingredients (Assembly):** Yogurt, Sugar, Salt, Chutneys, Spices (Cumin, Chili, Chaat Masala). **Instructions:** 1. **Soak/Grind:** Soak Urad Dal. Grind to a thick, smooth, and fluffy batter. 2. **Whip/Fry:** Vigorously whip the batter. Add spices/herbs. Deep fry small portions on medium heat until golden. 3. **Soak:** Soak the hot vadas in warm water (or hot milk) for 15-20 minutes. Gently squeeze. 4. **Assemble:** Whisk yogurt with sugar/salt. Add the softened vadas. Chill. Garnish with chutneys and spices before serving.""",
"51,""Khar (Assamese Alkali Dish)"",8006,""Assamese Cuisine"",PT20M,PT10M,PT30M,2025-05-30,""A unique, traditional Assamese mild alkali dish (khar) prepared with vegetables (like raw papaya or cabbage) and pulses, using the alkaline water derived from the ashes of dried banana peels (kola khar)."",""[Placeholder for Image URL]"",Starter|Curry|Assamese|No-Cook,""Khar|Assamese|Alkali|Papaya|Cabbage"",1|2|2|1|1|1|1|1|1|1,""Raw Papaya (Amitar) or Cabbage Leaves|tbsp Mustard Oil (divided)|tsp Panch Phoron|Bay Leaf|Green Chillies (slit)|tsp Turmeric Powder|tsp Khar (Alkali water from banana ash)|tsp Ginger Paste|Salt to taste|cup Water"",4.5,10,250,""NA"",""NA"",""NA"",""NA"",""NA"",""NA"",""NA"",""NA"",4,""4 servings"",""**Ingredients:** Raw Papaya/Cabbage, 2 tbsp Mustard Oil, 1 tsp Panch Phoron, 1 Bay Leaf, 2 Green Chillies, 1 tsp Ginger Paste, 0.5 tsp Turmeric, 2 tsp Khar liquid, Salt. **Instructions:** 1. **Fry/Temper:** Heat mustard oil. Temper with panch phoron, bay leaf, and cumin seeds. Add ginger/chili. 2. **Cook Veggies:** Add chopped papaya/cabbage. SautÃ©. Add turmeric and salt. 3. **Simmer:** Add water, cover, and cook until vegetables are tender. 4. **Finish:** Add the **Khar liquid** and stir well. Simmer for a few more minutes until the dish has a thick consistency. Serve at the beginning of the meal with rice.""",
"52,""Red Rice (Tomato Pilaf/Arroz Rojo)"",11003,""Mexican/Southern US"",PT20M,PT15M,PT35M,2023-05-26,""A flavorful side dish that is long-grain rice cooked in a stock and tomato-based liquid (often puree or paste) for a characteristic red color and savory taste."",""[Placeholder for Image URL]"",Side Dish|Rice|Mexican|Savory,""Red Rice|Arroz Rojo|Pilaf|Tomato|Southern"",1|1.5|3|2|1|1|1|1|1|1|1,""cup Long-Grain White Rice|cup Tomato Puree/Sauce|cups Chicken/Vegetable Broth|tbsp Oil|tsp Onion (finely diced)|tsp Minced Garlic|tsp Cumin|tsp Smoked Paprika|tsp Salt|tsp Dried Parsley"",4.5,25,250,""NA"",""NA"",""NA"",""NA"",""NA"",""NA"",""NA"",""NA"",4,""4 servings"",""**Ingredients:** 1 cup White Rice, 1.5 cups Tomato Puree/Sauce, 3 cups Broth, 2 tbsp Oil, 1 tsp Diced Onion, 1 tsp Minced Garlic, 1 tsp Cumin, 1 tsp Smoked Paprika, Salt. **Instructions:** 1. **SautÃ© Aromatics:** Heat oil. Add onion and sautÃ© until softened. Add garlic. 2. **Toast Rice:** Add the rice and sautÃ© until golden brown (about 5 minutes). 3. **Combine/Simmer:** Add tomato puree/sauce, broth, and spices. Bring to a boil. Reduce heat to **low**, cover, and simmer for **15-20 minutes**. 4. **Rest & Fluff:** Remove from heat and let it sit, covered, for **10 minutes**. Fluff with a fork before serving.""",
"53,""Idiyappam (String Hoppers)"",11004,""South Indian/Sri Lankan"",PT10M,PT10M,PT20M,2025-09-29,""A South Indian delicacy of steamed rice noodle strings (hoppers) made from rice flour dough, pressed through a mould, and traditionally served with curry or sweetened coconut milk."",""[Placeholder for Image URL]"",Breakfast|Steamed|South Indian|Gluten-Free,""Idiyappam|Nool Puttu|String Hoppers|Rice Noodles"",1|1.3|1|1,""cup Rice Flour|cups Hot Water|tsp Salt|tsp Oil (for greasing)"",4.7,28,250,""NA"",""NA"",""NA"",""NA"",""NA"",""NA"",""NA"",""NA"",4,""4 servings"",""**Ingredients:** 1 cup Rice Flour, 1.25-1.3 cups Hot Water, 0.25 tsp Salt, 2 tsp Oil. **Instructions:** 1. **Roast Flour (Optional):** Lightly roast the rice flour. 2. **Make Dough:** Bring water and salt to a boil. Pour hot water into the rice flour. Knead the warm mixture into a **smooth, soft dough**. 3. **Press & Steam:** Place warm dough into a greased Idiyappam press. Press the noodle strings directly onto prepared plates. Steam for 8-10 minutes. 4. **Serve:** Serve hot with curry or sweetened coconut milk.""",
"54,""Mushroom Matar (Peas and Mushroom Curry)"",11005,""North Indian Cuisine"",PT20M,PT15M,PT35M,2025-07-29,""A flavorful North Indian semi-dry curry combining mushrooms and green peas in a rich, spiced gravy of sautÃ©ed onions, tomatoes, ginger, and garlic."",""[Placeholder for Image URL]"",Main Dish|Curry|North Indian|Vegetarian,""Mushroom|Matar|Peas|Curry|Semi-Dry"",200|0.75|2|1.5|1.5|1|1|1|1|1|1|1|0.5|1,""grams Button Mushrooms (sliced)|cup Green Peas (fresh or frozen)|tbsp Oil|tsp Ginger Garlic Paste|cup Chopped Onion|cups Chopped Tomato|tsp Turmeric Powder|tsp Red Chili Powder|tsp Coriander Powder|tsp Garam Masala|cup Water|tsp Salt|tbsp Chopped Coriander"",4.7,33,250,""NA"",""NA"",""NA"",""NA"",""NA"",""NA"",""NA"",""NA"",4,""4 servings"",""**Ingredients:** 200g Mushrooms, 0.75 cup Green Peas, 2 tbsp Oil, 1.5 tsp Ginger Garlic Paste, 1 cup Onion, 1 cup Tomato, Spices, 1 cup Water, Salt. **Instructions:** 1. **SautÃ© Aromatics:** Heat oil. Add cumin seeds. SautÃ© onion, then ginger garlic paste. 2. **Cook Masala Base:** Add tomatoes, turmeric, chili powder, and coriander powder. SautÃ© until the oil separates. 3. **Add Veggies:** Add the sliced mushrooms and green peas. SautÃ© for 2-3 minutes. 4. **Simmer:** Add water and salt. Cover and cook for 10-12 minutes. 5. **Finish:** Add garam masala and lemon juice (if desired). Garnish with chopped coriander leaves.""",
"55,""Puri Bhaji (Fried Bread with Potato Curry)"",11006,""Maharashtrian/North Indian"",PT20M,PT45M,PT1H 5M,2025-07-03,""A popular Indian meal featuring hot, puffed, deep-fried whole wheat bread (puri) served with a mildly spiced, dry or semi-dry potato curry (bhaji or sabji)."",""[Placeholder for Image URL]"",Main Dish|Breakfast|Indian|Vegetarian,""Puri|Bhaji|Potato Curry|Fried Bread"",1.5|0.25|2|4|1|1|1|1|1|1|1|1|1|1|0.5|1|1|1,""cups Whole Wheat Flour (for Puri)|cup Semolina (Suji, for Puri)|tbsp Oil (for Puri dough)|medium Potatoes (boiled/cubed, for Bhaji)|tbsp Oil (for Bhaji)|tsp Mustard Seeds|tsp Cumin Seeds|tsp Urad Dal (optional)|tsp Ginger (chopped)|Green Chilies (chopped)|sprig Curry Leaves|cup Chopped Onion|tsp Turmeric Powder|tsp Amchur (Dry Mango Powder)|cup Water (for Bhaji)|tsp Salt|Oil for deep frying"",4.6,35,250,""NA"",""NA"",""NA"",""NA"",""NA"",""NA"",""NA"",""NA"",4,""12 Puris & 4 servings Bhaji"",""**Instructions (Bhaji):** 1. **Boil/Prep Potatoes:** Boil, peel, and cube potatoes. 2. **Tempering:** Heat oil. Add mustard seeds, cumin seeds, and urad dal. Once spluttered, add curry leaves, ginger, and green chillies. 3. **SautÃ© Aromatics:** Add chopped onion and sautÃ© until soft. 4. **Cook Bhaji:** Add cubed potatoes, turmeric powder, amchur, and salt. Stir well. Add 0.5 cup water. Cover and simmer for 5-6 minutes. 5. **Instructions (Puri):** Knead a stiff dough with flour, semolina, oil, salt, and water. Rest for 30 minutes. 6. **Fry:** Roll small balls into thin circles. Deep fry in hot oil until they puff up. Serve immediately with hot Bhaji.""",
"56,""Chicken Varuval (Dry Chicken Fry)"",9003,""Tamil Nadu Cuisine"",PT25M,PT10M,PT35M,2024-06-15,""A spicy, dry Chettinad-style chicken curry/fry made with bone-in or boneless chicken, fresh ground spices, black pepper, and curry leaves."",""[Placeholder for Image URL]"",Main Dish|Non-Vegetarian|South Indian,""Chicken|Varuval|Chettinad|Spicy|Dry Fry"",800|2|5|2|180|5|1|1|1|1|1|1|1|1,""grams Chicken (on the bone/boneless)|tbsp Vegetable Oil|Green Cardamom Pods|tsp Fennel Seeds (coarsely crushed)|grams Onion (thinly sliced)|cloves Garlic (finely chopped)|Green Chili (slit)|small Tomato (sliced)|tbsp Madras Curry Paste (or 1 tsp Chili Powder/1 tbsp Coriander Powder)|Curry Leaves (divided)|tsp Black Pepper (coarsely crushed)|tbsp Lemon Juice|Coriander for garnish|Salt to taste|tsp Turmeric"",4.6,18,250,""NA"",""NA"",""NA"",""NA"",""NA"",""NA"",""NA"",""NA"",4,""4 servings"",""**Ingredients:** 800g Chicken, 2 tbsp Oil, Spices, Onion, Garlic, Tomato, Curry Leaves, Black Pepper, Lemon Juice. **Instructions:** 1. **SautÃ©:** Heat oil. Sizzle cardamom and crushed fennel. Add onion and fry until soft. Add garlic, chili, tomato, and curry paste. 2. **Add Chicken:** Add chicken and sear for 5 minutes. Season, cover, and simmer for 15 minutes. 3. **Dry Fry:** Uncover and fry for 10 minutes until the gravy thickens and coats the chicken completely. 4. **Final Season:** Add crushed black pepper and lemon juice. Garnish and serve.""",
"57,""Petha (Ash Gourd Candy)"",9004,""North Indian Dessert"",PT66M,PT24H 20M,PT25H 6M,2018-04-18,""A translucent soft candy originating from Agra, made by cooking chunks of ash gourd (winter melon) in a heavy sugar syrup, often flavored with cardamom or kewra essence."",""[Placeholder for Image URL]"",Dessert|Sweet|North Indian,""Petha|Agra|Ash Gourd|Sweet|Mithai"",4|1|2|3|1.5|0.25|1|1,""cups Ash Gourd (cubes 1.5""""-2"""")|tsp Slaked Lime (Chuna)|tsp Powdered Alum (Phitkari)|cups Sugar|cups Water|tsp Kewra Essence|Powdered Sugar for rolling|Soaking water"",4.5,30,250,""NA"",""NA"",""NA"",""NA"",""NA"",""NA"",""NA"",""NA"",30,""30 pieces"",""**Ingredients:** Ash Gourd, Slaked Lime, Powdered Alum, Sugar, Water, Kewra Essence, Powdered Sugar. **Instructions:** 1. **Lime Soak:** Prick gourd cubes. Soak in slaked lime solution overnight. 2. **Rinse & Boil:** Rinse thoroughly. Boil with alum mixture for 10 minutes. Rinse again. 3. **Sugar Soak (4 Days):** Make sugar syrup. Add petha, cook 5 min. Let rest for 24 hours. Repeat reheating syrup and resting for 3-4 days until translucent. 4. **Finish:** Strain. Reheat syrup until thick. Add kewra essence. Roll cubes in powdered sugar. Let dry overnight.""",
"58,""Kulfi Falooda"",9006,""Indian Dessert"",PT15M,PT40M,PT55M,2024-06-15,""A rich, cooling Indian dessert layered with Kulfi (traditional Indian ice cream), soft Falooda vermicelli, sweet basil seeds (sabja), and flavored generously with rose syrup."",""[Placeholder for Image URL]"",Dessert|Sweet|Indian|No-Bake,""Kulfi|Falooda|Rose Syrup|Summer|Dessert"",1|0.5|1|2|8|8,""piece Kulfi (ready-made or homemade)|cup Falooda Sev (vermicelli)|tsp Rose Syrup|tsp Sabja Seeds (Basil Seeds)|tsp Chopped Almonds/Pistachios|Cherries/Candied Fruit (for garnish)|Milk (optional)"",4.8,45,250,""NA"",""NA"",""NA"",""NA"",""NA"",""NA"",""NA"",""NA"",4,""4 servings"",""**Ingredients:** Kulfi, 0.5 cup Falooda Sev (uncooked), 2 tsp Rose Syrup, 1 tsp Sabja Seeds, 2 tsp Chopped Nuts, Cherries. **Instructions:** 1. **Prep:** Soak sabja seeds (1 tsp in 0.5 cup water). Cook falooda sev. Chill all components. 2. **Assemble:** Layer a glass with sabja seeds, rose syrup, falooda sev, and kulfi pieces. 3. **Garnish & Serve:** Drizzle more rose syrup. Garnish with chopped nuts and cherries. Serve immediately.""",
"59,""Lauki ke Kofte (Bottle Gourd Dumplings in Curry)"",12001,""North Indian Cuisine"",PT30M,PT25M,PT55M,2025-04-29,""Soft, deep-fried dumplings (koftas) made from grated bottle gourd (lauki) and gram flour, simmered in a rich, spicy, onion-tomato gravy."",""[Placeholder for Image URL]"",Main Dish|Curry|North Indian|Vegetarian,""Lauki|Kofte|Dumplings|Curry|Bottle Gourd"",500|0.25|1|1|1|1|1|1|1|1|1|1|1|1|1|1,""grams Bottle Gourd (grated)|cup Gram Flour (Besan)|tsp Ginger Garlic Green Chili Paste|tsp Red Chili Powder|tsp Coriander Powder|tsp Turmeric Powder|tsp Garam Masala|tsp Salt|Oil for deep frying|medium Onion (chopped)|medium Tomatoes (pureed)|cup Water|tsp Kasuri Methi|tbsp Cream (optional)"",4.6,20,250,""NA"",""NA"",""NA"",""NA"",""NA"",""NA"",""NA"",""NA"",4,""4 servings"",""**Ingredients (Kofte):** 500g Lauki (grated), 0.25 cup Besan, 1 tsp Ginger-Chili Paste, Spices, Salt, Oil for frying. **Ingredients (Gravy):** Onion, Tomato, Ginger-Garlic Paste, Spices, Water, Cream. **Instructions:** 1. **Kofte:** Grate lauki. Add salt and let sit. Squeeze out all moisture (reserve liquid). Mix grated lauki with besan and kofta spices. Form small balls. Deep fry until golden brown. 2. **Gravy:** SautÃ© onion until golden. Add ginger-garlic paste and sautÃ©. Add tomato puree and powdered spices. Cook until oil separates. 3. **Simmer:** Add reserved lauki liquid and water. Bring to a boil. Add kasuri methi and garam masala. 4. **Serve:** Add fried kofte just before serving (they absorb gravy quickly). Serve hot with chapati/rice, garnished with cream.""",












































